class,feature_name,raw_feature_name,feature_type,mean_abs_shap
ham,phone_count,numeric__phone_count,structured,1.19346254808076
ham,PHONE,numeric__PHONE,structured,1.0397605007258535
ham,URL,numeric__URL,structured,0.6799184507292166
ham,urltoken,tfidf__urltoken,tfidf,0.10892000729873931
ham,url_count,numeric__url_count,structured,0.10873659493430812
ham,txt,tfidf__txt,tfidf,0.06177783126139657
ham,mobile,tfidf__mobile,tfidf,0.04526200085620164
ham,embody,tfidf__embody,tfidf,0.04393640618348087
ham,text,tfidf__text,tfidf,0.041738680029358745
ham,ok,tfidf__ok,tfidf,0.041294207598775806
ham,free,tfidf__free,tfidf,0.03782573869465036
ham,stop,tfidf__stop,tfidf,0.03584302727991903
ham,claim,tfidf__claim,tfidf,0.03295473109381763
ham,EMAIL,numeric__EMAIL,structured,0.03282886622057326
ham,email_count,numeric__email_count,structured,0.03282886622057326
ham,i'm,tfidf__i'm,tfidf,0.032373894462152955
ham,reply,tfidf__reply,tfidf,0.029278261715497036
ham,exist,tfidf__exist,tfidf,0.0272033435072409
ham,ingest,tfidf__ingest,tfidf,0.026999518428489785
ham,know,tfidf__know,tfidf,0.0263869307715175
ham,good,tfidf__good,tfidf,0.02477434774233264
ham,nokia,tfidf__nokia,tfidf,0.02476026003869119
ham,ringtone,tfidf__ringtone,tfidf,0.0244833120969123
ham,msg,tfidf__msg,tfidf,0.019469552300511474
ham,going,tfidf__going,tfidf,0.01894249059405882
ham,tones,tfidf__tones,tfidf,0.018408826354081004
ham,like,tfidf__like,tfidf,0.01689588985157599
ham,new,tfidf__new,tfidf,0.016594765706867902
ham,just,tfidf__just,tfidf,0.016181645770172275
ham,150p,tfidf__150p,tfidf,0.016117560377231433
ham,tone,tfidf__tone,tfidf,0.01610049290541946
ham,live,tfidf__live,tfidf,0.015575894189923788
ham,think,tfidf__think,tfidf,0.015036843987617976
ham,experience,tfidf__experience,tfidf,0.014920730503057216
ham,latest,tfidf__latest,tfidf,0.01448811314448948
ham,i'll,tfidf__i'll,tfidf,0.01418027703221252
ham,service,tfidf__service,tfidf,0.014024939970299934
ham,18,tfidf__18,tfidf,0.01386769225119417
ham,prize,tfidf__prize,tfidf,0.013730237280396731
ham,hope,tfidf__hope,tfidf,0.013705718989759164
ham,message,tfidf__message,tfidf,0.013505729094671723
ham,500,tfidf__500,tfidf,0.013313743875537562
ham,time,tfidf__time,tfidf,0.012886462005369043
ham,cash,tfidf__cash,tfidf,0.012405927012765456
ham,freemsg,tfidf__freemsg,tfidf,0.012315285574878484
ham,need,tfidf__need,tfidf,0.01201478376879144
ham,come,tfidf__come,tfidf,0.011995055152698457
ham,care,tfidf__care,tfidf,0.011492986796655868
ham,love,tfidf__love,tfidf,0.011172088481351306
ham,bring,tfidf__bring,tfidf,0.01101704706913955
ham,50,tfidf__50,tfidf,0.01023467851486502
ham,win,tfidf__win,tfidf,0.010111069846561982
ham,oh,tfidf__oh,tfidf,0.01004438239765572
ham,help,tfidf__help,tfidf,0.0099463542527065
ham,000,tfidf__000,tfidf,0.009387058807371073
ham,did,tfidf__did,tfidf,0.009289607605841507
ham,games,tfidf__games,tfidf,0.009126023876233765
ham,16,tfidf__16,tfidf,0.008498728824617965
ham,home,tfidf__home,tfidf,0.008296785672990088
ham,opt,tfidf__opt,tfidf,0.008273006622552547
ham,won,tfidf__won,tfidf,0.008196134308144733
ham,happy,tfidf__happy,tfidf,0.008025977948651244
ham,discount,tfidf__discount,tfidf,0.007701958212543983
ham,that's,tfidf__that's,tfidf,0.007584891405685674
ham,1st,tfidf__1st,tfidf,0.007563462045555886
ham,news,tfidf__news,tfidf,0.007522707304129547
ham,customer,tfidf__customer,tfidf,0.007490314405333499
ham,1000,tfidf__1000,tfidf,0.007431911166006551
ham,sorry,tfidf__sorry,tfidf,0.007417951414990226
ham,want,tfidf__want,tfidf,0.007410354459396246
ham,receive,tfidf__receive,tfidf,0.0072993735924808826
ham,content,tfidf__content,tfidf,0.0072883133439545136
ham,dear,tfidf__dear,tfidf,0.007165832249002517
ham,dont,tfidf__dont,tfidf,0.007122450500162111
ham,got,tfidf__got,tfidf,0.007071318979610052
ham,month,tfidf__month,tfidf,0.007036963448807251
ham,video,tfidf__video,tfidf,0.006890976649618831
ham,thanx,tfidf__thanx,tfidf,0.006853718447474881
ham,100,tfidf__100,tfidf,0.006816397364859029
ham,congratulations,tfidf__congratulations,tfidf,0.00673558306357618
ham,bid,tfidf__bid,tfidf,0.006533678578962524
ham,lor,tfidf__lor,tfidf,0.006506821552172149
ham,leave,tfidf__leave,tfidf,0.006465410211049242
ham,tonight,tfidf__tonight,tfidf,0.00643063887502941
ham,brother,tfidf__brother,tfidf,0.006322948471210736
ham,unsubscribe,tfidf__unsubscribe,tfidf,0.006295844819365986
ham,phone,tfidf__phone,tfidf,0.006289415726076646
ham,ur,tfidf__ur,tfidf,0.00617627317883643
ham,advance,tfidf__advance,tfidf,0.006153446665420547
ham,pics,tfidf__pics,tfidf,0.006137423870235237
ham,yeah,tfidf__yeah,tfidf,0.006018675714261648
ham,operator,tfidf__operator,tfidf,0.0060053633214760945
ham,answer,tfidf__answer,tfidf,0.0059949666320939015
ham,right,tfidf__right,tfidf,0.005614912779550774
ham,way,tfidf__way,tfidf,0.005598093539482095
ham,let,tfidf__let,tfidf,0.005558816278428975
ham,speak live,tfidf__speak live,tfidf,0.005550687031047624
ham,day,tfidf__day,tfidf,0.005491648654540061
ham,live operator,tfidf__live operator,tfidf,0.005438419699155611
ham,tell,tfidf__tell,tfidf,0.005382024520174494
ham,prize claim,tfidf__prize claim,tfidf,0.005267278983853111
ham,you're,tfidf__you're,tfidf,0.005189298256932159
ham,sky,tfidf__sky,tfidf,0.005151024683403316
ham,don't,tfidf__don't,tfidf,0.005089125509787057
ham,morning,tfidf__morning,tfidf,0.005033146708201602
ham,suffice,tfidf__suffice,tfidf,0.0049850136400277694
ham,winner,tfidf__winner,tfidf,0.00493802905516679
ham,evening,tfidf__evening,tfidf,0.004936921000799948
ham,heart,tfidf__heart,tfidf,0.0048183092077942495
ham,auction,tfidf__auction,tfidf,0.004799404932365222
ham,apple,tfidf__apple,tfidf,0.004644482345496229
ham,750,tfidf__750,tfidf,0.004616314737829262
ham,latest news,tfidf__latest news,tfidf,0.004543710365499383
ham,emailtoken,tfidf__emailtoken,tfidf,0.004451628876377194
ham,wish,tfidf__wish,tfidf,0.004450732364293982
ham,trying,tfidf__trying,tfidf,0.004446147898296668
ham,texts,tfidf__texts,tfidf,0.004428327278054751
ham,hi,tfidf__hi,tfidf,0.0043961602338302265
ham,nite,tfidf__nite,tfidf,0.004391050396342941
ham,okie,tfidf__okie,tfidf,0.004389044975818003
ham,princess,tfidf__princess,tfidf,0.004355561911234176
ham,word,tfidf__word,tfidf,0.004354956215676053
ham,order,tfidf__order,tfidf,0.004348584977971443
ham,cs,tfidf__cs,tfidf,0.004300314336688326
ham,make,tfidf__make,tfidf,0.004294765869327668
ham,flights,tfidf__flights,tfidf,0.004286506383285958
ham,ask,tfidf__ask,tfidf,0.004276471499224977
ham,info,tfidf__info,tfidf,0.004275306142663197
ham,draw,tfidf__draw,tfidf,0.0042543756156813856
ham,vouchers,tfidf__vouchers,tfidf,0.00422625998701553
ham,apply,tfidf__apply,tfidf,0.004190485033530165
ham,people,tfidf__people,tfidf,0.004168792441012913
ham,food,tfidf__food,tfidf,0.004120615471248634
ham,girls,tfidf__girls,tfidf,0.004055806236743692
ham,services,tfidf__services,tfidf,0.00398259803467528
ham,life,tfidf__life,tfidf,0.003951645133758967
ham,300,tfidf__300,tfidf,0.003950854822913831
ham,08700621170150p,tfidf__08700621170150p,tfidf,0.0039413899949821765
ham,08700621170150p msg,tfidf__08700621170150p msg,tfidf,0.0039413899949821765
ham,netcollex,tfidf__netcollex,tfidf,0.0039413899949821765
ham,netcollex 08700621170150p,tfidf__netcollex 08700621170150p,tfidf,0.0039413899949821765
ham,specially,tfidf__specially,tfidf,0.0038607600629158123
ham,gift,tfidf__gift,tfidf,0.0038539022682922996
ham,link,tfidf__link,tfidf,0.0038272459010279944
ham,work,tfidf__work,tfidf,0.0037918034466362122
ham,activate,tfidf__activate,tfidf,0.0037766753379953923
ham,sms,tfidf__sms,tfidf,0.0036694030037251924
ham,haha,tfidf__haha,tfidf,0.0036688508924035248
ham,plan,tfidf__plan,tfidf,0.00362696430225157
ham,meant,tfidf__meant,tfidf,0.0036267247136419715
ham,worry,tfidf__worry,tfidf,0.003613009183645876
ham,sure,tfidf__sure,tfidf,0.003595604240820104
ham,god,tfidf__god,tfidf,0.0035906057510518754
ham,aight,tfidf__aight,tfidf,0.0035808468792566227
ham,night,tfidf__night,tfidf,0.003569824306666301
ham,feel,tfidf__feel,tfidf,0.0035535539366234503
ham,update,tfidf__update,tfidf,0.003526244642199692
ham,txt stop,tfidf__txt stop,tfidf,0.0034827438881270168
ham,ya,tfidf__ya,tfidf,0.0034684674503714062
ham,weekly,tfidf__weekly,tfidf,0.0034609048872498408
ham,til,tfidf__til,tfidf,0.0034370250923918383
ham,real,tfidf__real,tfidf,0.003407264826191484
ham,can't,tfidf__can't,tfidf,0.003394511066784961
ham,private,tfidf__private,tfidf,0.0033426229597376318
ham,really,tfidf__really,tfidf,0.003327895889412977
ham,wat,tfidf__wat,tfidf,0.0033210708854627476
ham,play,tfidf__play,tfidf,0.0032754714068575666
ham,86688,tfidf__86688,tfidf,0.003275341990298643
ham,00,tfidf__00,tfidf,0.0031933326593614423
ham,secure,tfidf__secure,tfidf,0.003185162084270612
ham,operator claim,tfidf__operator claim,tfidf,0.0031267119836566534
ham,station,tfidf__station,tfidf,0.003122907833162062
ham,sex,tfidf__sex,tfidf,0.0031225987158180774
ham,road,tfidf__road,tfidf,0.0031081176402269982
ham,pound,tfidf__pound,tfidf,0.003100699953107694
ham,missing,tfidf__missing,tfidf,0.0030398423416295698
ham,statement,tfidf__statement,tfidf,0.003026795715248306
ham,mob,tfidf__mob,tfidf,0.0030007515522673684
ham,cost,tfidf__cost,tfidf,0.0029915470548907007
ham,hey,tfidf__hey,tfidf,0.002966714185928215
ham,lol,tfidf__lol,tfidf,0.002942062374276761
ham,comin,tfidf__comin,tfidf,0.0029192601053269524
ham,game,tfidf__game,tfidf,0.002903756928664916
ham,having,tfidf__having,tfidf,0.0029011850600939677
ham,10p,tfidf__10p,tfidf,0.002900633679121564
ham,years,tfidf__years,tfidf,0.002899464672719521
ham,guess,tfidf__guess,tfidf,0.002885065767884848
ham,ladies,tfidf__ladies,tfidf,0.0028816347980661332
ham,worth,tfidf__worth,tfidf,0.0028712134992361672
ham,account statement,tfidf__account statement,tfidf,0.0028370171596752113
ham,send stop,tfidf__send stop,tfidf,0.0028352710346655637
ham,valid,tfidf__valid,tfidf,0.0028265369127116347
ham,thanks,tfidf__thanks,tfidf,0.002821814422975689
ham,network,tfidf__network,tfidf,0.0028187577595121627
ham,poly,tfidf__poly,tfidf,0.002814308050602772
ham,sexy,tfidf__sexy,tfidf,0.0028018917192725655
ham,probably,tfidf__probably,tfidf,0.0027930278835628375
ham,account,tfidf__account,tfidf,0.002773800275484089
ham,actually,tfidf__actually,tfidf,0.002766384460950914
ham,camera,tfidf__camera,tfidf,0.002755471799161384
ham,said,tfidf__said,tfidf,0.002748528758655152
ham,http,tfidf__http,tfidf,0.0027309879472903
ham,1000 cash,tfidf__1000 cash,tfidf,0.0026991872979370214
ham,possess,tfidf__possess,tfidf,0.0026800931481605235
ham,house,tfidf__house,tfidf,0.002675119909310671
ham,say,tfidf__say,tfidf,0.0026669613575827666
ham,looking,tfidf__looking,tfidf,0.0026661927034958713
ham,wait,tfidf__wait,tfidf,0.002653255574841008
ham,week just,tfidf__week just,tfidf,0.0026429543799936306
ham,great,tfidf__great,tfidf,0.0026416937658748168
ham,final,tfidf__final,tfidf,0.0026324679166812148
ham,click,tfidf__click,tfidf,0.002603302635920316
ham,rate,tfidf__rate,tfidf,0.0026014253426020137
ham,thats,tfidf__thats,tfidf,0.0025970572640237814
ham,free ringtone,tfidf__free ringtone,tfidf,0.002530451554155064
ham,finish,tfidf__finish,tfidf,0.002527756622626687
ham,10,tfidf__10,tfidf,0.002519032284660769
ham,today,tfidf__today,tfidf,0.0024873136456446654
ham,date,tfidf__date,tfidf,0.0024713634335089773
ham,important,tfidf__important,tfidf,0.002467659908898396
ham,tomorrow,tfidf__tomorrow,tfidf,0.0024592505589555204
ham,freemsg today's,tfidf__freemsg today's,tfidf,0.002433919540120922
ham,fun games,tfidf__fun games,tfidf,0.002433919540120922
ham,games netcollex,tfidf__games netcollex,tfidf,0.002433919540120922
ham,ready i'm,tfidf__ready i'm,tfidf,0.002433919540120922
ham,sex fun,tfidf__sex fun,tfidf,0.002433919540120922
ham,today's day,tfidf__today's day,tfidf,0.002433919540120922
ham,rs,tfidf__rs,tfidf,0.0024320506424029527
ham,pay,tfidf__pay,tfidf,0.002418595852591275
ham,shortly,tfidf__shortly,tfidf,0.0024149964592261883
ham,soon,tfidf__soon,tfidf,0.002372202530192586
ham,yes,tfidf__yes,tfidf,0.002371950074796189
ham,mp3,tfidf__mp3,tfidf,0.002361956759793189
ham,survive,tfidf__survive,tfidf,0.002359931663759558
ham,meet,tfidf__meet,tfidf,0.0023389184097019496
ham,pick,tfidf__pick,tfidf,0.0023283662219872876
ham,cash 000,tfidf__cash 000,tfidf,0.0023243045655621207
ham,mins,tfidf__mins,tfidf,0.002311725492043784
ham,250,tfidf__250,tfidf,0.002311683552968184
ham,music,tfidf__music,tfidf,0.002275887310913923
ham,150p msg,tfidf__150p msg,tfidf,0.002261817849071158
ham,xxx,tfidf__xxx,tfidf,0.0022493192266492476
ham,week,tfidf__week,tfidf,0.0022437532694955875
ham,speak,tfidf__speak,tfidf,0.002219026907184688
ham,big,tfidf__big,tfidf,0.0021965612603483337
ham,world,tfidf__world,tfidf,0.0021403602765499353
ham,book,tfidf__book,tfidf,0.002140057575324919
ham,chance,tfidf__chance,tfidf,0.002137534996350154
ham,went,tfidf__went,tfidf,0.0021342935056970136
ham,let know,tfidf__let know,tfidf,0.0021281093799368116
ham,wkly,tfidf__wkly,tfidf,0.002128006644230668
ham,quiz,tfidf__quiz,tfidf,0.002126564659639828
ham,dating,tfidf__dating,tfidf,0.002119886496961743
ham,25,tfidf__25,tfidf,0.002081655279558733
ham,club,tfidf__club,tfidf,0.0020799164810424214
ham,makes,tfidf__makes,tfidf,0.002054570814556929
ham,saying,tfidf__saying,tfidf,0.0020333578551640545
ham,min 18,tfidf__min 18,tfidf,0.00203072214952649
ham,doin,tfidf__doin,tfidf,0.0020108324610237645
ham,told,tfidf__told,tfidf,0.0019992813050018414
ham,pls,tfidf__pls,tfidf,0.0019985071112783126
ham,we're,tfidf__we're,tfidf,0.00198964932429439
ham,place,tfidf__place,tfidf,0.001986311280707787
ham,match,tfidf__match,tfidf,0.001977342381959045
ham,text stop,tfidf__text stop,tfidf,0.0019762101626841365
ham,receive 1000,tfidf__receive 1000,tfidf,0.001965073407107706
ham,chat,tfidf__chat,tfidf,0.0019482874450564998
ham,team,tfidf__team,tfidf,0.0019451350280442843
ham,entry,tfidf__entry,tfidf,0.0019348971549592697
ham,family,tfidf__family,tfidf,0.0019348554541887266
ham,offer,tfidf__offer,tfidf,0.0019301174093179394
ham,email emailtoken,tfidf__email emailtoken,tfidf,0.0019253452571874382
ham,guaranteed,tfidf__guaranteed,tfidf,0.0019154596965404792
ham,car,tfidf__car,tfidf,0.0019003375004121711
ham,customer service,tfidf__customer service,tfidf,0.0019001171937834717
ham,100 weekly,tfidf__100 weekly,tfidf,0.0018655319225268838
ham,claim ur,tfidf__claim ur,tfidf,0.001849127610505811
ham,search,tfidf__search,tfidf,0.001837427332144543
ham,office,tfidf__office,tfidf,0.0018369949106521908
ham,000 prize,tfidf__000 prize,tfidf,0.0018364574422929415
ham,ur mobile,tfidf__ur mobile,tfidf,0.001820395794153515
ham,mean,tfidf__mean,tfidf,0.0017762575017187874
ham,calls,tfidf__calls,tfidf,0.0017717624149767924
ham,check,tfidf__check,tfidf,0.0017612142829201796
ham,uk,tfidf__uk,tfidf,0.0017573461297171482
ham,2003,tfidf__2003,tfidf,0.0017556451558493479
ham,2003 account,tfidf__2003 account,tfidf,0.0017556451558493479
ham,private 2003,tfidf__private 2003,tfidf,0.0017556451558493479
ham,watching,tfidf__watching,tfidf,0.0017547538472341682
ham,lets,tfidf__lets,tfidf,0.001743820144642219
ham,000 cash,tfidf__000 cash,tfidf,0.001742666499086079
ham,horny,tfidf__horny,tfidf,0.0017410697867967803
ham,2000,tfidf__2000,tfidf,0.0017316319040860464
ham,wot,tfidf__wot,tfidf,0.0017279570010884108
ham,course,tfidf__course,tfidf,0.0017201011632463983
ham,called,tfidf__called,tfidf,0.0017162555400398257
ham,block,tfidf__block,tfidf,0.0017121357321993288
ham,filthy,tfidf__filthy,tfidf,0.0017071077192890517
ham,problem,tfidf__problem,tfidf,0.0016872515017361915
ham,tot,tfidf__tot,tfidf,0.0016866246917123847
ham,end,tfidf__end,tfidf,0.0016815707046534919
ham,offering,tfidf__offering,tfidf,0.0016800434102901484
ham,offering tones,tfidf__offering tones,tfidf,0.0016800434102901484
ham,pound offering,tfidf__pound offering,tfidf,0.0016800434102901484
ham,lot,tfidf__lot,tfidf,0.0016728288723299159
ham,replying,tfidf__replying,tfidf,0.0016578095292303571
ham,national,tfidf__national,tfidf,0.001657670026930647
ham,friendship,tfidf__friendship,tfidf,0.0016525222232289356
ham,collect,tfidf__collect,tfidf,0.001652082772953336
ham,information,tfidf__information,tfidf,0.0016326828808252225
ham,today text,tfidf__today text,tfidf,0.0016299310314959593
ham,vouchers today,tfidf__vouchers today,tfidf,0.0016299310314959593
ham,wan,tfidf__wan,tfidf,0.0016268950957407239
ham,good luck,tfidf__good luck,tfidf,0.001619841581275807
ham,fun,tfidf__fun,tfidf,0.0016094386159072396
ham,card,tfidf__card,tfidf,0.0015887481804119465
ham,constitute,tfidf__constitute,tfidf,0.00158367509674477
ham,selected receive,tfidf__selected receive,tfidf,0.0015816324098336333
ham,near,tfidf__near,tfidf,0.0015781450796029679
ham,police,tfidf__police,tfidf,0.0015744086244182608
ham,store,tfidf__store,tfidf,0.001573363972271697
ham,send,tfidf__send,tfidf,0.0015727532633598516
ham,800,tfidf__800,tfidf,0.0015714515618806056
ham,man,tfidf__man,tfidf,0.001563605109764723
ham,welcome,tfidf__welcome,tfidf,0.0015402316181924072
ham,chance claim,tfidf__chance claim,tfidf,0.0015363280348090723
ham,400,tfidf__400,tfidf,0.0015327852852175096
ham,money,tfidf__money,tfidf,0.001520054192183189
ham,easy,tfidf__easy,tfidf,0.0015187642128853512
ham,special,tfidf__special,tfidf,0.0015178201794974284
ham,comes,tfidf__comes,tfidf,0.0014992325725038612
ham,da,tfidf__da,tfidf,0.0014982460571788085
ham,just txt,tfidf__just txt,tfidf,0.001479181885845101
ham,tone ur,tfidf__tone ur,tfidf,0.001479181885845101
ham,dial,tfidf__dial,tfidf,0.0014785686616961087
ham,download,tfidf__download,tfidf,0.0014744745242371428
ham,200,tfidf__200,tfidf,0.0014679693709182319
ham,best,tfidf__best,tfidf,0.001463441977279094
ham,attempt,tfidf__attempt,tfidf,0.0014460223039682617
ham,land,tfidf__land,tfidf,0.0014362161892681553
ham,click urltoken,tfidf__click urltoken,tfidf,0.0014361038563394336
ham,videos,tfidf__videos,tfidf,0.0014256816729160547
ham,flights speak,tfidf__flights speak,tfidf,0.0014218698893434898
ham,holiday flights,tfidf__holiday flights,tfidf,0.0014218698893434898
ham,tmr,tfidf__tmr,tfidf,0.001415972502041031
ham,85023,tfidf__85023,tfidf,0.0014134875726610277
ham,discount vouchers,tfidf__discount vouchers,tfidf,0.0014134875726610277
ham,worth discount,tfidf__worth discount,tfidf,0.0014134875726610277
ham,text yes,tfidf__text yes,tfidf,0.0014086999589344726
ham,phonetoken,tfidf__phonetoken,tfidf,0.0014067020283923797
ham,today's,tfidf__today's,tfidf,0.0013964683644026358
ham,charged,tfidf__charged,tfidf,0.0013938773846293559
ham,reply real,tfidf__reply real,tfidf,0.0013929271477685177
ham,row,tfidf__row,tfidf,0.0013897533365499633
ham,weekend,tfidf__weekend,tfidf,0.0013894145390936198
ham,coming,tfidf__coming,tfidf,0.001375752945951125
ham,announcement,tfidf__announcement,tfidf,0.0013756577042383464
ham,service announcement,tfidf__service announcement,tfidf,0.0013756577042383464
ham,school,tfidf__school,tfidf,0.001374512896158739
ham,better,tfidf__better,tfidf,0.0013739581372677302
ham,im,tfidf__im,tfidf,0.0013683740374303974
ham,run,tfidf__run,tfidf,0.0013679176652831827
ham,fine,tfidf__fine,tfidf,0.0013626315049073145
ham,does,tfidf__does,tfidf,0.0013595162523718917
ham,beautiful,tfidf__beautiful,tfidf,0.001359491236537224
ham,wif,tfidf__wif,tfidf,0.0013507082601671124
ham,i've,tfidf__i've,tfidf,0.0013503448085201123
ham,250k,tfidf__250k,tfidf,0.0013486459190980402
ham,250k dream,tfidf__250k dream,tfidf,0.0013486459190980402
ham,88088,tfidf__88088,tfidf,0.0013486459190980402
ham,active,tfidf__active,tfidf,0.0013486459190980402
ham,dream team,tfidf__dream team,tfidf,0.0013486459190980402
ham,fantasy,tfidf__fantasy,tfidf,0.0013486459190980402
ham,fantasy football,tfidf__fantasy football,tfidf,0.0013486459190980402
ham,gamestar,tfidf__gamestar,tfidf,0.0013486459190980402
ham,gamestar sky,tfidf__gamestar sky,tfidf,0.0013486459190980402
ham,register,tfidf__register,tfidf,0.0013486459190980402
ham,register sky,tfidf__register sky,tfidf,0.0013486459190980402
ham,sky active,tfidf__sky active,tfidf,0.0013486459190980402
ham,specially selected,tfidf__specially selected,tfidf,0.0013483182031952144
ham,class,tfidf__class,tfidf,0.001344384280175096
ham,hmv,tfidf__hmv,tfidf,0.001328667104096736
ham,bus,tfidf__bus,tfidf,0.00132630748848538
ham,fast,tfidf__fast,tfidf,0.0013224836814007851
ham,terms,tfidf__terms,tfidf,0.001317782270496555
ham,yr,tfidf__yr,tfidf,0.0013071316748638176
ham,visit,tfidf__visit,tfidf,0.0013058166545330643
ham,paris,tfidf__paris,tfidf,0.0013039498789555056
ham,call09050000327,tfidf__call09050000327,tfidf,0.001294392425122041
ham,claim call09050000327,tfidf__claim call09050000327,tfidf,0.001294392425122041
ham,starts saturday,tfidf__starts saturday,tfidf,0.0012920029038174898
ham,opt 88088,tfidf__opt 88088,tfidf,0.0012879012842691771
ham,sky opt,tfidf__sky opt,tfidf,0.0012879012842691771
ham,offers,tfidf__offers,tfidf,0.001285023108033301
ham,nights,tfidf__nights,tfidf,0.0012806368006162679
ham,player,tfidf__player,tfidf,0.0012765600725279387
ham,football,tfidf__football,tfidf,0.0012679995258065852
ham,understand,tfidf__understand,tfidf,0.0012607388443876767
ham,finally,tfidf__finally,tfidf,0.0012548715683334487
ham,user,tfidf__user,tfidf,0.0012476915754224265
ham,vodafone,tfidf__vodafone,tfidf,0.001246747620636142
ham,19,tfidf__19,tfidf,0.0012411188201687485
ham,po,tfidf__po,tfidf,0.001231847408262409
ham,didn't,tfidf__didn't,tfidf,0.0012263922859542997
ham,cs apply,tfidf__cs apply,tfidf,0.001225998981252548
ham,important customer,tfidf__important customer,tfidf,0.0012221269125879117
ham,good morning,tfidf__good morning,tfidf,0.0012206914255349585
ham,gbp,tfidf__gbp,tfidf,0.0012056588321545081
ham,minutes,tfidf__minutes,tfidf,0.0012014309834743682
ham,dating service,tfidf__dating service,tfidf,0.0012000607875109555
ham,little,tfidf__little,tfidf,0.0011929349709498263
ham,txt ur,tfidf__txt ur,tfidf,0.001188647934459643
ham,txts,tfidf__txts,tfidf,0.0011882540824056354
ham,arrogate,tfidf__arrogate,tfidf,0.001183651652799266
ham,year,tfidf__year,tfidf,0.0011826641261591972
ham,shop 85023,tfidf__shop 85023,tfidf,0.001182279409595468
ham,text shop,tfidf__text shop,tfidf,0.001182279409595468
ham,late,tfidf__late,tfidf,0.0011769268521267654
ham,pounds,tfidf__pounds,tfidf,0.0011738334529962102
ham,straight phone,tfidf__straight phone,tfidf,0.0011732233784580324
ham,getting,tfidf__getting,tfidf,0.0011724730075272525
ham,shop,tfidf__shop,tfidf,0.0011684774208786239
ham,83355,tfidf__83355,tfidf,0.0011650122556104536
ham,ipod mp3,tfidf__ipod mp3,tfidf,0.0011650122556104536
ham,latest nokia,tfidf__latest nokia,tfidf,0.0011650122556104536
ham,mtmsgrcvd18,tfidf__mtmsgrcvd18,tfidf,0.0011650122556104536
ham,enjoy,tfidf__enjoy,tfidf,0.001164359576265011
ham,asked,tfidf__asked,tfidf,0.001145791468788935
ham,free entry,tfidf__free entry,tfidf,0.001145165061419422
ham,ipod,tfidf__ipod,tfidf,0.0011445466742137566
ham,txt word,tfidf__txt word,tfidf,0.0011441445901185525
ham,urgent,tfidf__urgent,tfidf,0.0011360127529427026
ham,cha,tfidf__cha,tfidf,0.0011351180452501665
ham,08704439680ts,tfidf__08704439680ts,tfidf,0.00113180846635814
ham,08704439680ts cs,tfidf__08704439680ts cs,tfidf,0.00113180846635814
ham,79,tfidf__79,tfidf,0.00113180846635814
ham,79 book,tfidf__79 book,tfidf,0.00113180846635814
ham,book year,tfidf__book year,tfidf,0.00113180846635814
ham,flights 79,tfidf__flights 79,tfidf,0.00113180846635814
ham,nights flights,tfidf__nights flights,tfidf,0.00113180846635814
ham,paris nights,tfidf__paris nights,tfidf,0.00113180846635814
ham,romantic paris,tfidf__romantic paris,tfidf,0.00113180846635814
ham,year 08704439680ts,tfidf__year 08704439680ts,tfidf,0.00113180846635814
ham,trip,tfidf__trip,tfidf,0.001127347092756047
ham,mp3 player,tfidf__mp3 player,tfidf,0.001125577221181702
ham,friends,tfidf__friends,tfidf,0.0011240949681620947
ham,wil,tfidf__wil,tfidf,0.0011126194898318903
ham,records,tfidf__records,tfidf,0.0011094480708260222
ham,0871277810910p,tfidf__0871277810910p,tfidf,0.0011071034656165613
ham,0871277810910p min,tfidf__0871277810910p min,tfidf,0.0011071034656165613
ham,1000 holiday,tfidf__1000 holiday,tfidf,0.0011071034656165613
ham,claim 0871277810910p,tfidf__claim 0871277810910p,tfidf,0.0011071034656165613
ham,saturday,tfidf__saturday,tfidf,0.0011056005469966394
ham,romantic,tfidf__romantic,tfidf,0.0011004971027900802
ham,fantastic,tfidf__fantastic,tfidf,0.0011003135685350666
ham,just text,tfidf__just text,tfidf,0.0010982800477369352
ham,touch,tfidf__touch,tfidf,0.0010964998477412278
ham,live town,tfidf__live town,tfidf,0.0010950828363861804
ham,hours,tfidf__hours,tfidf,0.0010896347308815436
ham,8007,tfidf__8007,tfidf,0.0010886363770871718
ham,grant,tfidf__grant,tfidf,0.0010862404328118868
ham,sir,tfidf__sir,tfidf,0.0010851497461952
ham,cash 2000,tfidf__cash 2000,tfidf,0.001084881826687934
ham,auction send,tfidf__auction send,tfidf,0.0010805188217849592
ham,83600,tfidf__83600,tfidf,0.0010754059834634894
ham,wont,tfidf__wont,tfidf,0.001074855850200717
ham,conditions,tfidf__conditions,tfidf,0.0010713224472472184
ham,terms conditions,tfidf__terms conditions,tfidf,0.0010713224472472184
ham,covid,tfidf__covid,tfidf,0.001070911221024737
ham,covid 19,tfidf__covid 19,tfidf,0.001070911221024737
ham,currently,tfidf__currently,tfidf,0.0010663076669427548
ham,ur mob,tfidf__ur mob,tfidf,0.0010654156198596733
ham,online,tfidf__online,tfidf,0.0010638943587987768
ham,87066,tfidf__87066,tfidf,0.001063329450616441
ham,yup,tfidf__yup,tfidf,0.001062375674476696
ham,road gurgaon,tfidf__road gurgaon,tfidf,0.0010619316650863828
ham,50 msg,tfidf__50 msg,tfidf,0.0010566889449529987
ham,xxx pics,tfidf__xxx pics,tfidf,0.001053135827561777
ham,40,tfidf__40,tfidf,0.0010502607689406238
ham,no1,tfidf__no1,tfidf,0.0010498191768497328
ham,nokia tone,tfidf__nokia tone,tfidf,0.0010497740969775994
ham,secure link,tfidf__secure link,tfidf,0.0010493920855199116
ham,1st tone,tfidf__1st tone,tfidf,0.0010376051649601016
ham,tone free,tfidf__tone free,tfidf,0.0010376051649601016
ham,chat 86688,tfidf__chat 86688,tfidf,0.0010285247635300565
ham,question,tfidf__question,tfidf,0.0010277954177196277
ham,selected,tfidf__selected,tfidf,0.0010246675622442635
ham,150,tfidf__150,tfidf,0.001021915811891544
ham,wed,tfidf__wed,tfidf,0.0010198863191848678
ham,half,tfidf__half,tfidf,0.0010141696535611229
ham,couple,tfidf__couple,tfidf,0.0010002545163287735
ham,days,tfidf__days,tfidf,0.0009972499133982483
ham,long,tfidf__long,tfidf,0.0009943679496534062
ham,69698,tfidf__69698,tfidf,0.0009931119988066295
ham,babes,tfidf__babes,tfidf,0.0009864045840574727
ham,orange,tfidf__orange,tfidf,0.0009823284716435358
ham,vip,tfidf__vip,tfidf,0.0009817745056236948
ham,making,tfidf__making,tfidf,0.0009791294501079726
ham,free msg,tfidf__free msg,tfidf,0.0009694471295565543
ham,messages,tfidf__messages,tfidf,0.0009577977539123697
ham,ringtone order,tfidf__ringtone order,tfidf,0.0009393906578807075
ham,working,tfidf__working,tfidf,0.0009390958397386017
ham,link http,tfidf__link http,tfidf,0.0009299957330868501
ham,150 worth,tfidf__150 worth,tfidf,0.0009246392885250284
ham,ur 150,tfidf__ur 150,tfidf,0.0009246392885250284
ham,complete,tfidf__complete,tfidf,0.0009219144622171894
ham,gurgaon,tfidf__gurgaon,tfidf,0.0009171189091870624
ham,kinda,tfidf__kinda,tfidf,0.0009152287949513929
ham,guys,tfidf__guys,tfidf,0.0009057952245806379
ham,says,tfidf__says,tfidf,0.0009044848588537322
ham,current,tfidf__current,tfidf,0.0009023553624534465
ham,gr8,tfidf__gr8,tfidf,0.0009023212143136553
ham,ringtone reply,tfidf__ringtone reply,tfidf,0.0008970938222807897
ham,love sex,tfidf__love sex,tfidf,0.0008934436556944772
ham,town love,tfidf__town love,tfidf,0.0008934436556944772
ham,min,tfidf__min,tfidf,0.0008928806414258909
ham,dream,tfidf__dream,tfidf,0.0008903297521241518
ham,500 free,tfidf__500 free,tfidf,0.0008902513239534517
ham,ship,tfidf__ship,tfidf,0.0008886379773457307
ham,final attempt,tfidf__final attempt,tfidf,0.000887658974366323
ham,refund,tfidf__refund,tfidf,0.00088381346256115
ham,music 87066,tfidf__music 87066,tfidf,0.0008775796247413606
ham,weekly draw,tfidf__weekly draw,tfidf,0.00087265374039488
ham,o2,tfidf__o2,tfidf,0.0008696543008804721
ham,draw txt,tfidf__draw txt,tfidf,0.000866837993588506
ham,txt music,tfidf__txt music,tfidf,0.000866837993588506
ham,succeed,tfidf__succeed,tfidf,0.0008663770409095464
ham,free reply,tfidf__free reply,tfidf,0.0008628950256896982
ham,remove,tfidf__remove,tfidf,0.0008615651431646047
ham,room,tfidf__room,tfidf,0.0008606142928003422
ham,starts,tfidf__starts,tfidf,0.0008561022405795269
ham,callback,tfidf__callback,tfidf,0.0008494216586381893
ham,yes callback,tfidf__yes callback,tfidf,0.0008494216586381893
ham,hav,tfidf__hav,tfidf,0.0008413028716770517
ham,select,tfidf__select,tfidf,0.0008362532918506237
ham,sky gamestar,tfidf__sky gamestar,tfidf,0.0008313674270040286
ham,free text,tfidf__free text,tfidf,0.0008308680548233174
ham,reach,tfidf__reach,tfidf,0.0008261395404688623
ham,text messages,tfidf__text messages,tfidf,0.0008230473945422516
ham,subscription,tfidf__subscription,tfidf,0.0008226013940098257
ham,87077,tfidf__87077,tfidf,0.0008125408757151274
ham,c's,tfidf__c's,tfidf,0.0008107582248985995
ham,internet,tfidf__internet,tfidf,0.0008105896863641614
ham,employ,tfidf__employ,tfidf,0.000806009476450805
ham,stay,tfidf__stay,tfidf,0.0008054825260234208
ham,busy,tfidf__busy,tfidf,0.000800776447861256
ham,atm,tfidf__atm,tfidf,0.0007975022270214758
ham,babe,tfidf__babe,tfidf,0.0007963752778002393
ham,voucher,tfidf__voucher,tfidf,0.0007951905046766432
ham,drive,tfidf__drive,tfidf,0.0007924054743217208
ham,review,tfidf__review,tfidf,0.0007919899418365045
ham,hit,tfidf__hit,tfidf,0.0007893241393734876
ham,lar,tfidf__lar,tfidf,0.0007888095663836226
ham,eve,tfidf__eve,tfidf,0.0007875684381388301
ham,saturday register,tfidf__saturday register,tfidf,0.0007867248886927458
ham,colour,tfidf__colour,tfidf,0.000781750569323452
ham,cd,tfidf__cd,tfidf,0.0007801408229837216
ham,comp,tfidf__comp,tfidf,0.0007745667615946626
ham,loan,tfidf__loan,tfidf,0.0007703812016296678
ham,details,tfidf__details,tfidf,0.0007650881506747441
ham,mob week,tfidf__mob week,tfidf,0.0007632230669930506
ham,21st,tfidf__21st,tfidf,0.0007575599206942386
ham,cust,tfidf__cust,tfidf,0.0007555875743276741
ham,wen,tfidf__wen,tfidf,0.0007552698573177237
ham,balance,tfidf__balance,tfidf,0.0007540742000682563
ham,won 000,tfidf__won 000,tfidf,0.000754061101936885
ham,tho,tfidf__tho,tfidf,0.0007516530172318282
ham,txt nokia,tfidf__txt nokia,tfidf,0.0007504335634459322
ham,ill,tfidf__ill,tfidf,0.0007503607764137454
ham,baby,tfidf__baby,tfidf,0.0007491089220528328
ham,http urltoken,tfidf__http urltoken,tfidf,0.0007441585308440803
ham,bout,tfidf__bout,tfidf,0.0007378502437119579
ham,ts,tfidf__ts,tfidf,0.0007377927996092616
ham,ts cs,tfidf__ts cs,tfidf,0.0007377927996092616
ham,good night,tfidf__good night,tfidf,0.0007351708896961986
ham,join,tfidf__join,tfidf,0.0007341234289982691
ham,definitely,tfidf__definitely,tfidf,0.0007295849442747282
ham,2005,tfidf__2005,tfidf,0.0007290537110341048
ham,sunshine,tfidf__sunshine,tfidf,0.0007264277766131994
ham,gud,tfidf__gud,tfidf,0.0007246395877941173
ham,wants,tfidf__wants,tfidf,0.0007217387262582942
ham,isn't,tfidf__isn't,tfidf,0.0007174831910482632
ham,send pics,tfidf__send pics,tfidf,0.0007142224987869836
ham,missed,tfidf__missed,tfidf,0.0007123657748364552
ham,means,tfidf__means,tfidf,0.0007122830609756945
ham,slide,tfidf__slide,tfidf,0.0007114356883770746
ham,sell,tfidf__sell,tfidf,0.000708258198491317
ham,150p mtmsgrcvd18,tfidf__150p mtmsgrcvd18,tfidf,0.0007065236383988497
ham,500 prize,tfidf__500 prize,tfidf,0.0007065236383988497
ham,83355 ibhltd,tfidf__83355 ibhltd,tfidf,0.0007065236383988497
ham,collect 83355,tfidf__collect 83355,tfidf,0.0007065236383988497
ham,ibhltd,tfidf__ibhltd,tfidf,0.0007065236383988497
ham,ibhltd ldnw15h,tfidf__ibhltd ldnw15h,tfidf,0.0007065236383988497
ham,ldnw15h,tfidf__ldnw15h,tfidf,0.0007065236383988497
ham,ldnw15h 150p,tfidf__ldnw15h 150p,tfidf,0.0007065236383988497
ham,phone 40gb,tfidf__phone 40gb,tfidf,0.0007065236383988497
ham,player 500,tfidf__player 500,tfidf,0.0007065236383988497
ham,prize txt,tfidf__prize txt,tfidf,0.0007065236383988497
ham,word collect,tfidf__word collect,tfidf,0.0007065236383988497
ham,format,tfidf__format,tfidf,0.0007061242370886536
ham,advance 000,tfidf__advance 000,tfidf,0.0007026989476179817
ham,5000,tfidf__5000,tfidf,0.0007010646370779901
ham,don,tfidf__don,tfidf,0.0006993025603411678
ham,warm,tfidf__warm,tfidf,0.0006989571280317821
ham,0870,tfidf__0870,tfidf,0.0006913626959350092
ham,wallpaper,tfidf__wallpaper,tfidf,0.0006885422761722115
ham,win 1000,tfidf__win 1000,tfidf,0.0006809462302977893
ham,how's,tfidf__how's,tfidf,0.0006796391176983834
ham,direct,tfidf__direct,tfidf,0.0006777403405298062
ham,dad,tfidf__dad,tfidf,0.000667498828400343
ham,update latest,tfidf__update latest,tfidf,0.0006668345739186869
ham,job,tfidf__job,tfidf,0.0006609350212516132
ham,alerts,tfidf__alerts,tfidf,0.000659989204957018
ham,tax,tfidf__tax,tfidf,0.0006574071490214671
ham,wanna,tfidf__wanna,tfidf,0.0006568665554327526
ham,he's,tfidf__he's,tfidf,0.0006566548749852539
ham,email,tfidf__email,tfidf,0.0006558089032154048
ham,awarded,tfidf__awarded,tfidf,0.0006518406764511584
ham,mobile content,tfidf__mobile content,tfidf,0.0006484843530216133
ham,gift vouchers,tfidf__gift vouchers,tfidf,0.0006482645184878604
ham,survive urltoken,tfidf__survive urltoken,tfidf,0.0006469207989006856
ham,paytm,tfidf__paytm,tfidf,0.0006456414562296072
ham,ac,tfidf__ac,tfidf,0.0006441186195057914
ham,sms ac,tfidf__sms ac,tfidf,0.0006441186195057914
ham,500 ur,tfidf__500 ur,tfidf,0.0006422847833580167
ham,80's,tfidf__80's,tfidf,0.0006422847833580167
ham,80's answer,tfidf__80's answer,tfidf,0.0006422847833580167
ham,83600 good,tfidf__83600 good,tfidf,0.0006422847833580167
ham,answer 83600,tfidf__answer 83600,tfidf,0.0006422847833580167
ham,answer txt,tfidf__answer txt,tfidf,0.0006422847833580167
ham,girl 80's,tfidf__girl 80's,tfidf,0.0006422847833580167
ham,uptown,tfidf__uptown,tfidf,0.0006422847833580167
ham,uptown girl,tfidf__uptown girl,tfidf,0.0006422847833580167
ham,ur answer,tfidf__ur answer,tfidf,0.0006422847833580167
ham,ur balance,tfidf__ur balance,tfidf,0.0006422847833580167
ham,ur question,tfidf__ur question,tfidf,0.0006422847833580167
ham,payment,tfidf__payment,tfidf,0.0006360966014042437
ham,airtel,tfidf__airtel,tfidf,0.000634305565259151
ham,reward,tfidf__reward,tfidf,0.0006280855021315031
ham,thought,tfidf__thought,tfidf,0.0006277792721840006
ham,code,tfidf__code,tfidf,0.0006217745633999832
ham,free join,tfidf__free join,tfidf,0.0006143678183447303
ham,okay,tfidf__okay,tfidf,0.0006141059496487598
ham,reminder,tfidf__reminder,tfidf,0.0006140521139638329
ham,wit,tfidf__wit,tfidf,0.0006126131408310414
ham,luck,tfidf__luck,tfidf,0.0006092447604017847
ham,left,tfidf__left,tfidf,0.0006037693425869135
ham,sleeping,tfidf__sleeping,tfidf,0.000603346574771333
ham,fuck,tfidf__fuck,tfidf,0.0006023598367681592
ham,thk,tfidf__thk,tfidf,0.0006000046268837228
ham,exit,tfidf__exit,tfidf,0.0005999067175404084
ham,mu,tfidf__mu,tfidf,0.0005993298004833951
ham,polyphonic,tfidf__polyphonic,tfidf,0.0005945071494621554
ham,fa,tfidf__fa,tfidf,0.0005891072346532127
ham,look,tfidf__look,tfidf,0.000588829032018636
ham,collection,tfidf__collection,tfidf,0.0005881410405036954
ham,convey,tfidf__convey,tfidf,0.000587445244589127
ham,dvd,tfidf__dvd,tfidf,0.0005855456177773165
ham,gd,tfidf__gd,tfidf,0.000585327018465749
ham,apple id,tfidf__apple id,tfidf,0.0005851756751182933
ham,questions,tfidf__questions,tfidf,0.0005813855054411187
ham,40gb,tfidf__40gb,tfidf,0.0005804331621421034
ham,40gb ipod,tfidf__40gb ipod,tfidf,0.0005804331621421034
ham,double mins,tfidf__double mins,tfidf,0.000578702381847252
ham,mobile free,tfidf__mobile free,tfidf,0.0005776353612247065
ham,12,tfidf__12,tfidf,0.0005760140247744016
ham,liao,tfidf__liao,tfidf,0.0005749562582134411
ham,shopping spree,tfidf__shopping spree,tfidf,0.0005742893833928795
ham,spree,tfidf__spree,tfidf,0.0005742893833928795
ham,logo pic,tfidf__logo pic,tfidf,0.000572593721309928
ham,spook,tfidf__spook,tfidf,0.000572593721309928
ham,po box,tfidf__po box,tfidf,0.0005712793104089458
ham,u've,tfidf__u've,tfidf,0.000569867862516881
ham,weeks,tfidf__weeks,tfidf,0.000560634314150956
ham,88888,tfidf__88888,tfidf,0.0005561370054695401
ham,logo,tfidf__logo,tfidf,0.0005514206706191508
ham,sent,tfidf__sent,tfidf,0.0005497012183206427
ham,asking,tfidf__asking,tfidf,0.0005487587903813926
ham,december,tfidf__december,tfidf,0.000546823047130976
ham,town,tfidf__town,tfidf,0.0005460325667122498
ham,id,tfidf__id,tfidf,0.0005436436066798185
ham,thing,tfidf__thing,tfidf,0.000542058540022203
ham,log,tfidf__log,tfidf,0.0005414918796797499
ham,represent,tfidf__represent,tfidf,0.0005408444645410657
ham,wk,tfidf__wk,tfidf,0.0005387302212305349
ham,anytime,tfidf__anytime,tfidf,0.0005364883158017138
ham,bonus,tfidf__bonus,tfidf,0.0005364877586710554
ham,plus free,tfidf__plus free,tfidf,0.0005343541036621391
ham,shows,tfidf__shows,tfidf,0.0005339711453881131
ham,straight,tfidf__straight,tfidf,0.0005315710340494207
ham,jamster,tfidf__jamster,tfidf,0.0005288613676450002
ham,entitled,tfidf__entitled,tfidf,0.0005256083539732213
ham,miss,tfidf__miss,tfidf,0.000524947143338817
ham,todays,tfidf__todays,tfidf,0.0005238160558448468
ham,waiting,tfidf__waiting,tfidf,0.0005159827007537752
ham,90,tfidf__90,tfidf,0.0005141106056937424
ham,comprise,tfidf__comprise,tfidf,0.0005135984388515765
ham,holiday,tfidf__holiday,tfidf,0.0005118500763186406
ham,500 cd,tfidf__500 cd,tfidf,0.0005112755530374632
ham,cd gift,tfidf__cd gift,tfidf,0.0005112755530374632
ham,bad,tfidf__bad,tfidf,0.0005108126847679063
ham,king,tfidf__king,tfidf,0.0005091225989882672
ham,laptop,tfidf__laptop,tfidf,0.0005089055262453847
ham,phones,tfidf__phones,tfidf,0.0005082143153051112
ham,settings,tfidf__settings,tfidf,0.0005077593723285512
ham,entry 100,tfidf__entry 100,tfidf,0.0005059672603263
ham,vouchers free,tfidf__vouchers free,tfidf,0.0005059672603263
ham,0776xxxxxxx,tfidf__0776xxxxxxx,tfidf,0.0005047820168289827
ham,0776xxxxxxx u've,tfidf__0776xxxxxxx u've,tfidf,0.0005047820168289827
ham,dear 0776xxxxxxx,tfidf__dear 0776xxxxxxx,tfidf,0.0005047820168289827
ham,txt chat,tfidf__txt chat,tfidf,0.0005047820168289827
ham,xchat,tfidf__xchat,tfidf,0.0005047820168289827
ham,62468,tfidf__62468,tfidf,0.000502690295008562
ham,local,tfidf__local,tfidf,0.0005009796222493039
ham,20,tfidf__20,tfidf,0.000494785691780174
ham,wonderful,tfidf__wonderful,tfidf,0.0004931287796853839
ham,free mins,tfidf__free mins,tfidf,0.0004914032228602965
ham,free texts,tfidf__free texts,tfidf,0.0004912564214956512
ham,just answer,tfidf__just answer,tfidf,0.0004912252377866091
ham,juz,tfidf__juz,tfidf,0.000490158410999074
ham,prem,tfidf__prem,tfidf,0.0004889468035528497
ham,package,tfidf__package,tfidf,0.0004886750165921548
ham,11,tfidf__11,tfidf,0.00048791746558138474
ham,chance win,tfidf__chance win,tfidf,0.0004868473614650509
ham,ur awarded,tfidf__ur awarded,tfidf,0.0004868390596547216
ham,natalja,tfidf__natalja,tfidf,0.0004850434770230559
ham,natalja 25,tfidf__natalja 25,tfidf,0.0004850434770230559
ham,thank,tfidf__thank,tfidf,0.00048300229674672464
ham,wkly comp,tfidf__wkly comp,tfidf,0.00048229824916263246
ham,sat,tfidf__sat,tfidf,0.00048147864656688724
ham,congrats,tfidf__congrats,tfidf,0.0004781753345636036
ham,football tv,tfidf__football tv,tfidf,0.0004716649332307737
ham,upload,tfidf__upload,tfidf,0.0004708506427381369
ham,reply stop,tfidf__reply stop,tfidf,0.0004688684017273702
ham,stop txt,tfidf__stop txt,tfidf,0.0004688418827777305
ham,street,tfidf__street,tfidf,0.00046733625102174316
ham,it's,tfidf__it's,tfidf,0.0004671099502802597
ham,things,tfidf__things,tfidf,0.00046587125791845973
ham,box,tfidf__box,tfidf,0.00046397240715513854
ham,rcvd,tfidf__rcvd,tfidf,0.0004622569229981187
ham,sad,tfidf__sad,tfidf,0.00045899561740957005
ham,mono,tfidf__mono,tfidf,0.000456320208428257
ham,use,tfidf__use,tfidf,0.00045345378497871136
ham,leaving,tfidf__leaving,tfidf,0.000444700742429115
ham,lodge,tfidf__lodge,tfidf,0.00044290066699323433
ham,just reply,tfidf__just reply,tfidf,0.00044199486442535424
ham,free message,tfidf__free message,tfidf,0.0004415427571633685
ham,2nd,tfidf__2nd,tfidf,0.0004403094972946108
ham,barbie,tfidf__barbie,tfidf,0.0004392966922359578
ham,divorce barbie,tfidf__divorce barbie,tfidf,0.0004392966922359578
ham,ken's,tfidf__ken's,tfidf,0.0004392966922359578
ham,ken's stuff,tfidf__ken's stuff,tfidf,0.0004392966922359578
ham,new divorce,tfidf__new divorce,tfidf,0.0004392966922359578
ham,dun,tfidf__dun,tfidf,0.00043870610483501206
ham,alert,tfidf__alert,tfidf,0.00043844777132543176
ham,offer new,tfidf__offer new,tfidf,0.0004368074857069587
ham,cancel,tfidf__cancel,tfidf,0.0004366483613375146
ham,rental,tfidf__rental,tfidf,0.00043572002283374673
ham,additional,tfidf__additional,tfidf,0.00043546734277630233
ham,additional help,tfidf__additional help,tfidf,0.00043546734277630233
ham,help contact,tfidf__help contact,tfidf,0.00043546734277630233
ham,review details,tfidf__review details,tfidf,0.00043546734277630233
ham,weekend calls,tfidf__weekend calls,tfidf,0.0004332794642329777
ham,mobile 10,tfidf__mobile 10,tfidf,0.00043220498574650184
ham,tone 16,tfidf__tone 16,tfidf,0.0004318430182171918
ham,harry,tfidf__harry,tfidf,0.0004304245931410569
ham,84,tfidf__84,tfidf,0.00042926254599237737
ham,rock,tfidf__rock,tfidf,0.0004291657031982889
ham,airtel live,tfidf__airtel live,tfidf,0.0004278621374606328
ham,87239,tfidf__87239,tfidf,0.0004268452288526353
ham,stop 87239,tfidf__stop 87239,tfidf,0.0004268452288526353
ham,std,tfidf__std,tfidf,0.00042220849270744665
ham,choose,tfidf__choose,tfidf,0.00042201758149897116
ham,1st week,tfidf__1st week,tfidf,0.00042157602258056893
ham,test,tfidf__test,tfidf,0.00041772054749068506
ham,quite,tfidf__quite,tfidf,0.00041765597300548506
ham,noida,tfidf__noida,tfidf,0.00041702271321511123
ham,mobile 11,tfidf__mobile 11,tfidf,0.00041578727157594157
ham,contact,tfidf__contact,tfidf,0.0004152902926987105
ham,hear,tfidf__hear,tfidf,0.00041519624808475033
ham,link picture,tfidf__link picture,tfidf,0.00041161099519669526
ham,phones free,tfidf__phones free,tfidf,0.0004111196233100412
ham,350,tfidf__350,tfidf,0.0004100911939151506
ham,girl,tfidf__girl,tfidf,0.00040971203582428593
ham,bt,tfidf__bt,tfidf,0.00040883392249435526
ham,sample,tfidf__sample,tfidf,0.0004064221117211807
ham,80062,tfidf__80062,tfidf,0.0004057081935755347
ham,tv,tfidf__tv,tfidf,0.0004039683766942812
ham,urgently,tfidf__urgently,tfidf,0.00040357493239934043
ham,divorce,tfidf__divorce,tfidf,0.000402221908921457
ham,enter,tfidf__enter,tfidf,0.000400291525014479
ham,11 mnths,tfidf__11 mnths,tfidf,0.00039896842714909336
ham,contract mobile,tfidf__contract mobile,tfidf,0.00039896842714909336
ham,free double,tfidf__free double,tfidf,0.00039896842714909336
ham,mins text,tfidf__mins text,tfidf,0.00039896842714909336
ham,mnths,tfidf__mnths,tfidf,0.00039896842714909336
ham,mnths latest,tfidf__mnths latest,tfidf,0.00039896842714909336
ham,motorola nokia,tfidf__motorola nokia,tfidf,0.00039896842714909336
ham,tariffs text,tfidf__tariffs text,tfidf,0.00039896842714909336
ham,text orange,tfidf__text orange,tfidf,0.00039896842714909336
ham,ans,tfidf__ans,tfidf,0.0003974294274386729
ham,carlos,tfidf__carlos,tfidf,0.0003972202590465618
ham,150p reply,tfidf__150p reply,tfidf,0.0003959602632356356
ham,boltblue,tfidf__boltblue,tfidf,0.0003959602632356356
ham,boltblue tones,tfidf__boltblue tones,tfidf,0.0003959602632356356
ham,cha cha,tfidf__cha cha,tfidf,0.0003959602632356356
ham,cha slide,tfidf__cha slide,tfidf,0.0003959602632356356
ham,jamz,tfidf__jamz,tfidf,0.0003959602632356356
ham,jamz toxic,tfidf__jamz toxic,tfidf,0.0003959602632356356
ham,mono poly3,tfidf__mono poly3,tfidf,0.0003959602632356356
ham,poly mono,tfidf__poly mono,tfidf,0.0003959602632356356
ham,poly3,tfidf__poly3,tfidf,0.0003959602632356356
ham,poly3 cha,tfidf__poly3 cha,tfidf,0.0003959602632356356
ham,reply poly,tfidf__reply poly,tfidf,0.0003959602632356356
ham,slide yeah,tfidf__slide yeah,tfidf,0.0003959602632356356
ham,slow jamz,tfidf__slow jamz,tfidf,0.0003959602632356356
ham,tones 150p,tfidf__tones 150p,tfidf,0.0003959602632356356
ham,tones txt,tfidf__tones txt,tfidf,0.0003959602632356356
ham,toxic,tfidf__toxic,tfidf,0.0003959602632356356
ham,toxic come,tfidf__toxic come,tfidf,0.0003959602632356356
ham,yeah slow,tfidf__yeah slow,tfidf,0.0003959602632356356
ham,weed,tfidf__weed,tfidf,0.00039595652411561803
ham,award,tfidf__award,tfidf,0.0003947103729758863
ham,person,tfidf__person,tfidf,0.0003936258726266229
ham,dear customer,tfidf__dear customer,tfidf,0.0003933874114014013
ham,important information,tfidf__important information,tfidf,0.0003926477707192
ham,lucky day,tfidf__lucky day,tfidf,0.0003926477707192
ham,2lands,tfidf__2lands,tfidf,0.0003904326860068541
ham,2lands row,tfidf__2lands row,tfidf,0.0003904326860068541
ham,hg,tfidf__hg,tfidf,0.0003904326860068541
ham,hg suite342,tfidf__hg suite342,tfidf,0.0003904326860068541
ham,suite342,tfidf__suite342,tfidf,0.0003904326860068541
ham,suite342 2lands,tfidf__suite342 2lands,tfidf,0.0003904326860068541
ham,guy,tfidf__guy,tfidf,0.0003903094093273308
ham,awarded 500,tfidf__awarded 500,tfidf,0.0003878510788238526
ham,hungry,tfidf__hungry,tfidf,0.0003870539565632692
ham,talk,tfidf__talk,tfidf,0.0003849532178889198
ham,30,tfidf__30,tfidf,0.0003848200594297097
ham,txtin,tfidf__txtin,tfidf,0.00037997328407749387
ham,arcade,tfidf__arcade,tfidf,0.0003783389664178166
ham,uks,tfidf__uks,tfidf,0.00037674114481917726
ham,abt,tfidf__abt,tfidf,0.00037217144617153084
ham,picture,tfidf__picture,tfidf,0.00037080654515707546
ham,free calls,tfidf__free calls,tfidf,0.00036975063909731415
ham,unlimited free,tfidf__unlimited free,tfidf,0.00036975063909731415
ham,driving faster,tfidf__driving faster,tfidf,0.0003695117063652109
ham,idiot driving,tfidf__idiot driving,tfidf,0.0003695117063652109
ham,maniac,tfidf__maniac,tfidf,0.0003695117063652109
ham,slower,tfidf__slower,tfidf,0.0003695117063652109
ham,you're driving,tfidf__you're driving,tfidf,0.0003695117063652109
ham,induce,tfidf__induce,tfidf,0.00036805297269933824
ham,lei,tfidf__lei,tfidf,0.0003670321267062642
ham,3g,tfidf__3g,tfidf,0.0003663201544056899
ham,pobox84,tfidf__pobox84,tfidf,0.00036574504947211326
ham,randy,tfidf__randy,tfidf,0.0003632614155613957
ham,ref,tfidf__ref,tfidf,0.00036107384305410385
ham,cash prize,tfidf__cash prize,tfidf,0.0003605429246386543
ham,knw,tfidf__knw,tfidf,0.00035781212582855124
ham,hardcore,tfidf__hardcore,tfidf,0.00035700502735216467
ham,nice,tfidf__nice,tfidf,0.00035433468418415983
ham,tb,tfidf__tb,tfidf,0.00035140598549661064
ham,7pm cost,tfidf__7pm cost,tfidf,0.00035100804713211845
ham,cost 10p,tfidf__cost 10p,tfidf,0.00035100804713211845
ham,alright,tfidf__alright,tfidf,0.00034953268024135977
ham,cool,tfidf__cool,tfidf,0.00034785608246225546
ham,150pm unsubscribe,tfidf__150pm unsubscribe,tfidf,0.00034642466491957146
ham,69698 text,tfidf__69698 text,tfidf,0.00034642466491957146
ham,hot 69698,tfidf__hot 69698,tfidf,0.00034642466491957146
ham,stop 69698,tfidf__stop 69698,tfidf,0.00034642466491957146
ham,text hot,tfidf__text hot,tfidf,0.00034642466491957146
ham,unsubscribe text,tfidf__unsubscribe text,tfidf,0.00034642466491957146
ham,customer care,tfidf__customer care,tfidf,0.0003462403376033725
ham,hear new,tfidf__hear new,tfidf,0.0003449311755106042
ham,orange tariffs,tfidf__orange tariffs,tfidf,0.0003410161707179231
ham,tariffs,tfidf__tariffs,tfidf,0.0003410161707179231
ham,free mobile,tfidf__free mobile,tfidf,0.00034041997676241597
ham,faster,tfidf__faster,tfidf,0.0003383337394373556
ham,card spook,tfidf__card spook,tfidf,0.0003381830758035836
ham,eerie tone,tfidf__eerie tone,tfidf,0.0003381830758035836
ham,free eerie,tfidf__free eerie,tfidf,0.0003381830758035836
ham,halloween,tfidf__halloween,tfidf,0.0003381830758035836
ham,halloween collection,tfidf__halloween collection,tfidf,0.0003381830758035836
ham,message plus,tfidf__message plus,tfidf,0.0003381830758035836
ham,mob halloween,tfidf__mob halloween,tfidf,0.0003381830758035836
ham,pic message,tfidf__pic message,tfidf,0.0003381830758035836
ham,spook 8007,tfidf__spook 8007,tfidf,0.0003381830758035836
ham,tone txt,tfidf__tone txt,tfidf,0.0003381830758035836
ham,txt card,tfidf__txt card,tfidf,0.0003381830758035836
ham,college,tfidf__college,tfidf,0.0003372331797361957
ham,area,tfidf__area,tfidf,0.00033677037203525706
ham,smiling,tfidf__smiling,tfidf,0.00033588765082491067
ham,plus,tfidf__plus,tfidf,0.0003351221290105497
ham,computer,tfidf__computer,tfidf,0.0003343457708817027
ham,asap,tfidf__asap,tfidf,0.0003332815800538947
ham,callback remove,tfidf__callback remove,tfidf,0.00033250500350136676
ham,free polyphonic,tfidf__free polyphonic,tfidf,0.00033152070328766554
ham,dat,tfidf__dat,tfidf,0.00032941445897148293
ham,birthday,tfidf__birthday,tfidf,0.00032799626779532947
ham,dude,tfidf__dude,tfidf,0.0003267197695703188
ham,mobile number,tfidf__mobile number,tfidf,0.0003258811083321763
ham,smart,tfidf__smart,tfidf,0.0003252688056664166
ham,fall,tfidf__fall,tfidf,0.00032450932127156274
ham,eerie,tfidf__eerie,tfidf,0.00032356227232659335
ham,16 stop,tfidf__16 stop,tfidf,0.00032339451926626927
ham,3hrs,tfidf__3hrs,tfidf,0.00032339451926626927
ham,3hrs 16,tfidf__3hrs 16,tfidf,0.00032339451926626927
ham,86888,tfidf__86888,tfidf,0.00032339451926626927
ham,hours talk,tfidf__hours talk,tfidf,0.00032339451926626927
ham,mnth,tfidf__mnth,tfidf,0.00032339451926626927
ham,mnth 3hrs,tfidf__mnth 3hrs,tfidf,0.00032339451926626927
ham,phone subscribe6gbp,tfidf__phone subscribe6gbp,tfidf,0.00032339451926626927
ham,reward hours,tfidf__reward hours,tfidf,0.00032339451926626927
ham,stop txtstop,tfidf__stop txtstop,tfidf,0.00032339451926626927
ham,subscribe6gbp,tfidf__subscribe6gbp,tfidf,0.00032339451926626927
ham,subscribe6gbp mnth,tfidf__subscribe6gbp mnth,tfidf,0.00032339451926626927
ham,txt 86888,tfidf__txt 86888,tfidf,0.00032339451926626927
ham,txtstop,tfidf__txtstop,tfidf,0.00032339451926626927
ham,key,tfidf__key,tfidf,0.00032317687831359264
ham,mix,tfidf__mix,tfidf,0.0003217842774733298
ham,pa,tfidf__pa,tfidf,0.0003209001216947425
ham,free 1st,tfidf__free 1st,tfidf,0.0003194617155836762
ham,motorola,tfidf__motorola,tfidf,0.00031891190228959304
ham,lunch,tfidf__lunch,tfidf,0.0003184019412391551
ham,3uz,tfidf__3uz,tfidf,0.0003178530489103076
ham,m26,tfidf__m26,tfidf,0.0003178530489103076
ham,m26 3uz,tfidf__m26 3uz,tfidf,0.0003178530489103076
ham,talk time,tfidf__talk time,tfidf,0.0003152169002393333
ham,free auction,tfidf__free auction,tfidf,0.0003150789551373553
ham,rid,tfidf__rid,tfidf,0.00031408531987166174
ham,contract,tfidf__contract,tfidf,0.00031350036215556674
ham,tickets,tfidf__tickets,tfidf,0.00031179952968026436
ham,7pm,tfidf__7pm,tfidf,0.00030966261760077726
ham,postcode,tfidf__postcode,tfidf,0.00030528092922090574
ham,sing,tfidf__sing,tfidf,0.00030496264929295185
ham,speed,tfidf__speed,tfidf,0.00030288511323673284
ham,taking,tfidf__taking,tfidf,0.0003027152139133316
ham,correct,tfidf__correct,tfidf,0.00030126052695631124
ham,true,tfidf__true,tfidf,0.0002997732020354193
ham,hold,tfidf__hold,tfidf,0.0002984240201789227
ham,friend,tfidf__friend,tfidf,0.000298144895079281
ham,sign,tfidf__sign,tfidf,0.0002975683464751029
ham,4goten,tfidf__4goten,tfidf,0.0002972279510494964
ham,4goten bout,tfidf__4goten bout,tfidf,0.0002972279510494964
ham,babe 4goten,tfidf__babe 4goten,tfidf,0.0002972279510494964
ham,bout scammers,tfidf__bout scammers,tfidf,0.0002972279510494964
ham,hi ya,tfidf__hi ya,tfidf,0.0002972279510494964
ham,msg subscription,tfidf__msg subscription,tfidf,0.0002972279510494964
ham,nos,tfidf__nos,tfidf,0.0002972279510494964
ham,prem rate,tfidf__prem rate,tfidf,0.0002972279510494964
ham,rate msg,tfidf__rate msg,tfidf,0.0002972279510494964
ham,regular,tfidf__regular,tfidf,0.0002972279510494964
ham,regular vodafone,tfidf__regular vodafone,tfidf,0.0002972279510494964
ham,scammers,tfidf__scammers,tfidf,0.0002972279510494964
ham,subscription nos,tfidf__subscription nos,tfidf,0.0002972279510494964
ham,ya babe,tfidf__ya babe,tfidf,0.0002972279510494964
ham,urltoken pay,tfidf__urltoken pay,tfidf,0.00029340845985976105
ham,week's,tfidf__week's,tfidf,0.0002925597980897742
ham,charge,tfidf__charge,tfidf,0.00029183137262733127
ham,500 pounds,tfidf__500 pounds,tfidf,0.00028972924843874214
ham,lives,tfidf__lives,tfidf,0.00028903962852338925
ham,150pm,tfidf__150pm,tfidf,0.00028841602239303805
ham,unlimited,tfidf__unlimited,tfidf,0.00028747282620299804
ham,cds,tfidf__cds,tfidf,0.00028700173176510863
ham,female live,tfidf__female live,tfidf,0.00028666741866562696
ham,freemsg haven't,tfidf__freemsg haven't,tfidf,0.00028666741866562696
ham,live local,tfidf__live local,tfidf,0.00028666741866562696
ham,local luv,tfidf__local luv,tfidf,0.00028666741866562696
ham,latest motorola,tfidf__latest motorola,tfidf,0.0002866338880965948
ham,open,tfidf__open,tfidf,0.0002857587702942175
ham,ard,tfidf__ard,tfidf,0.0002849329627451314
ham,nokia free,tfidf__nokia free,tfidf,0.00028466321638690194
ham,sweet,tfidf__sweet,tfidf,0.00028331806073586546
ham,ah,tfidf__ah,tfidf,0.00028274070844510875
ham,row w1j6hl,tfidf__row w1j6hl,tfidf,0.0002819509283739802
ham,w1j6hl,tfidf__w1j6hl,tfidf,0.0002819509283739802
ham,hurt,tfidf__hurt,tfidf,0.0002809722461144713
ham,promise,tfidf__promise,tfidf,0.00028016224596417837
ham,claim refund,tfidf__claim refund,tfidf,0.0002791246165784572
ham,ur cash,tfidf__ur cash,tfidf,0.00027854880308268167
ham,tell ur,tfidf__tell ur,tfidf,0.0002768803691017294
ham,leh,tfidf__leh,tfidf,0.00027612694887478047
ham,lucky,tfidf__lucky,tfidf,0.00027436039538702403
ham,afternoon,tfidf__afternoon,tfidf,0.0002732807654143272
ham,kate,tfidf__kate,tfidf,0.00027249654781105547
ham,cease,tfidf__cease,tfidf,0.0002723394382092709
ham,crazy,tfidf__crazy,tfidf,0.00027207518711751044
ham,watch,tfidf__watch,tfidf,0.00027137786070834325
ham,verify,tfidf__verify,tfidf,0.00026974447827794355
ham,support,tfidf__support,tfidf,0.0002695376426914395
ham,hour,tfidf__hour,tfidf,0.0002677135163674742
ham,86021,tfidf__86021,tfidf,0.0002674130363995622
ham,nokia 86021,tfidf__nokia 86021,tfidf,0.0002674130363995622
ham,msgs,tfidf__msgs,tfidf,0.0002658262315846286
ham,number,tfidf__number,tfidf,0.00026546085979129276
ham,mms,tfidf__mms,tfidf,0.0002647615430511031
ham,savamob,tfidf__savamob,tfidf,0.0002640544510909243
ham,mr,tfidf__mr,tfidf,0.0002640192477121405
ham,yell,tfidf__yell,tfidf,0.0002639770738632173
ham,locations,tfidf__locations,tfidf,0.00026343615192246043
ham,send chat,tfidf__send chat,tfidf,0.000263336638378003
ham,deal,tfidf__deal,tfidf,0.00026325189674026016
ham,driving,tfidf__driving,tfidf,0.00026206688882093876
ham,text i'm,tfidf__text i'm,tfidf,0.0002597498926838552
ham,no1 nokia,tfidf__no1 nokia,tfidf,0.00025920722379306997
ham,week no1,tfidf__week no1,tfidf,0.00025920722379306997
ham,institutionalize,tfidf__institutionalize,tfidf,0.0002584852405699826
ham,experience embody,tfidf__experience embody,tfidf,0.00025800496236136024
ham,set,tfidf__set,tfidf,0.0002579910593035669
ham,txtauction,tfidf__txtauction,tfidf,0.00025721723339381525
ham,reply yes,tfidf__reply yes,tfidf,0.000257073973793735
ham,prizes,tfidf__prizes,tfidf,0.0002566699375706725
ham,share,tfidf__share,tfidf,0.0002563493858247803
ham,female,tfidf__female,tfidf,0.00025452442192286275
ham,7250i,tfidf__7250i,tfidf,0.00025410092111275714
ham,nokia 7250i,tfidf__nokia 7250i,tfidf,0.00025410092111275714
ham,price,tfidf__price,tfidf,0.00025348257148886185
ham,ad,tfidf__ad,tfidf,0.0002517346542164973
ham,friend reply,tfidf__friend reply,tfidf,0.0002509253555105539
ham,dont know,tfidf__dont know,tfidf,0.00025078018567191456
ham,idiot,tfidf__idiot,tfidf,0.0002505435822532496
ham,35,tfidf__35,tfidf,0.00025006305923344044
ham,like fun,tfidf__like fun,tfidf,0.0002482993438517431
ham,forget,tfidf__forget,tfidf,0.0002482515994556001
ham,10 mths,tfidf__10 mths,tfidf,0.00024810068483989943
ham,camera video,tfidf__camera video,tfidf,0.00024810068483989943
ham,mths update,tfidf__mths update,tfidf,0.00024810068483989943
ham,video phones,tfidf__video phones,tfidf,0.00024810068483989943
ham,recently,tfidf__recently,tfidf,0.00024395612094860796
ham,come stop,tfidf__come stop,tfidf,0.00024390341675617562
ham,won nokia,tfidf__won nokia,tfidf,0.00024275470643610176
ham,hols,tfidf__hols,tfidf,0.00024226167540519931
ham,al,tfidf__al,tfidf,0.00024147234227593715
ham,telling,tfidf__telling,tfidf,0.00024016433046358736
ham,nokia phone,tfidf__nokia phone,tfidf,0.00023913035747208017
ham,prevent,tfidf__prevent,tfidf,0.0002388120141750264
ham,82277,tfidf__82277,tfidf,0.0002387695152844313
ham,ansr,tfidf__ansr,tfidf,0.0002387695152844313
ham,ansr 82277,tfidf__ansr 82277,tfidf,0.0002387695152844313
ham,dvd player,tfidf__dvd player,tfidf,0.0002387695152844313
ham,quiz wkly,tfidf__quiz wkly,tfidf,0.0002387695152844313
ham,sony dvd,tfidf__sony dvd,tfidf,0.0002387695152844313
ham,sunshine quiz,tfidf__sunshine quiz,tfidf,0.0002387695152844313
ham,txt ansr,tfidf__txt ansr,tfidf,0.0002387695152844313
ham,perform,tfidf__perform,tfidf,0.00023829949581011362
ham,b4,tfidf__b4,tfidf,0.00023828078821626057
ham,goto urltoken,tfidf__goto urltoken,tfidf,0.00023824961479618586
ham,care phonetoken,tfidf__care phonetoken,tfidf,0.00023765230844569155
ham,ave,tfidf__ave,tfidf,0.00023712653640618734
ham,08712400602450p,tfidf__08712400602450p,tfidf,0.00023605381369767257
ham,61610,tfidf__61610,tfidf,0.00023605381369767257
ham,61610 unsubscribe,tfidf__61610 unsubscribe,tfidf,0.00023605381369767257
ham,content text,tfidf__content text,tfidf,0.00023605381369767257
ham,help 08712400602450p,tfidf__help 08712400602450p,tfidf,0.00023605381369767257
ham,new content,tfidf__new content,tfidf,0.00023605381369767257
ham,stop 61610,tfidf__stop 61610,tfidf,0.00023605381369767257
ham,unsubscribe help,tfidf__unsubscribe help,tfidf,0.00023605381369767257
ham,win free,tfidf__win free,tfidf,0.0002356236367044519
ham,you'll,tfidf__you'll,tfidf,0.00023493081745326613
ham,tried,tfidf__tried,tfidf,0.00023491594889301284
ham,embody specially,tfidf__embody specially,tfidf,0.00023449984744603993
ham,maybe,tfidf__maybe,tfidf,0.00023371531323306406
ham,hide,tfidf__hide,tfidf,0.00023258921784919306
ham,sony,tfidf__sony,tfidf,0.00023156175049562696
ham,rcv,tfidf__rcv,tfidf,0.0002312944771997369
ham,correct ans,tfidf__correct ans,tfidf,0.00022967122838707466
ham,receipt correct,tfidf__receipt correct,tfidf,0.00022967122838707466
ham,subscriber,tfidf__subscriber,tfidf,0.00022967122838707466
ham,sp,tfidf__sp,tfidf,0.00022858387700380744
ham,met,tfidf__met,tfidf,0.00022803291100709146
ham,embody winner,tfidf__embody winner,tfidf,0.00022728227153251323
ham,spider,tfidf__spider,tfidf,0.0002269038417775528
ham,saw,tfidf__saw,tfidf,0.0002265659584121396
ham,send nokia,tfidf__send nokia,tfidf,0.00022569819967848868
ham,apart,tfidf__apart,tfidf,0.00022478103837267652
ham,gift voucher,tfidf__gift voucher,tfidf,0.00022358421183244788
ham,don't know,tfidf__don't know,tfidf,0.000222867544950749
ham,app,tfidf__app,tfidf,0.00022249812581523208
ham,nhs,tfidf__nhs,tfidf,0.0002223507564914508
ham,occasions,tfidf__occasions,tfidf,0.0002223507564914508
ham,penalty,tfidf__penalty,tfidf,0.0002223507564914508
ham,protect nhs,tfidf__protect nhs,tfidf,0.0002223507564914508
ham,old,tfidf__old,tfidf,0.0002223425286869516
ham,mths,tfidf__mths,tfidf,0.00022154788918871287
ham,feeling,tfidf__feeling,tfidf,0.00022028641672658123
ham,want new,tfidf__want new,tfidf,0.000220189590065245
ham,150ppm,tfidf__150ppm,tfidf,0.0002198963234005017
ham,password,tfidf__password,tfidf,0.0002195180669066261
ham,dunno,tfidf__dunno,tfidf,0.00021836808212010497
ham,100 gift,tfidf__100 gift,tfidf,0.0002181542864016129
ham,25p,tfidf__25p,tfidf,0.0002180604194234214
ham,rs 100,tfidf__rs 100,tfidf,0.00021755536337635524
ham,50p,tfidf__50p,tfidf,0.00021664983128960136
ham,confirm,tfidf__confirm,tfidf,0.00021649193479053512
ham,takes,tfidf__takes,tfidf,0.00021634541138542416
ham,hello,tfidf__hello,tfidf,0.0002144344168565224
ham,newest,tfidf__newest,tfidf,0.00021407829854656587
ham,haf,tfidf__haf,tfidf,0.00021336923189133104
ham,wap,tfidf__wap,tfidf,0.0002132834903548137
ham,notice,tfidf__notice,tfidf,0.00021285566741507944
ham,free txtin,tfidf__free txtin,tfidf,0.0002124445887984035
ham,credit,tfidf__credit,tfidf,0.00021231043055897037
ham,16 reply,tfidf__16 reply,tfidf,0.00021131988509489843
ham,4info,tfidf__4info,tfidf,0.00021131988509489843
ham,friends 150p,tfidf__friends 150p,tfidf,0.00021131988509489843
ham,hl,tfidf__hl,tfidf,0.00021131988509489843
ham,hl 4info,tfidf__hl 4info,tfidf,0.00021131988509489843
ham,reply hl,tfidf__reply hl,tfidf,0.00021131988509489843
ham,receipt,tfidf__receipt,tfidf,0.00021042861783399121
ham,frnd,tfidf__frnd,tfidf,0.00020975910563035525
ham,attempt touch,tfidf__attempt touch,tfidf,0.00020975887838755154
ham,new year,tfidf__new year,tfidf,0.00020971812347549734
ham,shopping,tfidf__shopping,tfidf,0.00020924982986254132
ham,tel,tfidf__tel,tfidf,0.00020890784533631837
ham,goto,tfidf__goto,tfidf,0.00020884028831144878
ham,draw 100,tfidf__draw 100,tfidf,0.00020882276115387948
ham,win 100,tfidf__win 100,tfidf,0.00020837818287963803
ham,frnd 62468,tfidf__frnd 62468,tfidf,0.00020727300959106295
ham,stop frnd,tfidf__stop frnd,tfidf,0.00020727300959106295
ham,150p tone,tfidf__150p tone,tfidf,0.00020626729521016195
ham,2005 text,tfidf__2005 text,tfidf,0.00020549673814400368
ham,21st 2005,tfidf__21st 2005,tfidf,0.00020549673814400368
ham,87121,tfidf__87121,tfidf,0.00020549673814400368
ham,entry question,tfidf__entry question,tfidf,0.00020549673814400368
ham,entry wkly,tfidf__entry wkly,tfidf,0.00020549673814400368
ham,fa 87121,tfidf__fa 87121,tfidf,0.00020549673814400368
ham,fa cup,tfidf__fa cup,tfidf,0.00020549673814400368
ham,final tkts,tfidf__final tkts,tfidf,0.00020549673814400368
ham,text fa,tfidf__text fa,tfidf,0.00020549673814400368
ham,tkts 21st,tfidf__tkts 21st,tfidf,0.00020549673814400368
ham,ur friends,tfidf__ur friends,tfidf,0.00020494196584794382
ham,txtin tell,tfidf__txtin tell,tfidf,0.00020465151613389005
ham,information orange,tfidf__information orange,tfidf,0.00020356438347055207
ham,orange user,tfidf__orange user,tfidf,0.00020356438347055207
ham,ph,tfidf__ph,tfidf,0.00020267286226350556
ham,stop texts,tfidf__stop texts,tfidf,0.00020248659447540536
ham,ingest embody,tfidf__ingest embody,tfidf,0.0002012945197380926
ham,86688 info,tfidf__86688 info,tfidf,0.0001982184680948132
ham,bonus special,tfidf__bonus special,tfidf,0.0001982184680948132
ham,genuine,tfidf__genuine,tfidf,0.0001982184680948132
ham,genuine hmv,tfidf__genuine hmv,tfidf,0.0001982184680948132
ham,hmv 86688,tfidf__hmv 86688,tfidf,0.0001982184680948132
ham,hmv bonus,tfidf__hmv bonus,tfidf,0.0001982184680948132
ham,hmv vouchers,tfidf__hmv vouchers,tfidf,0.0001982184680948132
ham,info urltoken,tfidf__info urltoken,tfidf,0.0001982184680948132
ham,pounds genuine,tfidf__pounds genuine,tfidf,0.0001982184680948132
ham,send hmv,tfidf__send hmv,tfidf,0.0001982184680948132
ham,special 500,tfidf__special 500,tfidf,0.0001982184680948132
ham,pick phone,tfidf__pick phone,tfidf,0.00019779929643801101
ham,cs urltoken,tfidf__cs urltoken,tfidf,0.00019692649256136224
ham,urltoken stop,tfidf__urltoken stop,tfidf,0.00019574778987491953
ham,seeing,tfidf__seeing,tfidf,0.00019520730670712284
ham,login,tfidf__login,tfidf,0.00019399516248952862
ham,start,tfidf__start,tfidf,0.00019380430297054438
ham,free phonetoken,tfidf__free phonetoken,tfidf,0.00019293108516033297
ham,movie,tfidf__movie,tfidf,0.00019248734937179536
ham,sch,tfidf__sch,tfidf,0.0001921124092268106
ham,cup final,tfidf__cup final,tfidf,0.00019134231491755162
ham,tkts,tfidf__tkts,tfidf,0.00019134231491755162
ham,ends,tfidf__ends,tfidf,0.0001911386387155204
ham,yahoo,tfidf__yahoo,tfidf,0.0001910520013979254
ham,account suspension,tfidf__account suspension,tfidf,0.00019089716624451475
ham,activity,tfidf__activity,tfidf,0.00019089716624451475
ham,log secure,tfidf__log secure,tfidf,0.00019089716624451475
ham,suspension,tfidf__suspension,tfidf,0.00019089716624451475
ham,unusual activity,tfidf__unusual activity,tfidf,0.00019089716624451475
ham,address dob,tfidf__address dob,tfidf,0.00019062745789470603
ham,asap ta,tfidf__asap ta,tfidf,0.00019062745789470603
ham,birds chaps,tfidf__birds chaps,tfidf,0.00019062745789470603
ham,champneys,tfidf__champneys,tfidf,0.00019062745789470603
ham,chaps,tfidf__chaps,tfidf,0.00019062745789470603
ham,chaps user,tfidf__chaps user,tfidf,0.00019062745789470603
ham,dob,tfidf__dob,tfidf,0.00019062745789470603
ham,dob asap,tfidf__dob asap,tfidf,0.00019062745789470603
ham,posh,tfidf__posh,tfidf,0.00019062745789470603
ham,posh birds,tfidf__posh birds,tfidf,0.00019062745789470603
ham,prods,tfidf__prods,tfidf,0.00019062745789470603
ham,prods champneys,tfidf__prods champneys,tfidf,0.00019062745789470603
ham,trial prods,tfidf__trial prods,tfidf,0.00019062745789470603
ham,user trial,tfidf__user trial,tfidf,0.00019062745789470603
ham,message phonetoken,tfidf__message phonetoken,tfidf,0.00019012014399910287
ham,86688 150p,tfidf__86688 150p,tfidf,0.0001893104809992336
ham,instructions,tfidf__instructions,tfidf,0.000188840513952648
ham,ingest advance,tfidf__ingest advance,tfidf,0.00018848845299006945
ham,double,tfidf__double,tfidf,0.00018836462456870023
ham,digital,tfidf__digital,tfidf,0.00018806079019342053
ham,digital camera,tfidf__digital camera,tfidf,0.00018806079019342053
ham,trial,tfidf__trial,tfidf,0.00018704800268892053
ham,equal,tfidf__equal,tfidf,0.00018588895034531695
ham,secret,tfidf__secret,tfidf,0.00018562502040209058
ham,fact,tfidf__fact,tfidf,0.00018251311331761688
ham,unusual,tfidf__unusual,tfidf,0.00018074131864304806
ham,goes,tfidf__goes,tfidf,0.00018043605331058833
ham,cash balance,tfidf__cash balance,tfidf,0.00017987513561626333
ham,currently 500,tfidf__currently 500,tfidf,0.00017987513561626333
ham,150p textoperator,tfidf__150p textoperator,tfidf,0.0001785734792039193
ham,18 xxx,tfidf__18 xxx,tfidf,0.0001785734792039193
ham,89555,tfidf__89555,tfidf,0.0001785734792039193
ham,g696ga,tfidf__g696ga,tfidf,0.0001785734792039193
ham,g696ga 18,tfidf__g696ga 18,tfidf,0.0001785734792039193
ham,textoperator,tfidf__textoperator,tfidf,0.0001785734792039193
ham,textoperator g696ga,tfidf__textoperator g696ga,tfidf,0.0001785734792039193
ham,access,tfidf__access,tfidf,0.00017856471989550612
ham,cash send,tfidf__cash send,tfidf,0.00017835656752384705
ham,admirer,tfidf__admirer,tfidf,0.00017746993156503884
ham,reveal,tfidf__reveal,tfidf,0.00017746993156503884
ham,secret admirer,tfidf__secret admirer,tfidf,0.00017746993156503884
ham,special phonetoken,tfidf__special phonetoken,tfidf,0.00017746993156503884
ham,yrs,tfidf__yrs,tfidf,0.00017709937604371936
ham,enjoyed new,tfidf__enjoyed new,tfidf,0.00017675852332706897
ham,latest camera,tfidf__latest camera,tfidf,0.00017672079976132317
ham,cum,tfidf__cum,tfidf,0.0001765401157420412
ham,birds,tfidf__birds,tfidf,0.00017640783537635078
ham,national rate,tfidf__national rate,tfidf,0.00017627288362771648
ham,arrange,tfidf__arrange,tfidf,0.00017541787732280854
ham,attempt contact,tfidf__attempt contact,tfidf,0.0001741653384473517
ham,received,tfidf__received,tfidf,0.00017158366801232777
ham,neva,tfidf__neva,tfidf,0.00017067483650325623
ham,discreet,tfidf__discreet,tfidf,0.00016983550784794183
ham,liverpool,tfidf__liverpool,tfidf,0.00016978311260698443
ham,ans 80062,tfidf__ans 80062,tfidf,0.00016957864931503968
ham,collected,tfidf__collected,tfidf,0.0001693920381103451
ham,collected simply,tfidf__collected simply,tfidf,0.0001693920381103451
ham,mix 85069,tfidf__mix 85069,tfidf,0.0001693920381103451
ham,text password,tfidf__text password,tfidf,0.0001693920381103451
ham,there's,tfidf__there's,tfidf,0.00016813409266606217
ham,reply date,tfidf__reply date,tfidf,0.00016791829095510658
ham,sam,tfidf__sam,tfidf,0.00016791138664499965
ham,half price,tfidf__half price,tfidf,0.00016696398625350856
ham,claims,tfidf__claims,tfidf,0.0001668647094981415
ham,stop send,tfidf__stop send,tfidf,0.00016569762381657042
ham,ascertain,tfidf__ascertain,tfidf,0.00016569372970144793
ham,freemsg txt,tfidf__freemsg txt,tfidf,0.0001653545149639892
ham,concert,tfidf__concert,tfidf,0.0001651881646940638
ham,contact reveal,tfidf__contact reveal,tfidf,0.0001651744433231862
ham,make contact,tfidf__make contact,tfidf,0.0001651744433231862
ham,ur special,tfidf__ur special,tfidf,0.0001651744433231862
ham,usher,tfidf__usher,tfidf,0.00016497123635832164
ham,reat,tfidf__reat,tfidf,0.000162893295238583
ham,line,tfidf__line,tfidf,0.00016230913904025763
ham,inform,tfidf__inform,tfidf,0.00016155484287496644
ham,10p min,tfidf__10p min,tfidf,0.00016134893796268418
ham,minute,tfidf__minute,tfidf,0.00016117022855152707
ham,somebody,tfidf__somebody,tfidf,0.00016068697358568733
ham,reply win,tfidf__reply win,tfidf,0.00016028963007653046
ham,stock,tfidf__stock,tfidf,0.0001599673183794616
ham,new nokia,tfidf__new nokia,tfidf,0.00015834161119499787
ham,calling,tfidf__calling,tfidf,0.0001578271339389838
ham,w1,tfidf__w1,tfidf,0.00015782250736384674
ham,86688 let's,tfidf__86688 let's,tfidf,0.00015758433103920714
ham,msg rcvd,tfidf__msg rcvd,tfidf,0.00015758433103920714
ham,rcvd hg,tfidf__rcvd hg,tfidf,0.00015758433103920714
ham,w1j6hl ldn,tfidf__w1j6hl ldn,tfidf,0.00015758433103920714
ham,83110,tfidf__83110,tfidf,0.0001568909040462947
ham,discreet text,tfidf__discreet text,tfidf,0.0001568909040462947
ham,fall love,tfidf__fall love,tfidf,0.0001568909040462947
ham,friends fall,tfidf__friends fall,tfidf,0.0001568909040462947
ham,love worlds,tfidf__love worlds,tfidf,0.0001568909040462947
ham,new friends,tfidf__new friends,tfidf,0.0001568909040462947
ham,service just,tfidf__service just,tfidf,0.0001568909040462947
ham,talk sexy,tfidf__talk sexy,tfidf,0.0001568909040462947
ham,text vip,tfidf__text vip,tfidf,0.0001568909040462947
ham,vip 83110,tfidf__vip 83110,tfidf,0.0001568909040462947
ham,worlds discreet,tfidf__worlds discreet,tfidf,0.0001568909040462947
ham,behave,tfidf__behave,tfidf,0.00015651470977821685
ham,ready,tfidf__ready,tfidf,0.00015603776407034964
ham,giving,tfidf__giving,tfidf,0.00015523826297810257
ham,rs 5000,tfidf__rs 5000,tfidf,0.00015474431493890184
ham,msg reply,tfidf__msg reply,tfidf,0.00015447478063553084
ham,unloosen,tfidf__unloosen,tfidf,0.00015431535564312522
ham,reply text,tfidf__reply text,tfidf,0.00015395302019674398
ham,pobox,tfidf__pobox,tfidf,0.0001534173369589483
ham,sport,tfidf__sport,tfidf,0.00015318023490991145
ham,charges,tfidf__charges,tfidf,0.00015230123230953788
ham,oso,tfidf__oso,tfidf,0.00015183877025619667
ham,stop stop,tfidf__stop stop,tfidf,0.00015142393768571798
ham,83049,tfidf__83049,tfidf,0.00015067787244129084
ham,currently tour,tfidf__currently tour,tfidf,0.00015067787244129084
ham,greet westlife,tfidf__greet westlife,tfidf,0.00015067787244129084
ham,text 83049,tfidf__text 83049,tfidf,0.00015067787244129084
ham,tour unbreakable,tfidf__tour unbreakable,tfidf,0.00015067787244129084
ham,unbreakable,tfidf__unbreakable,tfidf,0.00015067787244129084
ham,unbreakable untamed,tfidf__unbreakable untamed,tfidf,0.00015067787244129084
ham,unkempt,tfidf__unkempt,tfidf,0.00015067787244129084
ham,unkempt text,tfidf__unkempt text,tfidf,0.00015067787244129084
ham,untamed,tfidf__untamed,tfidf,0.00015067787244129084
ham,untamed unkempt,tfidf__untamed unkempt,tfidf,0.00015067787244129084
ham,wan2,tfidf__wan2,tfidf,0.00015067787244129084
ham,westlife,tfidf__westlife,tfidf,0.00015067787244129084
ham,westlife m8,tfidf__westlife m8,tfidf,0.00015067787244129084
ham,harry potter,tfidf__harry potter,tfidf,0.00015014388672295872
ham,newest harry,tfidf__newest harry,tfidf,0.00015014388672295872
ham,order phoenix,tfidf__order phoenix,tfidf,0.00015014388672295872
ham,phoenix,tfidf__phoenix,tfidf,0.00015014388672295872
ham,potter,tfidf__potter,tfidf,0.00015014388672295872
ham,potter order,tfidf__potter order,tfidf,0.00015014388672295872
ham,questions chance,tfidf__questions chance,tfidf,0.00015014388672295872
ham,readers,tfidf__readers,tfidf,0.00015014388672295872
ham,i'd like,tfidf__i'd like,tfidf,0.00015005776981518376
ham,luv,tfidf__luv,tfidf,0.00014998762129961286
ham,entered,tfidf__entered,tfidf,0.00014770594020413255
ham,launch,tfidf__launch,tfidf,0.00014661617565008247
ham,reply harry,tfidf__reply harry,tfidf,0.00014262590604153014
ham,ldn,tfidf__ldn,tfidf,0.00014153561511382864
ham,prize guaranteed,tfidf__prize guaranteed,tfidf,0.00014135644972110818
ham,69988,tfidf__69988,tfidf,0.000141045883291482
ham,chat svc,tfidf__chat svc,tfidf,0.000141045883291482
ham,free hardcore,tfidf__free hardcore,tfidf,0.000141045883291482
ham,hardcore services,tfidf__hardcore services,tfidf,0.000141045883291482
ham,msgs chat,tfidf__msgs chat,tfidf,0.000141045883291482
ham,network try,tfidf__network try,tfidf,0.000141045883291482
ham,rcv msgs,tfidf__rcv msgs,tfidf,0.000141045883291482
ham,services text,tfidf__services text,tfidf,0.000141045883291482
ham,svc,tfidf__svc,tfidf,0.000141045883291482
ham,svc free,tfidf__svc free,tfidf,0.000141045883291482
ham,you'll rcv,tfidf__you'll rcv,tfidf,0.000141045883291482
ham,yr network,tfidf__yr network,tfidf,0.000141045883291482
ham,uk mobile,tfidf__uk mobile,tfidf,0.00014006345408998082
ham,wife,tfidf__wife,tfidf,0.0001387017113721102
ham,87121 receive,tfidf__87121 receive,tfidf,0.0001375896129104311
ham,receive entry,tfidf__receive entry,tfidf,0.0001375896129104311
ham,comp win,tfidf__comp win,tfidf,0.00013757518012680637
ham,win fa,tfidf__win fa,tfidf,0.00013757518012680637
ham,numbers,tfidf__numbers,tfidf,0.0001374450004909419
ham,nab,tfidf__nab,tfidf,0.00013715394364871713
ham,camcorder,tfidf__camcorder,tfidf,0.00013638355984284473
ham,50 sp,tfidf__50 sp,tfidf,0.00013561352638574725
ham,82277 50,tfidf__82277 50,tfidf,0.00013561352638574725
ham,sp tyrone,tfidf__sp tyrone,tfidf,0.00013561352638574725
ham,tyrone,tfidf__tyrone,tfidf,0.00013561352638574725
ham,arrive,tfidf__arrive,tfidf,0.00013527014227790877
ham,pm,tfidf__pm,tfidf,0.00013501448637688737
ham,tncs,tfidf__tncs,tfidf,0.00013379631177873626
ham,1d,tfidf__1d,tfidf,0.00013332168571737917
ham,apple 1d,tfidf__apple 1d,tfidf,0.00013332168571737917
ham,today prevent,tfidf__today prevent,tfidf,0.00013332168571737917
ham,mobile txt,tfidf__mobile txt,tfidf,0.00013221849809661932
ham,unclaimed,tfidf__unclaimed,tfidf,0.000132186587130889
ham,help phonetoken,tfidf__help phonetoken,tfidf,0.00013209754220608192
ham,didnt,tfidf__didnt,tfidf,0.00013203380827753547
ham,games arcade,tfidf__games arcade,tfidf,0.00013197499358058644
ham,dress,tfidf__dress,tfidf,0.0001319319973776316
ham,ingest won,tfidf__ingest won,tfidf,0.00013108921994727418
ham,forgot,tfidf__forgot,tfidf,0.00013043525490382418
ham,feb,tfidf__feb,tfidf,0.00013030712167885864
ham,delivery,tfidf__delivery,tfidf,0.0001300089854562192
ham,mates,tfidf__mates,tfidf,0.0001278759850773468
ham,fr,tfidf__fr,tfidf,0.00012733773690279537
ham,8th,tfidf__8th,tfidf,0.00012683961753394586
ham,member,tfidf__member,tfidf,0.00012667001071150336
ham,worlds,tfidf__worlds,tfidf,0.0001265864763726344
ham,cerebrate ur,tfidf__cerebrate ur,tfidf,0.00012609780182284774
ham,win sony,tfidf__win sony,tfidf,0.00012602921463787455
ham,wkly win,tfidf__wkly win,tfidf,0.00012602921463787455
ham,download content,tfidf__download content,tfidf,0.00012592461269454424
ham,pete,tfidf__pete,tfidf,0.0001258925331260886
ham,loyalty,tfidf__loyalty,tfidf,0.00012555808331952858
ham,18 150p,tfidf__18 150p,tfidf,0.00012553895298895746
ham,m8,tfidf__m8,tfidf,0.000125521213969477
ham,tour,tfidf__tour,tfidf,0.00012549612021702216
ham,cerebrate,tfidf__cerebrate,tfidf,0.00012482535417657014
ham,answer easy,tfidf__answer easy,tfidf,0.0001236412087540859
ham,easy questions,tfidf__easy questions,tfidf,0.0001236412087540859
ham,won just,tfidf__won just,tfidf,0.0001236412087540859
ham,meet greet,tfidf__meet greet,tfidf,0.00012265340160647506
ham,85023 savamob,tfidf__85023 savamob,tfidf,0.00012205449188460037
ham,offers mobile,tfidf__offers mobile,tfidf,0.00012205449188460037
ham,2000 award,tfidf__2000 award,tfidf,0.00012107409136202622
ham,award speak,tfidf__award speak,tfidf,0.00012107409136202622
ham,c's apply,tfidf__c's apply,tfidf,0.00012073788180261265
ham,landline,tfidf__landline,tfidf,0.00011968959106736167
ham,important message,tfidf__important message,tfidf,0.00011967378102024631
ham,yesterday,tfidf__yesterday,tfidf,0.0001190836355086722
ham,send free,tfidf__send free,tfidf,0.00011905389917282493
ham,india,tfidf__india,tfidf,0.00011828159002278288
ham,friendly,tfidf__friendly,tfidf,0.00011774859658785198
ham,friendly reminder,tfidf__friendly reminder,tfidf,0.00011774859658785198
ham,reminder don't,tfidf__reminder don't,tfidf,0.00011774859658785198
ham,sam update,tfidf__sam update,tfidf,0.00011774859658785198
ham,update day,tfidf__update day,tfidf,0.00011774859658785198
ham,competition,tfidf__competition,tfidf,0.00011755682173587274
ham,recent,tfidf__recent,tfidf,0.00011744543015386805
ham,just 25p,tfidf__just 25p,tfidf,0.00011624119124726748
ham,holder,tfidf__holder,tfidf,0.00011612971716508764
ham,maximize,tfidf__maximize,tfidf,0.00011447845210195204
ham,maximize ur,tfidf__maximize ur,tfidf,0.00011447845210195204
ham,services phonetoken,tfidf__services phonetoken,tfidf,0.0001142111672600456
ham,restrain,tfidf__restrain,tfidf,0.00011415519850571712
ham,age,tfidf__age,tfidf,0.0001136104637834956
ham,place stop,tfidf__place stop,tfidf,0.00011359969808115333
ham,week starting,tfidf__week starting,tfidf,0.00011277916733619579
ham,company,tfidf__company,tfidf,0.00011205553947404748
ham,queries,tfidf__queries,tfidf,0.00011204436465502479
ham,bored,tfidf__bored,tfidf,0.00011191353791359005
ham,pic,tfidf__pic,tfidf,0.00011127294485930527
ham,win newest,tfidf__win newest,tfidf,0.00011115903992304992
ham,wow,tfidf__wow,tfidf,0.00011115750990315553
ham,stuff,tfidf__stuff,tfidf,0.0001110326280843142
ham,respond,tfidf__respond,tfidf,0.00011061545151739561
ham,purchase,tfidf__purchase,tfidf,0.00011022734851455055
ham,lover,tfidf__lover,tfidf,0.00011021256823071072
ham,single,tfidf__single,tfidf,0.00011012486289409607
ham,specially choose,tfidf__specially choose,tfidf,0.0001094593395829317
ham,stop opt,tfidf__stop opt,tfidf,0.00010891176767882229
ham,nokia 8007,tfidf__nokia 8007,tfidf,0.00010869913309078263
ham,matches,tfidf__matches,tfidf,0.00010867367293892046
ham,phone urltoken,tfidf__phone urltoken,tfidf,0.00010860378924869086
ham,087123002209am,tfidf__087123002209am,tfidf,0.00010761216657311404
ham,087123002209am 7pm,tfidf__087123002209am 7pm,tfidf,0.00010761216657311404
ham,network mins,tfidf__network mins,tfidf,0.00010742882860858179
ham,inviting,tfidf__inviting,tfidf,0.00010727576833846188
ham,ok lor,tfidf__ok lor,tfidf,0.00010657192680990072
ham,greet,tfidf__greet,tfidf,0.00010542672005278044
ham,really want,tfidf__really want,tfidf,0.00010507542486372147
ham,request,tfidf__request,tfidf,0.00010487377451349273
ham,latest orange,tfidf__latest orange,tfidf,0.00010468171789329961
ham,m263uz,tfidf__m263uz,tfidf,0.00010459066625068575
ham,gbs630y,tfidf__gbs630y,tfidf,0.00010407959015099925
ham,urltoken gbs630y,tfidf__urltoken gbs630y,tfidf,0.00010407959015099925
ham,optout,tfidf__optout,tfidf,0.00010358598559265047
ham,optout txt,tfidf__optout txt,tfidf,0.00010358598559265047
ham,m8 currently,tfidf__m8 currently,tfidf,0.00010315091366859964
ham,winner ingest,tfidf__winner ingest,tfidf,0.000102525991221821
ham,750 anytime,tfidf__750 anytime,tfidf,0.00010231961662271827
ham,offer pc,tfidf__offer pc,tfidf,0.00010212879958139194
ham,weeks offer,tfidf__weeks offer,tfidf,0.00010212879958139194
ham,new message,tfidf__new message,tfidf,0.00010203604407102893
ham,kyc,tfidf__kyc,tfidf,0.00010160478674464366
ham,online store,tfidf__online store,tfidf,0.00010145177981083155
ham,account information,tfidf__account information,tfidf,0.00010138695985967562
ham,coronavirus penalty,tfidf__coronavirus penalty,tfidf,0.00010138695985967562
ham,fine 35,tfidf__fine 35,tfidf,0.00010138695985967562
ham,information visit,tfidf__information visit,tfidf,0.00010138695985967562
ham,occasions yesterday,tfidf__occasions yesterday,tfidf,0.00010138695985967562
ham,yesterday fine,tfidf__yesterday fine,tfidf,0.00010138695985967562
ham,ice,tfidf__ice,tfidf,0.00010132681337001451
ham,somebody know,tfidf__somebody know,tfidf,0.00010126836752363798
ham,hard,tfidf__hard,tfidf,0.00010027386384314542
ham,recall ur,tfidf__recall ur,tfidf,9.945899205613048e-05
ham,762,tfidf__762,tfidf,9.93972364155364e-05
ham,looking make,tfidf__looking make,tfidf,9.935877821427775e-05
ham,mobile week,tfidf__mobile week,tfidf,9.855314032007684e-05
ham,1st wk,tfidf__1st wk,tfidf,9.849873518820313e-05
ham,wk free,tfidf__wk free,tfidf,9.849873518820313e-05
ham,successfully,tfidf__successfully,tfidf,9.845167813684819e-05
ham,dear voucher,tfidf__dear voucher,tfidf,9.834088610308289e-05
ham,voucher holder,tfidf__voucher holder,tfidf,9.834088610308289e-05
ham,protect,tfidf__protect,tfidf,9.769570599211314e-05
ham,recall,tfidf__recall,tfidf,9.743253853489006e-05
ham,rply,tfidf__rply,tfidf,9.711105127566705e-05
ham,save,tfidf__save,tfidf,9.681906574447782e-05
ham,hope enjoyed,tfidf__hope enjoyed,tfidf,9.64838564150238e-05
ham,phonetoken 10p,tfidf__phonetoken 10p,tfidf,9.594561774922487e-05
ham,00 000,tfidf__00 000,tfidf,9.562423671262952e-05
ham,pc,tfidf__pc,tfidf,9.537471767387939e-05
ham,booked,tfidf__booked,tfidf,9.478660784591253e-05
ham,anytime network,tfidf__anytime network,tfidf,9.374228034115614e-05
ham,900,tfidf__900,tfidf,9.317410256770423e-05
ham,atm card,tfidf__atm card,tfidf,9.270961072599758e-05
ham,access airtel,tfidf__access airtel,tfidf,9.235607760784487e-05
ham,activation,tfidf__activation,tfidf,9.235607760784487e-05
ham,activation rental,tfidf__activation rental,tfidf,9.235607760784487e-05
ham,browser,tfidf__browser,tfidf,9.235607760784487e-05
ham,browser select,tfidf__browser select,tfidf,9.235607760784487e-05
ham,browsing,tfidf__browsing,tfidf,9.235607760784487e-05
ham,browsing charges,tfidf__browsing charges,tfidf,9.235607760784487e-05
ham,charges airtel,tfidf__charges airtel,tfidf,9.235607760784487e-05
ham,internet browser,tfidf__internet browser,tfidf,9.235607760784487e-05
ham,key nokia,tfidf__key nokia,tfidf,9.235607760784487e-05
ham,launch internet,tfidf__launch internet,tfidf,9.235607760784487e-05
ham,live goto,tfidf__live goto,tfidf,9.235607760784487e-05
ham,live long,tfidf__live long,tfidf,9.235607760784487e-05
ham,mms settings,tfidf__mms settings,tfidf,9.235607760784487e-05
ham,mobile office,tfidf__mobile office,tfidf,9.235607760784487e-05
ham,nokia phones,tfidf__nokia phones,tfidf,9.235607760784487e-05
ham,phone access,tfidf__phone access,tfidf,9.235607760784487e-05
ham,phones launch,tfidf__phones launch,tfidf,9.235607760784487e-05
ham,rental browsing,tfidf__rental browsing,tfidf,9.235607760784487e-05
ham,select airtel,tfidf__select airtel,tfidf,9.235607760784487e-05
ham,ph phonetoken,tfidf__ph phonetoken,tfidf,9.229364979394031e-05
ham,coronavirus,tfidf__coronavirus,tfidf,9.221462962373688e-05
ham,400 proze,tfidf__400 proze,tfidf,9.213778510309522e-05
ham,50 mtmsgrcvd18,tfidf__50 mtmsgrcvd18,tfidf,9.213778510309522e-05
ham,mobile ipod,tfidf__mobile ipod,tfidf,9.213778510309522e-05
ham,player 400,tfidf__player 400,tfidf,9.213778510309522e-05
ham,proze,tfidf__proze,tfidf,9.213778510309522e-05
ham,country,tfidf__country,tfidf,9.209654989615954e-05
ham,questions send,tfidf__questions send,tfidf,9.2086826806175e-05
ham,pobox36504w45wq,tfidf__pobox36504w45wq,tfidf,9.123939315458805e-05
ham,wk txt,tfidf__wk txt,tfidf,9.116583146984365e-05
ham,haven't,tfidf__haven't,tfidf,9.107834956217463e-05
ham,150p min,tfidf__150p min,tfidf,9.106085109252442e-05
ham,mobileupd8,tfidf__mobileupd8,tfidf,9.07739301685525e-05
ham,urltoken free,tfidf__urltoken free,tfidf,9.020762814971855e-05
ham,country liverpool,tfidf__country liverpool,tfidf,9.003583772379729e-05
ham,mid week,tfidf__mid week,tfidf,9.003583772379729e-05
ham,fancy,tfidf__fancy,tfidf,8.92478152880577e-05
ham,aft,tfidf__aft,tfidf,8.918291822193765e-05
ham,bt national,tfidf__bt national,tfidf,8.826958947087376e-05
ham,westpac,tfidf__westpac,tfidf,8.821897648559255e-05
ham,simply,tfidf__simply,tfidf,8.807621378067349e-05
ham,starting,tfidf__starting,tfidf,8.759513828838118e-05
ham,fantastic surprise,tfidf__fantastic surprise,tfidf,8.696723259111702e-05
ham,user today,tfidf__user today,tfidf,8.696723259111702e-05
ham,official,tfidf__official,tfidf,8.678248166599178e-05
ham,paytm kyc,tfidf__paytm kyc,tfidf,8.654206327667626e-05
ham,biggest,tfidf__biggest,tfidf,8.640631711545365e-05
ham,professional,tfidf__professional,tfidf,8.608890135775495e-05
ham,professional sport,tfidf__professional sport,tfidf,8.608890135775495e-05
ham,tiger,tfidf__tiger,tfidf,8.608890135775495e-05
ham,tiger woods,tfidf__tiger woods,tfidf,8.608890135775495e-05
ham,weekly professional,tfidf__weekly professional,tfidf,8.608890135775495e-05
ham,woods,tfidf__woods,tfidf,8.608890135775495e-05
ham,woods play,tfidf__woods play,tfidf,8.608890135775495e-05
ham,week txt,tfidf__week txt,tfidf,8.475682749479386e-05
ham,day log,tfidf__day log,tfidf,8.471367568053777e-05
ham,new video,tfidf__new video,tfidf,8.43702132412966e-05
ham,added,tfidf__added,tfidf,8.365571962826465e-05
ham,daily,tfidf__daily,tfidf,8.355310168333859e-05
ham,inviting friend,tfidf__inviting friend,tfidf,8.331475243111359e-05
ham,pix,tfidf__pix,tfidf,8.291364955802898e-05
ham,trust,tfidf__trust,tfidf,8.215123007207112e-05
ham,hot,tfidf__hot,tfidf,8.173568763247324e-05
ham,150p mtmsg,tfidf__150p mtmsg,tfidf,8.086579934087515e-05
ham,4t ctxt,tfidf__4t ctxt,tfidf,8.086579934087515e-05
ham,ctxt,tfidf__ctxt,tfidf,8.086579934087515e-05
ham,ctxt tc,tfidf__ctxt tc,tfidf,8.086579934087515e-05
ham,hi customer,tfidf__hi customer,tfidf,8.086579934087515e-05
ham,mtmsg,tfidf__mtmsg,tfidf,8.086579934087515e-05
ham,new nokia6650,tfidf__new nokia6650,tfidf,8.086579934087515e-05
ham,nokia6650,tfidf__nokia6650,tfidf,8.086579934087515e-05
ham,nokia6650 mobile,tfidf__nokia6650 mobile,tfidf,8.086579934087515e-05
ham,tc 150p,tfidf__tc 150p,tfidf,8.086579934087515e-05
ham,video phone,tfidf__video phone,tfidf,8.080910650191421e-05
ham,office ph,tfidf__office ph,tfidf,8.077762757287003e-05
ham,confirm sam,tfidf__confirm sam,tfidf,8.052527934954929e-05
ham,phonetoken landline,tfidf__phonetoken landline,tfidf,8.04857021813947e-05
ham,wks,tfidf__wks,tfidf,7.999939272842426e-05
ham,suspended,tfidf__suspended,tfidf,7.964174697616886e-05
ham,line rental,tfidf__line rental,tfidf,7.956434221418059e-05
ham,upgrade,tfidf__upgrade,tfidf,7.916391760356971e-05
ham,50 ur,tfidf__50 ur,tfidf,7.915027454225463e-05
ham,83338,tfidf__83338,tfidf,7.915027454225463e-05
ham,83338 game,tfidf__83338 game,tfidf,7.915027454225463e-05
ham,8ball,tfidf__8ball,tfidf,7.915027454225463e-05
ham,8ball wallpaper,tfidf__8ball wallpaper,tfidf,7.915027454225463e-05
ham,free 8ball,tfidf__free 8ball,tfidf,7.915027454225463e-05
ham,game 50,tfidf__game 50,tfidf,7.915027454225463e-05
ham,game ll,tfidf__game ll,tfidf,7.915027454225463e-05
ham,ll send,tfidf__ll send,tfidf,7.915027454225463e-05
ham,man game,tfidf__man game,tfidf,7.915027454225463e-05
ham,marvel,tfidf__marvel,tfidf,7.915027454225463e-05
ham,marvel mobile,tfidf__marvel mobile,tfidf,7.915027454225463e-05
ham,mobile right,tfidf__mobile right,tfidf,7.915027454225463e-05
ham,official ultimate,tfidf__official ultimate,tfidf,7.915027454225463e-05
ham,right text,tfidf__right text,tfidf,7.915027454225463e-05
ham,spider 83338,tfidf__spider 83338,tfidf,7.915027454225463e-05
ham,spider man,tfidf__spider man,tfidf,7.915027454225463e-05
ham,text spider,tfidf__text spider,tfidf,7.915027454225463e-05
ham,ultimate,tfidf__ultimate,tfidf,7.915027454225463e-05
ham,ultimate spider,tfidf__ultimate spider,tfidf,7.915027454225463e-05
ham,delivered phone,tfidf__delivered phone,tfidf,7.895611208663717e-05
ham,successfully delivered,tfidf__successfully delivered,tfidf,7.895611208663717e-05
ham,survey,tfidf__survey,tfidf,7.869504509428306e-05
ham,8077,tfidf__8077,tfidf,7.854733751975084e-05
ham,nokia 8077,tfidf__nokia 8077,tfidf,7.854733751975084e-05
ham,date service,tfidf__date service,tfidf,7.814388811640663e-05
ham,flirt,tfidf__flirt,tfidf,7.794281135771216e-05
ham,activate customer,tfidf__activate customer,tfidf,7.75898658234561e-05
ham,prove,tfidf__prove,tfidf,7.743468750032135e-05
ham,txting,tfidf__txting,tfidf,7.741884421772055e-05
ham,i'd,tfidf__i'd,tfidf,7.69181126822138e-05
ham,bid embody,tfidf__bid embody,tfidf,7.676552956982555e-05
ham,nokia mobile,tfidf__nokia mobile,tfidf,7.673184192093632e-05
ham,weekends,tfidf__weekends,tfidf,7.669630537639625e-05
ham,cater,tfidf__cater,tfidf,7.65262521873067e-05
ham,time use,tfidf__time use,tfidf,7.616077207811854e-05
ham,battle,tfidf__battle,tfidf,7.546988393163324e-05
ham,choose receive,tfidf__choose receive,tfidf,7.469896607551397e-05
ham,today embody,tfidf__today embody,tfidf,7.439854515180844e-05
ham,urltoken ts,tfidf__urltoken ts,tfidf,7.408850081468909e-05
ham,reply phonetoken,tfidf__reply phonetoken,tfidf,7.382553025953114e-05
ham,cs savamob,tfidf__cs savamob,tfidf,7.375119901095754e-05
ham,pobox84 m263uz,tfidf__pobox84 m263uz,tfidf,7.375119901095754e-05
ham,savamob pobox84,tfidf__savamob pobox84,tfidf,7.375119901095754e-05
ham,delivered,tfidf__delivered,tfidf,7.353326619414666e-05
ham,cheap,tfidf__cheap,tfidf,7.343397284114822e-05
ham,connect,tfidf__connect,tfidf,7.332813985933341e-05
ham,photo,tfidf__photo,tfidf,7.213719713364038e-05
ham,final chance,tfidf__final chance,tfidf,7.14787373851674e-05
ham,whats,tfidf__whats,tfidf,7.144644050203502e-05
ham,https,tfidf__https,tfidf,7.12203660038977e-05
ham,https urltoken,tfidf__https urltoken,tfidf,7.12203660038977e-05
ham,claim free,tfidf__claim free,tfidf,7.075175379920443e-05
ham,dog,tfidf__dog,tfidf,7.067489506661897e-05
ham,fancies,tfidf__fancies,tfidf,7.056244631780427e-05
ham,latest colour,tfidf__latest colour,tfidf,7.00954515411501e-05
ham,xmas,tfidf__xmas,tfidf,6.920913863812944e-05
ham,today lucky,tfidf__today lucky,tfidf,6.893608231272755e-05
ham,camcorder reply,tfidf__camcorder reply,tfidf,6.882075430458228e-05
ham,4t,tfidf__4t,tfidf,6.851193464135709e-05
ham,910,tfidf__910,tfidf,6.823701156721087e-05
ham,there's fantastic,tfidf__there's fantastic,tfidf,6.77043083513438e-05
ham,urltoken there's,tfidf__urltoken there's,tfidf,6.77043083513438e-05
ham,87066 tncs,tfidf__87066 tncs,tfidf,6.761177329187575e-05
ham,tncs urltoken,tfidf__tncs urltoken,tfidf,6.761177329187575e-05
ham,24,tfidf__24,tfidf,6.726248880510831e-05
ham,mins half,tfidf__mins half,tfidf,6.702718252930746e-05
ham,nonplus,tfidf__nonplus,tfidf,6.697520372680915e-05
ham,claim weeks,tfidf__claim weeks,tfidf,6.68761190877803e-05
ham,nokia tones,tfidf__nokia tones,tfidf,6.650984746147478e-05
ham,customers,tfidf__customers,tfidf,6.560167145248314e-05
ham,mobiles,tfidf__mobiles,tfidf,6.528356354754875e-05
ham,6000,tfidf__6000,tfidf,6.523780196188072e-05
ham,msg mobile,tfidf__msg mobile,tfidf,6.504964585972534e-05
ham,know country,tfidf__know country,tfidf,6.46717968226185e-05
ham,player know,tfidf__player know,tfidf,6.46717968226185e-05
ham,holder claim,tfidf__holder claim,tfidf,6.408141609046624e-05
ham,press,tfidf__press,tfidf,6.38077133049738e-05
ham,customer services,tfidf__customer services,tfidf,6.376168865635445e-05
ham,phonetoken claim,tfidf__phonetoken claim,tfidf,6.371980988199525e-05
ham,used,tfidf__used,tfidf,6.291837709385007e-05
ham,balance currently,tfidf__balance currently,tfidf,6.23402298783539e-05
ham,activated,tfidf__activated,tfidf,6.232113817711121e-05
ham,nyt,tfidf__nyt,tfidf,6.209105259200406e-05
ham,claim code,tfidf__claim code,tfidf,6.164596361436506e-05
ham,congratulations ur,tfidf__congratulations ur,tfidf,6.154631433106569e-05
ham,vs,tfidf__vs,tfidf,6.14060854545763e-05
ham,yell phonetoken,tfidf__yell phonetoken,tfidf,6.117043620188044e-05
ham,enjoyed,tfidf__enjoyed,tfidf,6.0838965395924866e-05
ham,space,tfidf__space,tfidf,6.046121282175867e-05
ham,10 txtauction,tfidf__10 txtauction,tfidf,5.95762299822346e-05
ham,81151,tfidf__81151,tfidf,5.95762299822346e-05
ham,customer loyalty,tfidf__customer loyalty,tfidf,5.95762299822346e-05
ham,loyalty offer,tfidf__loyalty offer,tfidf,5.95762299822346e-05
ham,start 81151,tfidf__start 81151,tfidf,5.95762299822346e-05
ham,txtauction txt,tfidf__txtauction txt,tfidf,5.95762299822346e-05
ham,word start,tfidf__word start,tfidf,5.95762299822346e-05
ham,29,tfidf__29,tfidf,5.946932456311697e-05
ham,tc,tfidf__tc,tfidf,5.8556727636007314e-05
ham,totally,tfidf__totally,tfidf,5.843774220738455e-05
ham,play send,tfidf__play send,tfidf,5.8143703071900194e-05
ham,ur mates,tfidf__ur mates,tfidf,5.792199386580746e-05
ham,151,tfidf__151,tfidf,5.788949494803243e-05
ham,love life,tfidf__love life,tfidf,5.73546884228946e-05
ham,choice,tfidf__choice,tfidf,5.733101064158174e-05
ham,2nd time,tfidf__2nd time,tfidf,5.724106522281297e-05
ham,pay activation,tfidf__pay activation,tfidf,5.714205074966105e-05
ham,8077 urltoken,tfidf__8077 urltoken,tfidf,5.657118388520999e-05
ham,upgrade atm,tfidf__upgrade atm,tfidf,5.6534710183600836e-05
ham,mobile cs,tfidf__mobile cs,tfidf,5.6109715995653684e-05
ham,gain,tfidf__gain,tfidf,5.606059829714486e-05
ham,colour camera,tfidf__colour camera,tfidf,5.602404940475933e-05
ham,figure,tfidf__figure,tfidf,5.5833408613109114e-05
ham,content send,tfidf__content send,tfidf,5.525040457797724e-05
ham,send mms,tfidf__send mms,tfidf,5.525040457797724e-05
ham,member offers,tfidf__member offers,tfidf,5.5101590389636505e-05
ham,savamob member,tfidf__savamob member,tfidf,5.5101590389636505e-05
ham,yes 85023,tfidf__yes 85023,tfidf,5.5101590389636505e-05
ham,21,tfidf__21,tfidf,5.453749164909548e-05
ham,loss,tfidf__loss,tfidf,5.403143770770024e-05
ham,cash holiday,tfidf__cash holiday,tfidf,5.371777648222107e-05
ham,surprise awaiting,tfidf__surprise awaiting,tfidf,5.3596793288209265e-05
ham,player experience,tfidf__player experience,tfidf,5.3099008378689426e-05
ham,update free,tfidf__update free,tfidf,5.285088844107429e-05
ham,call2optout,tfidf__call2optout,tfidf,5.270428727424996e-05
ham,phonetoken call2optout,tfidf__phonetoken call2optout,tfidf,5.270428727424996e-05
ham,14,tfidf__14,tfidf,5.24206073496438e-05
ham,urgent important,tfidf__urgent important,tfidf,5.23426956747021e-05
ham,84128,tfidf__84128,tfidf,5.230693289750357e-05
ham,cut,tfidf__cut,tfidf,5.2039742793111905e-05
ham,inr,tfidf__inr,tfidf,5.175672704074364e-05
ham,ingest exist,tfidf__ingest exist,tfidf,5.098725871318826e-05
ham,address,tfidf__address,tfidf,5.09439512916963e-05
ham,02,tfidf__02,tfidf,5.083183819379885e-05
ham,awaiting,tfidf__awaiting,tfidf,5.000556890524787e-05
ham,hottest,tfidf__hottest,tfidf,4.970742468659472e-05
ham,polys,tfidf__polys,tfidf,4.933604236676572e-05
ham,buy,tfidf__buy,tfidf,4.9039717015420144e-05
ham,long pressing,tfidf__long pressing,tfidf,4.888357402684849e-05
ham,pressing,tfidf__pressing,tfidf,4.888357402684849e-05
ham,pressing key,tfidf__pressing key,tfidf,4.888357402684849e-05
ham,rs 00,tfidf__rs 00,tfidf,4.858838284402782e-05
ham,fone,tfidf__fone,tfidf,4.8537941179815886e-05
ham,process,tfidf__process,tfidf,4.833461058414561e-05
ham,assure,tfidf__assure,tfidf,4.8138327711224604e-05
ham,750 pound,tfidf__750 pound,tfidf,4.782401263701753e-05
ham,easy phonetoken,tfidf__easy phonetoken,tfidf,4.782401263701753e-05
ham,pound prize,tfidf__pound prize,tfidf,4.782401263701753e-05
ham,line phonetoken,tfidf__line phonetoken,tfidf,4.77542195412413e-05
ham,visit urltoken,tfidf__visit urltoken,tfidf,4.770776476933571e-05
ham,week free,tfidf__week free,tfidf,4.7653432512956466e-05
ham,phonetoken reply,tfidf__phonetoken reply,tfidf,4.706693131400686e-05
ham,red,tfidf__red,tfidf,4.6977167051447613e-05
ham,attempt reach,tfidf__attempt reach,tfidf,4.678995428381537e-05
ham,don't want,tfidf__don't want,tfidf,4.664868245461025e-05
ham,paytm office,tfidf__paytm office,tfidf,4.6444936138202273e-05
ham,standard,tfidf__standard,tfidf,4.596462931435487e-05
ham,ta,tfidf__ta,tfidf,4.5813255224276226e-05
ham,office mms,tfidf__office mms,tfidf,4.5134900270631615e-05
ham,enjoin,tfidf__enjoin,tfidf,4.49898405730219e-05
ham,8pm,tfidf__8pm,tfidf,4.489437698429e-05
ham,8pm click,tfidf__8pm click,tfidf,4.489437698429e-05
ham,alerts click,tfidf__alerts click,tfidf,4.489437698429e-05
ham,battle royale,tfidf__battle royale,tfidf,4.489437698429e-05
ham,gilchrist,tfidf__gilchrist,tfidf,4.489437698429e-05
ham,gilchrist vs,tfidf__gilchrist vs,tfidf,4.489437698429e-05
ham,ipl,tfidf__ipl,tfidf,4.489437698429e-05
ham,ipl mobile,tfidf__ipl mobile,tfidf,4.489437698429e-05
ham,mix alerts,tfidf__mix alerts,tfidf,4.489437698429e-05
ham,pl battle,tfidf__pl battle,tfidf,4.489437698429e-05
ham,royale,tfidf__royale,tfidf,4.489437698429e-05
ham,royale gilchrist,tfidf__royale gilchrist,tfidf,4.489437698429e-05
ham,today 8pm,tfidf__today 8pm,tfidf,4.489437698429e-05
ham,urltoken ipl,tfidf__urltoken ipl,tfidf,4.489437698429e-05
ham,vs warne,tfidf__vs warne,tfidf,4.489437698429e-05
ham,warne,tfidf__warne,tfidf,4.489437698429e-05
ham,warne today,tfidf__warne today,tfidf,4.489437698429e-05
ham,urltoken fantastic,tfidf__urltoken fantastic,tfidf,4.478317958026722e-05
ham,complete paytm,tfidf__complete paytm,tfidf,4.4562606168127863e-05
ham,kyc paytm,tfidf__kyc paytm,tfidf,4.4562606168127863e-05
ham,paytm complete,tfidf__paytm complete,tfidf,4.4562606168127863e-05
ham,36504,tfidf__36504,tfidf,4.448609674054931e-05
ham,pobox 36504,tfidf__pobox 36504,tfidf,4.448609674054931e-05
ham,unable,tfidf__unable,tfidf,4.448297552879731e-05
ham,rental camcorder,tfidf__rental camcorder,tfidf,4.434333897201549e-05
ham,want chat,tfidf__want chat,tfidf,4.4162049245844526e-05
ham,airport,tfidf__airport,tfidf,4.3566227746692215e-05
ham,experience won,tfidf__experience won,tfidf,4.330294279478145e-05
ham,land line,tfidf__land line,tfidf,4.302914961332488e-05
ham,joined,tfidf__joined,tfidf,4.279635754269832e-05
ham,just phonetoken,tfidf__just phonetoken,tfidf,4.238799424754531e-05
ham,phone 750,tfidf__phone 750,tfidf,4.2205414541337814e-05
ham,handset,tfidf__handset,tfidf,4.1767048670775874e-05
ham,urltoken reply,tfidf__urltoken reply,tfidf,4.1522257914090855e-05
ham,we'll,tfidf__we'll,tfidf,4.1308136756394774e-05
ham,admirer looking,tfidf__admirer looking,tfidf,4.125916736339348e-05
ham,institutionalize stop,tfidf__institutionalize stop,tfidf,4.118905151197789e-05
ham,100 free,tfidf__100 free,tfidf,4.0765057732646795e-05
ham,phonetoken stop,tfidf__phonetoken stop,tfidf,4.0675551221447386e-05
ham,today urltoken,tfidf__today urltoken,tfidf,4.056358155937941e-05
ham,caller,tfidf__caller,tfidf,4.011386097131446e-05
ham,till,tfidf__till,tfidf,4.003661207185327e-05
ham,rate c's,tfidf__rate c's,tfidf,3.9964122913095824e-05
ham,std txt,tfidf__std txt,tfidf,3.9964122913095824e-05
ham,txt rate,tfidf__txt rate,tfidf,3.9964122913095824e-05
ham,8007 urltoken,tfidf__8007 urltoken,tfidf,3.965713017782917e-05
ham,wanted,tfidf__wanted,tfidf,3.9441193170398396e-05
ham,time tried,tfidf__time tried,tfidf,3.9434879026298245e-05
ham,let's,tfidf__let's,tfidf,3.8880342032566156e-05
ham,xx,tfidf__xx,tfidf,3.8818413301926395e-05
ham,identifier,tfidf__identifier,tfidf,3.8706676045127335e-05
ham,identifier code,tfidf__identifier code,tfidf,3.8706676045127335e-05
ham,phonetoken identifier,tfidf__phonetoken identifier,tfidf,3.8706676045127335e-05
ham,surprise,tfidf__surprise,tfidf,3.8705253184095816e-05
ham,accumulate,tfidf__accumulate,tfidf,3.850742458959541e-05
ham,commercial,tfidf__commercial,tfidf,3.810619963138744e-05
ham,delight,tfidf__delight,tfidf,3.7952515576040206e-05
ham,ve,tfidf__ve,tfidf,3.777136970689712e-05
ham,guaranteed phonetoken,tfidf__guaranteed phonetoken,tfidf,3.775497603975162e-05
ham,15,tfidf__15,tfidf,3.762321058100056e-05
ham,claim phonetoken,tfidf__claim phonetoken,tfidf,3.7105039704865695e-05
ham,psf,tfidf__psf,tfidf,3.698585409015222e-05
ham,claim easy,tfidf__claim easy,tfidf,3.67054448073959e-05
ham,gentle,tfidf__gentle,tfidf,3.654370182261339e-05
ham,effect,tfidf__effect,tfidf,3.646167075647869e-05
ham,mobile exist,tfidf__mobile exist,tfidf,3.623490897641113e-05
ham,3510i,tfidf__3510i,tfidf,3.570307209691251e-05
ham,3510i colour,tfidf__3510i colour,tfidf,3.570307209691251e-05
ham,colour phone,tfidf__colour phone,tfidf,3.570307209691251e-05
ham,nokia 3510i,tfidf__nokia 3510i,tfidf,3.570307209691251e-05
ham,reveal cerebrate,tfidf__reveal cerebrate,tfidf,3.549978034144137e-05
ham,reply delivery,tfidf__reply delivery,tfidf,3.4945768637904754e-05
ham,supply,tfidf__supply,tfidf,3.484688799437743e-05
ham,supply cds,tfidf__supply cds,tfidf,3.484688799437743e-05
ham,information o2,tfidf__information o2,tfidf,3.399908482642487e-05
ham,o2 user,tfidf__o2 user,tfidf,3.399908482642487e-05
ham,reference,tfidf__reference,tfidf,3.3510613570505326e-05
ham,04,tfidf__04,tfidf,3.348129876512759e-05
ham,embody friend,tfidf__embody friend,tfidf,3.3049950435577423e-05
ham,9pm,tfidf__9pm,tfidf,3.279028712987414e-05
ham,sec,tfidf__sec,tfidf,3.2764662765019786e-05
ham,100 music,tfidf__100 music,tfidf,3.211026881321339e-05
ham,150ppermesssubscription,tfidf__150ppermesssubscription,tfidf,3.211026881321339e-05
ham,87066 tscs,tfidf__87066 tscs,tfidf,3.211026881321339e-05
ham,draw 87066,tfidf__draw 87066,tfidf,3.211026881321339e-05
ham,music gift,tfidf__music gift,tfidf,3.211026881321339e-05
ham,tscs,tfidf__tscs,tfidf,3.211026881321339e-05
ham,tscs urltoken,tfidf__tscs urltoken,tfidf,3.211026881321339e-05
ham,word draw,tfidf__word draw,tfidf,3.211026881321339e-05
ham,standard rates,tfidf__standard rates,tfidf,3.200150312432054e-05
ham,revealed,tfidf__revealed,tfidf,3.18425697668785e-05
ham,caller prize,tfidf__caller prize,tfidf,3.151792665318665e-05
ham,121,tfidf__121,tfidf,3.1336503452618014e-05
ham,urltoken txt,tfidf__urltoken txt,tfidf,3.1302214576317644e-05
ham,hold paytm,tfidf__hold paytm,tfidf,3.1052455827756014e-05
ham,custcare,tfidf__custcare,tfidf,3.099212111288081e-05
ham,custcare phonetoken,tfidf__custcare phonetoken,tfidf,3.099212111288081e-05
ham,vouchers week,tfidf__vouchers week,tfidf,3.090259689392352e-05
ham,mates urltoken,tfidf__mates urltoken,tfidf,3.0857999408383063e-05
ham,350 award,tfidf__350 award,tfidf,3.0749216498853994e-05
ham,fastest,tfidf__fastest,tfidf,3.05427779770758e-05
ham,cup,tfidf__cup,tfidf,3.0427633072232263e-05
ham,amass,tfidf__amass,tfidf,3.0212402479691537e-05
ham,pl,tfidf__pl,tfidf,3.013589165276547e-05
ham,send customer,tfidf__send customer,tfidf,2.9994680299648772e-05
ham,won 750,tfidf__won 750,tfidf,2.9708643910426346e-05
ham,exciting,tfidf__exciting,tfidf,2.9253059092565598e-05
ham,months,tfidf__months,tfidf,2.9188555081641383e-05
ham,price line,tfidf__price line,tfidf,2.916816654664425e-05
ham,pc survive,tfidf__pc survive,tfidf,2.9027461060778954e-05
ham,cost 50,tfidf__cost 50,tfidf,2.888573289964921e-05
ham,double txt,tfidf__double txt,tfidf,2.8740313630533083e-05
ham,mins double,tfidf__mins double,tfidf,2.8740313630533083e-05
ham,match phonetoken,tfidf__match phonetoken,tfidf,2.868120542452863e-05
ham,urltoken pobox,tfidf__urltoken pobox,tfidf,2.866358184232987e-05
ham,gold,tfidf__gold,tfidf,2.8635239271103106e-05
ham,uk's,tfidf__uk's,tfidf,2.861822136199962e-05
ham,enjoin ur,tfidf__enjoin ur,tfidf,2.8530275307604106e-05
ham,todays vodafone,tfidf__todays vodafone,tfidf,2.8514969538517902e-05
ham,vodafone numbers,tfidf__vodafone numbers,tfidf,2.8514969538517902e-05
ham,jst,tfidf__jst,tfidf,2.8362437074941558e-05
ham,free camcorder,tfidf__free camcorder,tfidf,2.8187506431031408e-05
ham,refused,tfidf__refused,tfidf,2.815529968731468e-05
ham,urgent mobile,tfidf__urgent mobile,tfidf,2.804817912370713e-05
ham,deliveredtomorrow,tfidf__deliveredtomorrow,tfidf,2.7796706513445878e-05
ham,phone deliveredtomorrow,tfidf__phone deliveredtomorrow,tfidf,2.7796706513445878e-05
ham,service know,tfidf__service know,tfidf,2.761958270824188e-05
ham,11mths,tfidf__11mths,tfidf,2.719090701971246e-05
ham,12hrs,tfidf__12hrs,tfidf,2.6686160767862532e-05
ham,valid 12hrs,tfidf__valid 12hrs,tfidf,2.6686160767862532e-05
ham,slow,tfidf__slow,tfidf,2.626934651923807e-05
ham,phonetoken quoting,tfidf__phonetoken quoting,tfidf,2.6162483809847512e-05
ham,quoting,tfidf__quoting,tfidf,2.6162483809847512e-05
ham,quoting claim,tfidf__quoting claim,tfidf,2.6162483809847512e-05
ham,txting tell,tfidf__txting tell,tfidf,2.5618361587671305e-05
ham,extra,tfidf__extra,tfidf,2.55652036768171e-05
ham,great new,tfidf__great new,tfidf,2.5310938149859657e-05
ham,sample contact,tfidf__sample contact,tfidf,2.5059455674209186e-05
ham,ingest secret,tfidf__ingest secret,tfidf,2.5034446560449634e-05
ham,texts phonetoken,tfidf__texts phonetoken,tfidf,2.492108196503262e-05
ham,tried contact,tfidf__tried contact,tfidf,2.4555277625409283e-05
ham,story,tfidf__story,tfidf,2.4544510070325957e-05
ham,urltoken text,tfidf__urltoken text,tfidf,2.4394439534513214e-05
ham,bonus prize,tfidf__bonus prize,tfidf,2.398943197177318e-05
ham,prize phonetoken,tfidf__prize phonetoken,tfidf,2.398943197177318e-05
ham,valued customer,tfidf__valued customer,tfidf,2.398943197177318e-05
ham,atm block,tfidf__atm block,tfidf,2.3891567094112746e-05
ham,block dear,tfidf__block dear,tfidf,2.3891567094112746e-05
ham,calls phonetoken,tfidf__calls phonetoken,tfidf,2.383396875660707e-05
ham,camera mobiles,tfidf__camera mobiles,tfidf,2.383396875660707e-05
ham,free oranges,tfidf__free oranges,tfidf,2.383396875660707e-05
ham,mobiles unlimited,tfidf__mobiles unlimited,tfidf,2.383396875660707e-05
ham,oranges,tfidf__oranges,tfidf,2.383396875660707e-05
ham,oranges latest,tfidf__oranges latest,tfidf,2.383396875660707e-05
ham,unlimited weekend,tfidf__unlimited weekend,tfidf,2.383396875660707e-05
ham,free minutes,tfidf__free minutes,tfidf,2.372461196107139e-05
ham,datebox1282essexcm61xn,tfidf__datebox1282essexcm61xn,tfidf,2.3136538359851334e-05
ham,datebox1282essexcm61xn 150p,tfidf__datebox1282essexcm61xn 150p,tfidf,2.3136538359851334e-05
ham,fancies wanna,tfidf__fancies wanna,tfidf,2.3136538359851334e-05
ham,guess somebody,tfidf__guess somebody,tfidf,2.3136538359851334e-05
ham,landline datebox1282essexcm61xn,tfidf__landline datebox1282essexcm61xn,tfidf,2.3136538359851334e-05
ham,secretly,tfidf__secretly,tfidf,2.3136538359851334e-05
ham,secretly fancies,tfidf__secretly fancies,tfidf,2.3136538359851334e-05
ham,wid,tfidf__wid,tfidf,2.307750214937052e-05
ham,points phonetoken,tfidf__points phonetoken,tfidf,2.296187407929594e-05
ham,redeemed,tfidf__redeemed,tfidf,2.290474720655813e-05
ham,redeemed points,tfidf__redeemed points,tfidf,2.290474720655813e-05
ham,day urltoken,tfidf__day urltoken,tfidf,2.279127294546672e-05
ham,provided,tfidf__provided,tfidf,2.2524559394929287e-05
ham,t's,tfidf__t's,tfidf,2.1831843433059175e-05
ham,t's c's,tfidf__t's c's,tfidf,2.1831843433059175e-05
ham,28,tfidf__28,tfidf,2.181620629795534e-05
ham,receive 350,tfidf__receive 350,tfidf,2.1317577740331225e-05
ham,valued,tfidf__valued,tfidf,2.1117360534509905e-05
ham,tenants,tfidf__tenants,tfidf,2.1074403809216535e-05
ham,tenants welcome,tfidf__tenants welcome,tfidf,2.1074403809216535e-05
ham,expires,tfidf__expires,tfidf,2.0906442939390355e-05
ham,3g videophones,tfidf__3g videophones,tfidf,2.077738051095754e-05
ham,congrats mobile,tfidf__congrats mobile,tfidf,2.077738051095754e-05
ham,dload,tfidf__dload,tfidf,2.077738051095754e-05
ham,dload polyph,tfidf__dload polyph,tfidf,2.077738051095754e-05
ham,games dload,tfidf__games dload,tfidf,2.077738051095754e-05
ham,java,tfidf__java,tfidf,2.077738051095754e-05
ham,java games,tfidf__java games,tfidf,2.077738051095754e-05
ham,mobile 3g,tfidf__mobile 3g,tfidf,2.077738051095754e-05
ham,music noline,tfidf__music noline,tfidf,2.077738051095754e-05
ham,noline,tfidf__noline,tfidf,2.077738051095754e-05
ham,noline rentl,tfidf__noline rentl,tfidf,2.077738051095754e-05
ham,phonetoken videochat,tfidf__phonetoken videochat,tfidf,2.077738051095754e-05
ham,polyph,tfidf__polyph,tfidf,2.077738051095754e-05
ham,polyph music,tfidf__polyph music,tfidf,2.077738051095754e-05
ham,rentl,tfidf__rentl,tfidf,2.077738051095754e-05
ham,videochat,tfidf__videochat,tfidf,2.077738051095754e-05
ham,videochat wid,tfidf__videochat wid,tfidf,2.077738051095754e-05
ham,videophones,tfidf__videophones,tfidf,2.077738051095754e-05
ham,videophones phonetoken,tfidf__videophones phonetoken,tfidf,2.077738051095754e-05
ham,stop 80062,tfidf__stop 80062,tfidf,2.0725687016425065e-05
ham,texts txt,tfidf__texts txt,tfidf,2.0725687016425065e-05
ham,mobile update,tfidf__mobile update,tfidf,2.0372938497309394e-05
ham,sae,tfidf__sae,tfidf,2.018682863246181e-05
ham,recent review,tfidf__recent review,tfidf,2.018312747631451e-05
ham,care help,tfidf__care help,tfidf,2.0125468761720705e-05
ham,price rental,tfidf__price rental,tfidf,2.0017642013871267e-05
ham,registered,tfidf__registered,tfidf,1.9895995439995347e-05
ham,bahamas,tfidf__bahamas,tfidf,1.970141808633889e-05
ham,mid,tfidf__mid,tfidf,1.968565733128765e-05
ham,000 bonus,tfidf__000 bonus,tfidf,1.954432750103949e-05
ham,contact won,tfidf__contact won,tfidf,1.9431521113039866e-05
ham,apply stop,tfidf__apply stop,tfidf,1.922417436382741e-05
ham,camcorder phonetoken,tfidf__camcorder phonetoken,tfidf,1.9060953064618498e-05
ham,300 free,tfidf__300 free,tfidf,1.903576107553007e-05
ham,deliveredtomorrow 300,tfidf__deliveredtomorrow 300,tfidf,1.903576107553007e-05
ham,call2optout lf56,tfidf__call2optout lf56,tfidf,1.8851377036876678e-05
ham,latest offers,tfidf__latest offers,tfidf,1.8851377036876678e-05
ham,lf56,tfidf__lf56,tfidf,1.8851377036876678e-05
ham,mobileupd8 latest,tfidf__mobileupd8 latest,tfidf,1.8851377036876678e-05
ham,offers phonetoken,tfidf__offers phonetoken,tfidf,1.8851377036876678e-05
ham,txt price,tfidf__txt price,tfidf,1.8851377036876678e-05
ham,help free,tfidf__help free,tfidf,1.8801560314112438e-05
ham,homeowners,tfidf__homeowners,tfidf,1.8801560314112438e-05
ham,homeowners tenants,tfidf__homeowners tenants,tfidf,1.8801560314112438e-05
ham,previously,tfidf__previously,tfidf,1.8801560314112438e-05
ham,previously refused,tfidf__previously refused,tfidf,1.8801560314112438e-05
ham,refused help,tfidf__refused help,tfidf,1.8801560314112438e-05
ham,mates play,tfidf__mates play,tfidf,1.8778719920435758e-05
ham,play java,tfidf__play java,tfidf,1.8778719920435758e-05
ham,orange line,tfidf__orange line,tfidf,1.8749532529460175e-05
ham,price orange,tfidf__price orange,tfidf,1.8749532529460175e-05
ham,81618,tfidf__81618,tfidf,1.873091517139299e-05
ham,subpoly,tfidf__subpoly,tfidf,1.873091517139299e-05
ham,subpoly 81618,tfidf__subpoly 81618,tfidf,1.873091517139299e-05
ham,handset 750,tfidf__handset 750,tfidf,1.85475632829493e-05
ham,video handset,tfidf__video handset,tfidf,1.85475632829493e-05
ham,camera phonetoken,tfidf__camera phonetoken,tfidf,1.846174604125329e-05
ham,landline delivery,tfidf__landline delivery,tfidf,1.846174604125329e-05
ham,sipix,tfidf__sipix,tfidf,1.846174604125329e-05
ham,sipix digital,tfidf__sipix digital,tfidf,1.846174604125329e-05
ham,starting txt,tfidf__starting txt,tfidf,1.8348501146456637e-05
ham,representative,tfidf__representative,tfidf,1.8284386789057946e-05
ham,service representative,tfidf__service representative,tfidf,1.8284386789057946e-05
ham,phonetoken phonetoken,tfidf__phonetoken phonetoken,tfidf,1.791361106890762e-05
ham,delhi,tfidf__delhi,tfidf,1.772308432512802e-05
ham,file,tfidf__file,tfidf,1.757263185680195e-05
ham,forwarded,tfidf__forwarded,tfidf,1.7571843029626276e-05
ham,minutes mobile,tfidf__minutes mobile,tfidf,1.747128138775634e-05
ham,mobile 100,tfidf__mobile 100,tfidf,1.747128138775634e-05
ham,msg free,tfidf__msg free,tfidf,1.7425294313137785e-05
ham,phonetoken help,tfidf__phonetoken help,tfidf,1.738690774178064e-05
ham,join uk's,tfidf__join uk's,tfidf,1.7338246105097956e-05
ham,loss gain,tfidf__loss gain,tfidf,1.7309500179063765e-05
ham,2000 cash,tfidf__2000 cash,tfidf,1.7207173227682466e-05
ham,you've,tfidf__you've,tfidf,1.6954455841607087e-05
ham,50 tone,tfidf__50 tone,tfidf,1.6833999440144858e-05
ham,thanks ringtone,tfidf__thanks ringtone,tfidf,1.6833999440144858e-05
ham,tone arrive,tfidf__tone arrive,tfidf,1.6833999440144858e-05
ham,just got,tfidf__just got,tfidf,1.672455017331426e-05
ham,zed,tfidf__zed,tfidf,1.6512233364190504e-05
ham,delivery tomorrow,tfidf__delivery tomorrow,tfidf,1.6287620315355863e-05
ham,88888 apply,tfidf__88888 apply,tfidf,1.5914935000624302e-05
ham,apply 16,tfidf__apply 16,tfidf,1.5914935000624302e-05
ham,free wallpaper,tfidf__free wallpaper,tfidf,1.5914935000624302e-05
ham,heart 88888,tfidf__heart 88888,tfidf,1.5914935000624302e-05
ham,text heart,tfidf__text heart,tfidf,1.5914935000624302e-05
ham,wallpaper text,tfidf__wallpaper text,tfidf,1.5914935000624302e-05
ham,wanna phonetoken,tfidf__wanna phonetoken,tfidf,1.5910373927049984e-05
ham,reveal recall,tfidf__reveal recall,tfidf,1.565415439035957e-05
ham,know secretly,tfidf__know secretly,tfidf,1.5483179798623368e-05
ham,phonetoken land,tfidf__phonetoken land,tfidf,1.540588627809737e-05
ham,partner,tfidf__partner,tfidf,1.5391999361574172e-05
ham,bear,tfidf__bear,tfidf,1.5387532721550585e-05
ham,camera phones,tfidf__camera phones,tfidf,1.5241735611640793e-05
ham,ur area,tfidf__ur area,tfidf,1.5197410372554294e-05
ham,reference number,tfidf__reference number,tfidf,1.5074639647762903e-05
ham,reveal thinks,tfidf__reveal thinks,tfidf,1.4911599612784536e-05
ham,wid mates,tfidf__wid mates,tfidf,1.4538219888900887e-05
ham,line claim,tfidf__line claim,tfidf,1.4412388813611582e-05
ham,contacted,tfidf__contacted,tfidf,1.4352329808847702e-05
ham,purpose,tfidf__purpose,tfidf,1.4338580436513998e-05
ham,thinks,tfidf__thinks,tfidf,1.431549097108382e-05
ham,await,tfidf__await,tfidf,1.429893109590834e-05
ham,chat private,tfidf__chat private,tfidf,1.4259075140870763e-05
ham,phonetoken cum,tfidf__phonetoken cum,tfidf,1.4259075140870763e-05
ham,private line,tfidf__private line,tfidf,1.4259075140870763e-05
ham,rude,tfidf__rude,tfidf,1.4259075140870763e-05
ham,rude chat,tfidf__rude chat,tfidf,1.4259075140870763e-05
ham,u4,tfidf__u4,tfidf,1.4259075140870763e-05
ham,u4 rude,tfidf__u4 rude,tfidf,1.4259075140870763e-05
ham,20p,tfidf__20p,tfidf,1.4209486910078645e-05
ham,20p min,tfidf__20p min,tfidf,1.4209486910078645e-05
ham,texts free,tfidf__texts free,tfidf,1.4175644256882098e-05
ham,bought,tfidf__bought,tfidf,1.3915997699476557e-05
ham,rates apply,tfidf__rates apply,tfidf,1.3872233537340349e-05
ham,embody free,tfidf__embody free,tfidf,1.3863221647411362e-05
ham,maximise,tfidf__maximise,tfidf,1.3803209482647611e-05
ham,maximise ur,tfidf__maximise ur,tfidf,1.3803209482647611e-05
ham,mobileupd8 phonetoken,tfidf__mobileupd8 phonetoken,tfidf,1.3580435526372564e-05
ham,camera mobile,tfidf__camera mobile,tfidf,1.3415658291948961e-05
ham,phonetoken pobox45w2tg150p,tfidf__phonetoken pobox45w2tg150p,tfidf,1.3176540414466173e-05
ham,pobox45w2tg150p,tfidf__pobox45w2tg150p,tfidf,1.3176540414466173e-05
ham,future,tfidf__future,tfidf,1.3153700472893044e-05
ham,representative phonetoken,tfidf__representative phonetoken,tfidf,1.3022995790015087e-05
ham,silver,tfidf__silver,tfidf,1.2995671025081625e-05
ham,beware,tfidf__beware,tfidf,1.286747827268179e-05
ham,10am,tfidf__10am,tfidf,1.2810592682247363e-05
ham,phonetoken 10am,tfidf__phonetoken 10am,tfidf,1.2810592682247363e-05
ham,ls15hb,tfidf__ls15hb,tfidf,1.2800910500279977e-05
ham,ls15hb 150p,tfidf__ls15hb 150p,tfidf,1.2800910500279977e-05
ham,pobox ls15hb,tfidf__pobox ls15hb,tfidf,1.2800910500279977e-05
ham,2000 prize,tfidf__2000 prize,tfidf,1.2755999327564275e-05
ham,embody selected,tfidf__embody selected,tfidf,1.274672509825617e-05
ham,admirer exist,tfidf__admirer exist,tfidf,1.2715749630861677e-05
ham,guaranteed caller,tfidf__guaranteed caller,tfidf,1.2691560996921327e-05
ham,winner guaranteed,tfidf__winner guaranteed,tfidf,1.2691560996921327e-05
ham,price mobileupd8,tfidf__price mobileupd8,tfidf,1.2629514182099737e-05
ham,following,tfidf__following,tfidf,1.2609683302720623e-05
ham,embody suspended,tfidf__embody suspended,tfidf,1.2595787118610952e-05
ham,registration,tfidf__registration,tfidf,1.2593117782620699e-05
ham,customer computer,tfidf__customer computer,tfidf,1.2502668203161632e-05
ham,vodafone customer,tfidf__vodafone customer,tfidf,1.2502668203161632e-05
ham,statement shows,tfidf__statement shows,tfidf,1.2270110526544229e-05
ham,03,tfidf__03,tfidf,1.2179419846518044e-05
ham,min bt,tfidf__min bt,tfidf,1.2115253868720632e-05
ham,sub,tfidf__sub,tfidf,1.2065096472446987e-05
ham,4mths,tfidf__4mths,tfidf,1.1913791838629315e-05
ham,4mths half,tfidf__4mths half,tfidf,1.1913791838629315e-05
ham,mobilesdirect,tfidf__mobilesdirect,tfidf,1.1913791838629315e-05
ham,mobilesdirect free,tfidf__mobilesdirect free,tfidf,1.1913791838629315e-05
ham,phone 11mths,tfidf__phone 11mths,tfidf,1.1913791838629315e-05
ham,rental latest,tfidf__rental latest,tfidf,1.1913791838629315e-05
ham,points,tfidf__points,tfidf,1.1737151891395752e-05
ham,800 redeemed,tfidf__800 redeemed,tfidf,1.1675200334687396e-05
ham,shows 800,tfidf__shows 800,tfidf,1.1675200334687396e-05
ham,25p free,tfidf__25p free,tfidf,1.164777116859952e-05
ham,89693,tfidf__89693,tfidf,1.164777116859952e-05
ham,area just,tfidf__area just,tfidf,1.164777116859952e-05
ham,free receive,tfidf__free receive,tfidf,1.164777116859952e-05
ham,guys ur,tfidf__guys ur,tfidf,1.164777116859952e-05
ham,new textbuddy,tfidf__new textbuddy,tfidf,1.164777116859952e-05
ham,postcode urltoken,tfidf__postcode urltoken,tfidf,1.164777116859952e-05
ham,receive search,tfidf__receive search,tfidf,1.164777116859952e-05
ham,search postcode,tfidf__search postcode,tfidf,1.164777116859952e-05
ham,textbuddy,tfidf__textbuddy,tfidf,1.164777116859952e-05
ham,textbuddy chat,tfidf__textbuddy chat,tfidf,1.164777116859952e-05
ham,txt 89693,tfidf__txt 89693,tfidf,1.164777116859952e-05
ham,advise,tfidf__advise,tfidf,1.1581255821504764e-05
ham,feelin,tfidf__feelin,tfidf,1.1428681867839643e-05
ham,500 75,tfidf__500 75,tfidf,1.14222338383355e-05
ham,000 award,tfidf__000 award,tfidf,1.1399571180510249e-05
ham,3030,tfidf__3030,tfidf,1.1134995715242e-05
ham,3030 valid,tfidf__3030 valid,tfidf,1.1134995715242e-05
ham,claim 3030,tfidf__claim 3030,tfidf,1.1134995715242e-05
ham,fantasies,tfidf__fantasies,tfidf,1.104611504131289e-05
ham,prize final,tfidf__prize final,tfidf,1.1032208016556637e-05
ham,ll,tfidf__ll,tfidf,1.0884660679703855e-05
ham,need help,tfidf__need help,tfidf,1.08833212670118e-05
ham,fastest growing,tfidf__fastest growing,tfidf,1.0866925884267246e-05
ham,growing,tfidf__growing,tfidf,1.0866925884267246e-05
ham,draw shows,tfidf__draw shows,tfidf,1.080828775603103e-05
ham,phonetoken just,tfidf__phonetoken just,tfidf,1.0799118659435098e-05
ham,reply offer,tfidf__reply offer,tfidf,1.071538068973026e-05
ham,await collection,tfidf__await collection,tfidf,1.067195009676769e-05
ham,2nd attempt,tfidf__2nd attempt,tfidf,1.0636124314492293e-05
ham,250 wkly,tfidf__250 wkly,tfidf,1.0608490111083554e-05
ham,min stop,tfidf__min stop,tfidf,1.050247008372101e-05
ham,live pay,tfidf__live pay,tfidf,1.0495660130137316e-05
ham,pay download,tfidf__pay download,tfidf,1.0495660130137316e-05
ham,68866,tfidf__68866,tfidf,1.0308400202270549e-05
ham,68866 subscriptn3gbp,tfidf__68866 subscriptn3gbp,tfidf,1.0308400202270549e-05
ham,freemsg month,tfidf__freemsg month,tfidf,1.0308400202270549e-05
ham,landlineonly,tfidf__landlineonly,tfidf,1.0308400202270549e-05
ham,month unlimited,tfidf__month unlimited,tfidf,1.0308400202270549e-05
ham,smartcall,tfidf__smartcall,tfidf,1.0308400202270549e-05
ham,smartcall txt,tfidf__smartcall txt,tfidf,1.0308400202270549e-05
ham,stop landlineonly,tfidf__stop landlineonly,tfidf,1.0308400202270549e-05
ham,subscriptn3gbp,tfidf__subscriptn3gbp,tfidf,1.0308400202270549e-05
ham,subscriptn3gbp wk,tfidf__subscriptn3gbp wk,tfidf,1.0308400202270549e-05
ham,txt 68866,tfidf__txt 68866,tfidf,1.0308400202270549e-05
ham,wk unlimited,tfidf__wk unlimited,tfidf,1.0308400202270549e-05
ham,fromm,tfidf__fromm,tfidf,1.0296724667781172e-05
ham,fromm landline,tfidf__fromm landline,tfidf,1.0296724667781172e-05
ham,phonetoken fromm,tfidf__phonetoken fromm,tfidf,1.0296724667781172e-05
ham,entitled update,tfidf__entitled update,tfidf,1.0041770783947928e-05
ham,customer upgrade,tfidf__customer upgrade,tfidf,9.981321767266778e-06
ham,guaranteed 1000,tfidf__guaranteed 1000,tfidf,9.856502442526954e-06
ham,cam,tfidf__cam,tfidf,9.835468807665189e-06
ham,ingest match,tfidf__ingest match,tfidf,9.795684151984141e-06
ham,activate smartcall,tfidf__activate smartcall,tfidf,9.790333675215296e-06
ham,calls activate,tfidf__calls activate,tfidf,9.790333675215296e-06
ham,numbers ending,tfidf__numbers ending,tfidf,9.78080724982343e-06
ham,2optout,tfidf__2optout,tfidf,9.69906375213244e-06
ham,11500,tfidf__11500,tfidf,9.652782503840053e-06
ham,11500 psf,tfidf__11500 psf,tfidf,9.652782503840053e-06
ham,124,tfidf__124,tfidf,9.652782503840053e-06
ham,124 8200,tfidf__124 8200,tfidf,9.652782503840053e-06
ham,12500,tfidf__12500,tfidf,9.652782503840053e-06
ham,12500 psf,tfidf__12500 psf,tfidf,9.652782503840053e-06
ham,18 silver,tfidf__18 silver,tfidf,9.652782503840053e-06
ham,8200,tfidf__8200,tfidf,9.652782503840053e-06
ham,8200 psf,tfidf__8200 psf,tfidf,9.652782503840053e-06
ham,best deal,tfidf__best deal,tfidf,9.652782503840053e-06
ham,commercial wave,tfidf__commercial wave,tfidf,9.652782503840053e-06
ham,deal phonetoken,tfidf__deal phonetoken,tfidf,9.652782503840053e-06
ham,gold 12500,tfidf__gold 12500,tfidf,9.652782503840053e-06
ham,logix,tfidf__logix,tfidf,9.652782503840053e-06
ham,logix sec,tfidf__logix sec,tfidf,9.652782503840053e-06
ham,noida commercial,tfidf__noida commercial,tfidf,9.652782503840053e-06
ham,psf best,tfidf__psf best,tfidf,9.652782503840053e-06
ham,psf gold,tfidf__psf gold,tfidf,9.652782503840053e-06
ham,psf logix,tfidf__psf logix,tfidf,9.652782503840053e-06
ham,sec 124,tfidf__sec 124,tfidf,9.652782503840053e-06
ham,sec 18,tfidf__sec 18,tfidf,9.652782503840053e-06
ham,silver 11500,tfidf__silver 11500,tfidf,9.652782503840053e-06
ham,wave,tfidf__wave,tfidf,9.652782503840053e-06
ham,wave sec,tfidf__wave sec,tfidf,9.652782503840053e-06
ham,mobile embody,tfidf__mobile embody,tfidf,9.610086314516264e-06
ham,fancies phonetoken,tfidf__fancies phonetoken,tfidf,9.545691136899069e-06
ham,review mob,tfidf__review mob,tfidf,9.46261670764329e-06
ham,need new,tfidf__need new,tfidf,9.444335826544094e-06
ham,11mths mobilesdirect,tfidf__11mths mobilesdirect,tfidf,9.331332001761702e-06
ham,freephone,tfidf__freephone,tfidf,9.29997700824132e-06
ham,freephone phonetoken,tfidf__freephone phonetoken,tfidf,9.29997700824132e-06
ham,activated activate,tfidf__activated activate,tfidf,9.269684361222145e-06
ham,offer video,tfidf__offer video,tfidf,9.265242103317798e-06
ham,06,tfidf__06,tfidf,9.174731785141958e-06
ham,gay,tfidf__gay,tfidf,9.166733314217961e-06
ham,rates,tfidf__rates,tfidf,9.129607747401927e-06
ham,plots,tfidf__plots,tfidf,9.102187425705949e-06
ham,spare,tfidf__spare,tfidf,9.017384575214698e-06
ham,ingest mobile,tfidf__ingest mobile,tfidf,8.815163572132001e-06
ham,hi baby,tfidf__hi baby,tfidf,8.729448353231238e-06
ham,tm,tfidf__tm,tfidf,8.725765826262124e-06
ham,personal,tfidf__personal,tfidf,8.719730818854801e-06
ham,eve phonetoken,tfidf__eve phonetoken,tfidf,8.710514489355693e-06
ham,present,tfidf__present,tfidf,8.69400589865798e-06
ham,82242,tfidf__82242,tfidf,8.674148825227062e-06
ham,contacted dating,tfidf__contacted dating,tfidf,8.661025187052887e-06
ham,receive rs,tfidf__receive rs,tfidf,8.64046315155864e-06
ham,fl1pkart,tfidf__fl1pkart,tfidf,8.60294533449803e-06
ham,w0n,tfidf__w0n,tfidf,8.60294533449803e-06
ham,sms phonetoken,tfidf__sms phonetoken,tfidf,8.504113452712511e-06
ham,stop sms,tfidf__stop sms,tfidf,8.504113452712511e-06
ham,10 days,tfidf__10 days,tfidf,8.498641165154361e-06
ham,000 winner,tfidf__000 winner,tfidf,8.417987096260779e-06
ham,dear v0daf0ne,tfidf__dear v0daf0ne,tfidf,8.417987096260779e-06
ham,v0daf0ne,tfidf__v0daf0ne,tfidf,8.417987096260779e-06
ham,v0daf0ne customer,tfidf__v0daf0ne customer,tfidf,8.417987096260779e-06
ham,easy just,tfidf__easy just,tfidf,8.298558579685704e-06
ham,card just,tfidf__card just,tfidf,8.234850047733564e-06
ham,5000 cash,tfidf__5000 cash,tfidf,8.15628860804543e-06
ham,camera free,tfidf__camera free,tfidf,8.063368588547554e-06
ham,just activated,tfidf__just activated,tfidf,8.032923151163097e-06
ham,ntt,tfidf__ntt,tfidf,8.009280692223814e-06
ham,ntt po,tfidf__ntt po,tfidf,8.009280692223814e-06
ham,linerental,tfidf__linerental,tfidf,7.907426610194481e-06
ham,customer paytm,tfidf__customer paytm,tfidf,7.846879978163416e-06
ham,dear paytm,tfidf__dear paytm,tfidf,7.846879978163416e-06
ham,paytm customer,tfidf__paytm customer,tfidf,7.846879978163416e-06
ham,award ingest,tfidf__award ingest,tfidf,7.829537419966157e-06
ham,borin,tfidf__borin,tfidf,7.761130851206066e-06
ham,11 04,tfidf__11 04,tfidf,7.74479685418458e-06
ham,following recent,tfidf__following recent,tfidf,7.712270197502898e-06
ham,12mths,tfidf__12mths,tfidf,7.625830869115129e-06
ham,pobox84 m26,tfidf__pobox84 m26,tfidf,7.618553363693121e-06
ham,bid phonetoken,tfidf__bid phonetoken,tfidf,7.6132976469495914e-06
ham,network customer,tfidf__network customer,tfidf,7.492047140423949e-06
ham,thinks ur,tfidf__thinks ur,tfidf,7.374769159114303e-06
ham,urgent phonetoken,tfidf__urgent phonetoken,tfidf,7.3199154844473095e-06
ham,10p minute,tfidf__10p minute,tfidf,7.272078926608522e-06
ham,minute bt,tfidf__minute bt,tfidf,7.272078926608522e-06
ham,1327,tfidf__1327,tfidf,7.269801467084022e-06
ham,box 1327,tfidf__box 1327,tfidf,7.269801467084022e-06
ham,hot live,tfidf__hot live,tfidf,7.269801467084022e-06
ham,just 20p,tfidf__just 20p,tfidf,7.269801467084022e-06
ham,live fantasies,tfidf__live fantasies,tfidf,7.269801467084022e-06
ham,min ntt,tfidf__min ntt,tfidf,7.269801467084022e-06
ham,inclusive,tfidf__inclusive,tfidf,7.253462323771203e-06
ham,10am 9pm,tfidf__10am 9pm,tfidf,7.225213847674713e-06
ham,ur lover,tfidf__ur lover,tfidf,7.1645568181079745e-06
ham,landline phonetoken,tfidf__landline phonetoken,tfidf,7.043820333704509e-06
ham,1500 bonus,tfidf__1500 bonus,tfidf,7.032939200777086e-06
ham,calls help,tfidf__calls help,tfidf,7.022169230881334e-06
ham,unlimited calls,tfidf__unlimited calls,tfidf,7.022169230881334e-06
ham,customer embody,tfidf__customer embody,tfidf,6.889428891122441e-06
ham,bahamas callfreefone,tfidf__bahamas callfreefone,tfidf,6.872394218579212e-06
ham,bahamas cruise,tfidf__bahamas cruise,tfidf,6.872394218579212e-06
ham,callfreefone,tfidf__callfreefone,tfidf,6.872394218579212e-06
ham,callfreefone phonetoken,tfidf__callfreefone phonetoken,tfidf,6.872394218579212e-06
ham,cash 18,tfidf__cash 18,tfidf,6.872394218579212e-06
ham,cruise,tfidf__cruise,tfidf,6.872394218579212e-06
ham,cruise 2000,tfidf__cruise 2000,tfidf,6.872394218579212e-06
ham,1500,tfidf__1500,tfidf,6.689053517531497e-06
ham,bonus caller,tfidf__bonus caller,tfidf,6.6740101717769635e-06
ham,mins unlimited,tfidf__mins unlimited,tfidf,6.645652877726613e-06
ham,unlimited text,tfidf__unlimited text,tfidf,6.645652877726613e-06
ham,phonetoken delivery,tfidf__phonetoken delivery,tfidf,6.522339926685767e-06
ham,81618 week,tfidf__81618 week,tfidf,6.521798356004031e-06
ham,send subpoly,tfidf__send subpoly,tfidf,6.521798356004031e-06
ham,week stop,tfidf__week stop,tfidf,6.521798356004031e-06
ham,weekly ringtone,tfidf__weekly ringtone,tfidf,6.521798356004031e-06
ham,24hr,tfidf__24hr,tfidf,6.378933527011718e-06
ham,24hr thank,tfidf__24hr thank,tfidf,6.378933527011718e-06
ham,pay tm,tfidf__pay tm,tfidf,6.378933527011718e-06
ham,phonetoken paytm,tfidf__phonetoken paytm,tfidf,6.378933527011718e-06
ham,tm office,tfidf__tm office,tfidf,6.378933527011718e-06
ham,phonetoken 50,tfidf__phonetoken 50,tfidf,6.364570544325218e-06
ham,free camera,tfidf__free camera,tfidf,6.347635359773429e-06
ham,free phone,tfidf__free phone,tfidf,6.3223175993402485e-06
ham,bl0cked,tfidf__bl0cked,tfidf,6.230647995582207e-06
ham,advise following,tfidf__advise following,tfidf,6.185043611469133e-06
ham,60p,tfidf__60p,tfidf,6.151006930877339e-06
ham,60p min,tfidf__60p min,tfidf,6.151006930877339e-06
ham,just 60p,tfidf__just 60p,tfidf,6.151006930877339e-06
ham,gay chat,tfidf__gay chat,tfidf,6.043922401444252e-06
ham,photo upload,tfidf__photo upload,tfidf,6.043922401444252e-06
ham,upload phonetoken,tfidf__upload phonetoken,tfidf,6.043922401444252e-06
ham,text phonetoken,tfidf__text phonetoken,tfidf,6.043434001939533e-06
ham,subscribed,tfidf__subscribed,tfidf,5.8948490822717195e-06
ham,chat date,tfidf__chat date,tfidf,5.893507704920957e-06
ham,87239 customer,tfidf__87239 customer,tfidf,5.890888025326259e-06
ham,removal,tfidf__removal,tfidf,5.890888025326259e-06
ham,urltoken urltoken,tfidf__urltoken urltoken,tfidf,5.883563161684789e-06
ham,going bahamas,tfidf__going bahamas,tfidf,5.835462345915357e-06
ham,ur going,tfidf__ur going,tfidf,5.835462345915357e-06
ham,award number,tfidf__award number,tfidf,5.780480250913598e-06
ham,number matches,tfidf__number matches,tfidf,5.780480250913598e-06
ham,weekends draw,tfidf__weekends draw,tfidf,5.744321005455987e-06
ham,k718,tfidf__k718,tfidf,5.729149542486218e-06
ham,k718 mobile,tfidf__k718 mobile,tfidf,5.729149542486218e-06
ham,number k718,tfidf__number k718,tfidf,5.729149542486218e-06
ham,order ref,tfidf__order ref,tfidf,5.729149542486218e-06
ham,ref number,tfidf__ref number,tfidf,5.729149542486218e-06
ham,unsubscribe txt,tfidf__unsubscribe txt,tfidf,5.512178832222257e-06
ham,urltoken phonetoken,tfidf__urltoken phonetoken,tfidf,5.5103810251550865e-06
ham,camera phone,tfidf__camera phone,tfidf,5.469782000600384e-06
ham,look make,tfidf__look make,tfidf,5.425205127285123e-06
ham,exist easy,tfidf__exist easy,tfidf,5.338134532562343e-06
ham,date phonetoken,tfidf__date phonetoken,tfidf,5.310756485884265e-06
ham,landlines,tfidf__landlines,tfidf,5.310756485884265e-06
ham,min landlines,tfidf__min landlines,tfidf,5.310756485884265e-06
ham,phonetoken bt,tfidf__phonetoken bt,tfidf,5.310756485884265e-06
ham,treasure,tfidf__treasure,tfidf,5.277317121630049e-06
ham,amanda,tfidf__amanda,tfidf,5.206414686196521e-06
ham,amanda regard,tfidf__amanda regard,tfidf,5.206414686196521e-06
ham,charge offer,tfidf__charge offer,tfidf,5.206414686196521e-06
ham,current mobile,tfidf__current mobile,tfidf,5.206414686196521e-06
ham,free charge,tfidf__free charge,tfidf,5.206414686196521e-06
ham,handset free,tfidf__handset free,tfidf,5.206414686196521e-06
ham,mobile handset,tfidf__mobile handset,tfidf,5.206414686196521e-06
ham,phonetoken subject,tfidf__phonetoken subject,tfidf,5.206414686196521e-06
ham,regard,tfidf__regard,tfidf,5.206414686196521e-06
ham,subject,tfidf__subject,tfidf,5.206414686196521e-06
ham,subject t's,tfidf__subject t's,tfidf,5.206414686196521e-06
ham,tel phonetoken,tfidf__tel phonetoken,tfidf,5.206414686196521e-06
ham,today tel,tfidf__today tel,tfidf,5.206414686196521e-06
ham,nokia motorola,tfidf__nokia motorola,tfidf,5.186176255927256e-06
ham,phonetoken speak,tfidf__phonetoken speak,tfidf,5.120346954719643e-06
ham,reply sms,tfidf__reply sms,tfidf,5.069898064370449e-06
ham,matches phonetoken,tfidf__matches phonetoken,tfidf,5.054347494459627e-06
ham,phonetoken update,tfidf__phonetoken update,tfidf,5.008023684492007e-06
ham,stop phonetoken,tfidf__stop phonetoken,tfidf,4.989589407726778e-06
ham,cc,tfidf__cc,tfidf,4.9606086828343846e-06
ham,cc phonetoken,tfidf__cc phonetoken,tfidf,4.9606086828343846e-06
ham,msg cc,tfidf__msg cc,tfidf,4.9606086828343846e-06
ham,10 04,tfidf__10 04,tfidf,4.951075145926924e-06
ham,phone phonetoken,tfidf__phone phonetoken,tfidf,4.924390894311371e-06
ham,won guaranteed,tfidf__won guaranteed,tfidf,4.84485457437714e-06
ham,holiday 5000,tfidf__holiday 5000,tfidf,4.775190200564e-06
ham,valued vodafone,tfidf__valued vodafone,tfidf,4.7740337319630375e-06
ham,won valued,tfidf__won valued,tfidf,4.7740337319630375e-06
ham,shit,tfidf__shit,tfidf,4.76510133636183e-06
ham,free send,tfidf__free send,tfidf,4.734641172512624e-06
ham,ringtone 1st,tfidf__ringtone 1st,tfidf,4.734641172512624e-06
ham,block 24hr,tfidf__block 24hr,tfidf,4.650436829972329e-06
ham,paytm block,tfidf__paytm block,tfidf,4.650436829972329e-06
ham,blu,tfidf__blu,tfidf,4.611137660647487e-06
ham,mobile landline,tfidf__mobile landline,tfidf,4.603678145792181e-06
ham,phonetoken pobox75ldns7,tfidf__phonetoken pobox75ldns7,tfidf,4.603678145792181e-06
ham,pobox75ldns7,tfidf__pobox75ldns7,tfidf,4.603678145792181e-06
ham,acl03530150pm,tfidf__acl03530150pm,tfidf,4.587913334105505e-06
ham,pleased,tfidf__pleased,tfidf,4.547897295577787e-06
ham,mobile 11mths,tfidf__mobile 11mths,tfidf,4.496149407030415e-06
ham,free nokia,tfidf__free nokia,tfidf,4.449599591579671e-06
ham,suffice want,tfidf__suffice want,tfidf,4.415763191668426e-06
ham,84128 custcare,tfidf__84128 custcare,tfidf,4.395586755435312e-06
ham,charged 150p,tfidf__charged 150p,tfidf,4.395586755435312e-06
ham,comp 1st,tfidf__comp 1st,tfidf,4.395586755435312e-06
ham,follows,tfidf__follows,tfidf,4.395586755435312e-06
ham,follows subsequent,tfidf__follows subsequent,tfidf,4.395586755435312e-06
ham,free question,tfidf__free question,tfidf,4.395586755435312e-06
ham,msg unsubscribe,tfidf__msg unsubscribe,tfidf,4.395586755435312e-06
ham,question follows,tfidf__question follows,tfidf,4.395586755435312e-06
ham,subsequent,tfidf__subsequent,tfidf,4.395586755435312e-06
ham,subsequent wks,tfidf__subsequent wks,tfidf,4.395586755435312e-06
ham,textcomp,tfidf__textcomp,tfidf,4.395586755435312e-06
ham,textcomp 250,tfidf__textcomp 250,tfidf,4.395586755435312e-06
ham,wks charged,tfidf__wks charged,tfidf,4.395586755435312e-06
ham,collect phonetoken,tfidf__collect phonetoken,tfidf,4.3375066197317085e-06
ham,claim bahamas,tfidf__claim bahamas,tfidf,4.311462497763226e-06
ham,credits,tfidf__credits,tfidf,4.255724813410837e-06
ham,complimentary,tfidf__complimentary,tfidf,4.125057403454469e-06
ham,2004,tfidf__2004,tfidf,4.1129901260681e-06
ham,todays voda,tfidf__todays voda,tfidf,4.10171395878415e-06
ham,voda,tfidf__voda,tfidf,4.10171395878415e-06
ham,voda numbers,tfidf__voda numbers,tfidf,4.10171395878415e-06
ham,fantasies phonetoken,tfidf__fantasies phonetoken,tfidf,4.070186233473298e-06
ham,age23,tfidf__age23,tfidf,4.060356769735172e-06
ham,age23 blonde,tfidf__age23 blonde,tfidf,4.060356769735172e-06
ham,blonde,tfidf__blonde,tfidf,4.060356769735172e-06
ham,blonde new,tfidf__blonde new,tfidf,4.060356769735172e-06
ham,fun text,tfidf__fun text,tfidf,4.060356769735172e-06
ham,guys like,tfidf__guys like,tfidf,4.060356769735172e-06
ham,mila,tfidf__mila,tfidf,4.060356769735172e-06
ham,mila age23,tfidf__mila age23,tfidf,4.060356769735172e-06
ham,mtalk,tfidf__mtalk,tfidf,4.060356769735172e-06
ham,new uk,tfidf__new uk,tfidf,4.060356769735172e-06
ham,sex uk,tfidf__sex uk,tfidf,4.060356769735172e-06
ham,text mtalk,tfidf__text mtalk,tfidf,4.060356769735172e-06
ham,uk guys,tfidf__uk guys,tfidf,4.060356769735172e-06
ham,awarded 2000,tfidf__awarded 2000,tfidf,4.0580907156307546e-06
ham,arrogate phonetoken,tfidf__arrogate phonetoken,tfidf,4.042189934985321e-06
ham,cross,tfidf__cross,tfidf,3.953952330392953e-06
ham,phonetoken shows,tfidf__phonetoken shows,tfidf,3.924232458763928e-06
ham,statement phonetoken,tfidf__statement phonetoken,tfidf,3.924232458763928e-06
ham,admirer look,tfidf__admirer look,tfidf,3.886687142230725e-06
ham,http phonetoken,tfidf__http phonetoken,tfidf,3.854363685099081e-06
ham,customer 00,tfidf__customer 00,tfidf,3.851421369649559e-06
ham,suspended pay,tfidf__suspended pay,tfidf,3.846270144648715e-06
ham,unsub,tfidf__unsub,tfidf,3.790652423500975e-06
ham,contact reply,tfidf__contact reply,tfidf,3.7720971711932636e-06
ham,revising,tfidf__revising,tfidf,3.7697768142776644e-06
ham,revising soon,tfidf__revising soon,tfidf,3.7697768142776644e-06
ham,2rcv,tfidf__2rcv,tfidf,3.6812621626662405e-06
ham,cam moby,tfidf__cam moby,tfidf,3.6812621626662405e-06
ham,hlp,tfidf__hlp,tfidf,3.6812621626662405e-06
ham,hlp phonetoken,tfidf__hlp phonetoken,tfidf,3.6812621626662405e-06
ham,moby wanna,tfidf__moby wanna,tfidf,3.6812621626662405e-06
ham,msg150p,tfidf__msg150p,tfidf,3.6812621626662405e-06
ham,msg150p 2rcv,tfidf__msg150p 2rcv,tfidf,3.6812621626662405e-06
ham,wanna pic,tfidf__wanna pic,tfidf,3.6812621626662405e-06
ham,phonetoken text,tfidf__phonetoken text,tfidf,3.6626832092884804e-06
ham,text help,tfidf__text help,tfidf,3.6626832092884804e-06
ham,moby,tfidf__moby,tfidf,3.627443651765152e-06
ham,prize 02,tfidf__prize 02,tfidf,3.5997723850207903e-06
ham,offer ends,tfidf__offer ends,tfidf,3.594299656262401e-06
ham,bl0cked activate,tfidf__bl0cked activate,tfidf,3.538626058748492e-06
ham,don't floppy,tfidf__don't floppy,tfidf,3.5381573163050844e-06
ham,floppy,tfidf__floppy,tfidf,3.5381573163050844e-06
ham,floppy snappy,tfidf__floppy snappy,tfidf,3.5381573163050844e-06
ham,service photo,tfidf__service photo,tfidf,3.5381573163050844e-06
ham,phonetoken receive,tfidf__phonetoken receive,tfidf,3.5324964024020767e-06
ham,suite,tfidf__suite,tfidf,3.497398106046554e-06
ham,ur chance,tfidf__ur chance,tfidf,3.421453516437222e-06
ham,tenerife,tfidf__tenerife,tfidf,3.359085154836764e-06
ham,tenerife holiday,tfidf__tenerife holiday,tfidf,3.359085154836764e-06
ham,announcement recently,tfidf__announcement recently,tfidf,3.3463835501061854e-06
ham,phonetoken schedule,tfidf__phonetoken schedule,tfidf,3.3463835501061854e-06
ham,schedule,tfidf__schedule,tfidf,3.3463835501061854e-06
ham,schedule ref,tfidf__schedule ref,tfidf,3.3463835501061854e-06
ham,conditions visit,tfidf__conditions visit,tfidf,3.3284721805200374e-06
ham,free terms,tfidf__free terms,tfidf,3.3284721805200374e-06
ham,message word,tfidf__message word,tfidf,3.3284721805200374e-06
ham,word free,tfidf__word free,tfidf,3.3284721805200374e-06
ham,collection phonetoken,tfidf__collection phonetoken,tfidf,3.3267769235824325e-06
ham,06 03,tfidf__06 03,tfidf,3.3250248729134784e-06
ham,phonetoken asap,tfidf__phonetoken asap,tfidf,3.3250248729134784e-06
ham,121 chat,tfidf__121 chat,tfidf,3.2930037065391324e-06
ham,150p daily,tfidf__150p daily,tfidf,3.2342970763361146e-06
ham,89123,tfidf__89123,tfidf,3.2342970763361146e-06
ham,date msg,tfidf__date msg,tfidf,3.2342970763361146e-06
ham,future mgs,tfidf__future mgs,tfidf,3.2342970763361146e-06
ham,mgs,tfidf__mgs,tfidf,3.2342970763361146e-06
ham,mobile date,tfidf__mobile date,tfidf,3.2342970763361146e-06
ham,phonetoken future,tfidf__phonetoken future,tfidf,3.2342970763361146e-06
ham,stop 89123,tfidf__stop 89123,tfidf,3.2342970763361146e-06
ham,welcome uk,tfidf__welcome uk,tfidf,3.2342970763361146e-06
ham,embody grant,tfidf__embody grant,tfidf,3.194726885920585e-06
ham,sk38xh,tfidf__sk38xh,tfidf,3.177321040917568e-06
ham,pleased advise,tfidf__pleased advise,tfidf,3.142480887257951e-06
ham,rates app,tfidf__rates app,tfidf,3.1246851070914785e-06
ham,000 fl1pkart,tfidf__000 fl1pkart,tfidf,3.1238303527407287e-06
ham,fl1pkart team,tfidf__fl1pkart team,tfidf,3.1238303527407287e-06
ham,guaranteed cash,tfidf__guaranteed cash,tfidf,3.1238303527407287e-06
ham,prize rs,tfidf__prize rs,tfidf,3.1238303527407287e-06
ham,w0n guaranteed,tfidf__w0n guaranteed,tfidf,3.1238303527407287e-06
ham,26,tfidf__26,tfidf,3.1177961774086236e-06
ham,03 2nd,tfidf__03 2nd,tfidf,3.0622027109235704e-06
ham,free mobileupd8,tfidf__free mobileupd8,tfidf,3.0453109147765567e-06
ham,code rp176781,tfidf__code rp176781,tfidf,3.0132832786243604e-06
ham,discount code,tfidf__discount code,tfidf,3.0132832786243604e-06
ham,rp176781,tfidf__rp176781,tfidf,3.0132832786243604e-06
ham,stop urltoken,tfidf__stop urltoken,tfidf,3.0132832786243604e-06
ham,urltoken customer,tfidf__urltoken customer,tfidf,3.0132832786243604e-06
ham,delivery unable,tfidf__delivery unable,tfidf,2.998912583008702e-06
ham,loyalty phonetoken,tfidf__loyalty phonetoken,tfidf,2.984574714579931e-06
ham,phone upgrade,tfidf__phone upgrade,tfidf,2.984574714579931e-06
ham,charge help,tfidf__charge help,tfidf,2.9666331337629314e-06
ham,credits pls,tfidf__credits pls,tfidf,2.9666331337629314e-06
ham,extra charge,tfidf__extra charge,tfidf,2.9666331337629314e-06
ham,stop extra,tfidf__stop extra,tfidf,2.9666331337629314e-06
ham,text credits,tfidf__text credits,tfidf,2.9666331337629314e-06
ham,unsubscribe stop,tfidf__unsubscribe stop,tfidf,2.9666331337629314e-06
ham,urltoken login,tfidf__urltoken login,tfidf,2.9666331337629314e-06
ham,phonetoken po,tfidf__phonetoken po,tfidf,2.9525715708812932e-06
ham,02 06,tfidf__02 06,tfidf,2.9517214945999237e-06
ham,emailtoken phonetoken,tfidf__emailtoken phonetoken,tfidf,2.9431820421393788e-06
ham,50 pm,tfidf__50 pm,tfidf,2.936492269613698e-06
ham,costa,tfidf__costa,tfidf,2.936492269613698e-06
ham,costa del,tfidf__costa del,tfidf,2.936492269613698e-06
ham,del sol,tfidf__del sol,tfidf,2.936492269613698e-06
ham,max10mins,tfidf__max10mins,tfidf,2.936492269613698e-06
ham,phonetoken toclaim,tfidf__phonetoken toclaim,tfidf,2.936492269613698e-06
ham,pm max10mins,tfidf__pm max10mins,tfidf,2.936492269613698e-06
ham,pobox334,tfidf__pobox334,tfidf,2.936492269613698e-06
ham,pobox334 stockport,tfidf__pobox334 stockport,tfidf,2.936492269613698e-06
ham,sk38xh cost,tfidf__sk38xh cost,tfidf,2.936492269613698e-06
ham,sol,tfidf__sol,tfidf,2.936492269613698e-06
ham,sol holiday,tfidf__sol holiday,tfidf,2.936492269613698e-06
ham,stockport,tfidf__stockport,tfidf,2.936492269613698e-06
ham,stockport sk38xh,tfidf__stockport sk38xh,tfidf,2.936492269613698e-06
ham,toclaim,tfidf__toclaim,tfidf,2.936492269613698e-06
ham,toclaim sae,tfidf__toclaim sae,tfidf,2.936492269613698e-06
ham,asap box97n7qp,tfidf__asap box97n7qp,tfidf,2.933842160442357e-06
ham,box97n7qp,tfidf__box97n7qp,tfidf,2.933842160442357e-06
ham,box97n7qp 150ppm,tfidf__box97n7qp 150ppm,tfidf,2.933842160442357e-06
ham,phonetoken free,tfidf__phonetoken free,tfidf,2.8987006976643493e-06
ham,review mobile,tfidf__review mobile,tfidf,2.8961921520665126e-06
ham,150ppm 16,tfidf__150ppm 16,tfidf,2.8949020761676303e-06
ham,cash await,tfidf__cash await,tfidf,2.8896212132504283e-06
ham,sae cs,tfidf__sae cs,tfidf,2.8896212132504283e-06
ham,plot,tfidf__plot,tfidf,2.876187677830298e-06
ham,txt phonetoken,tfidf__txt phonetoken,tfidf,2.845960865362103e-06
ham,activate 500,tfidf__activate 500,tfidf,2.8167847330093778e-06
ham,message activate,tfidf__message activate,tfidf,2.8167847330093778e-06
ham,live phonetoken,tfidf__live phonetoken,tfidf,2.815507558738665e-06
ham,log urltoken,tfidf__log urltoken,tfidf,2.809797031329878e-06
ham,07,tfidf__07,tfidf,2.7940204678041346e-06
ham,07 11,tfidf__07 11,tfidf,2.7940204678041346e-06
ham,41685,tfidf__41685,tfidf,2.7940204678041346e-06
ham,code 41685,tfidf__code 41685,tfidf,2.7940204678041346e-06
ham,08,tfidf__08,tfidf,2.777273567533605e-06
ham,adam,tfidf__adam,tfidf,2.765674539707532e-06
ham,adam eve,tfidf__adam eve,tfidf,2.765674539707532e-06
ham,heart txt,tfidf__heart txt,tfidf,2.765674539707532e-06
ham,logo ur,tfidf__logo ur,tfidf,2.765674539707532e-06
ham,lover names,tfidf__lover names,tfidf,2.765674539707532e-06
ham,mobno,tfidf__mobno,tfidf,2.765674539707532e-06
ham,name1,tfidf__name1,tfidf,2.765674539707532e-06
ham,name1 name2,tfidf__name1 name2,tfidf,2.765674539707532e-06
ham,name2,tfidf__name2,tfidf,2.765674539707532e-06
ham,name2 mobno,tfidf__name2 mobno,tfidf,2.765674539707532e-06
ham,names,tfidf__names,tfidf,2.765674539707532e-06
ham,phonetoken 87077,tfidf__phonetoken 87077,tfidf,2.765674539707532e-06
ham,klia2,tfidf__klia2,tfidf,2.7567188746008516e-06
ham,rmo,tfidf__rmo,tfidf,2.7567188746008516e-06
ham,rmo 00,tfidf__rmo 00,tfidf,2.7567188746008516e-06
ham,txn,tfidf__txn,tfidf,2.7567188746008516e-06
ham,1x150p,tfidf__1x150p,tfidf,2.7485419115562954e-06
ham,1x150p wk,tfidf__1x150p wk,tfidf,2.7485419115562954e-06
ham,phonetoken 1x150p,tfidf__phonetoken 1x150p,tfidf,2.7485419115562954e-06
ham,announcement freephone,tfidf__announcement freephone,tfidf,2.7455279706699245e-06
ham,rental free,tfidf__rental free,tfidf,2.7381748456527566e-06
ham,pounds maximize,tfidf__pounds maximize,tfidf,2.719011193047359e-06
ham,114,tfidf__114,tfidf,2.703146136959032e-06
ham,114 14,tfidf__114 14,tfidf,2.703146136959032e-06
ham,14 tcr,tfidf__14 tcr,tfidf,2.703146136959032e-06
ham,box 114,tfidf__box 114,tfidf,2.703146136959032e-06
ham,tcr,tfidf__tcr,tfidf,2.703146136959032e-06
ham,tcr w1,tfidf__tcr w1,tfidf,2.703146136959032e-06
ham,text camcorder,tfidf__text camcorder,tfidf,2.699373136209614e-06
ham,biggest live,tfidf__biggest live,tfidf,2.6951190523057936e-06
ham,chat just,tfidf__chat just,tfidf,2.6951190523057936e-06
ham,chat uk's,tfidf__chat uk's,tfidf,2.6951190523057936e-06
ham,cheap chat,tfidf__cheap chat,tfidf,2.6951190523057936e-06
ham,choose girl,tfidf__choose girl,tfidf,2.6951190523057936e-06
ham,hard live,tfidf__hard live,tfidf,2.6951190523057936e-06
ham,live 121,tfidf__live 121,tfidf,2.6951190523057936e-06
ham,live service,tfidf__live service,tfidf,2.6951190523057936e-06
ham,min choose,tfidf__min choose,tfidf,2.6951190523057936e-06
ham,phonetoken cheap,tfidf__phonetoken cheap,tfidf,2.6951190523057936e-06
ham,uk's biggest,tfidf__uk's biggest,tfidf,2.6951190523057936e-06
ham,cw25wx,tfidf__cw25wx,tfidf,2.6896974127316008e-06
ham,messages replying,tfidf__messages replying,tfidf,2.664263124885907e-06
ham,replying message,tfidf__replying message,tfidf,2.664263124885907e-06
ham,embody awarded,tfidf__embody awarded,tfidf,2.6186827493677826e-06
ham,collection sae,tfidf__collection sae,tfidf,2.6079309257791584e-06
ham,prove contact,tfidf__prove contact,tfidf,2.5604198532828294e-06
ham,joined heart,tfidf__joined heart,tfidf,2.5514091075830195e-06
ham,names joined,tfidf__names joined,tfidf,2.5514091075830195e-06
ham,contact offer,tfidf__contact offer,tfidf,2.5374560462079956e-06
ham,phonetoken 2optout,tfidf__phonetoken 2optout,tfidf,2.4938476277208634e-06
ham,900 prize,tfidf__900 prize,tfidf,2.4917291089073793e-06
ham,tariffs latest,tfidf__tariffs latest,tfidf,2.4710822139757804e-06
ham,18 opt,tfidf__18 opt,tfidf,2.4320353591094e-06
ham,opt txt,tfidf__opt txt,tfidf,2.4320353591094e-06
ham,customer claim,tfidf__customer claim,tfidf,2.4280542082321523e-06
ham,1172,tfidf__1172,tfidf,2.4102750207268682e-06
ham,1172 removal,tfidf__1172 removal,tfidf,2.4102750207268682e-06
ham,unique user,tfidf__unique user,tfidf,2.4102750207268682e-06
ham,user id,tfidf__user id,tfidf,2.4102750207268682e-06
ham,5p,tfidf__5p,tfidf,2.3832263638116726e-06
ham,2nite,tfidf__2nite,tfidf,2.3792788152622026e-06
ham,sae tc,tfidf__sae tc,tfidf,2.377236218696718e-06
ham,tc pobox334,tfidf__tc pobox334,tfidf,2.377236218696718e-06
ham,perform txn,tfidf__perform txn,tfidf,2.3228362435627207e-06
ham,28days,tfidf__28days,tfidf,2.31564563167434e-06
ham,28days cs,tfidf__28days cs,tfidf,2.31564563167434e-06
ham,2yr,tfidf__2yr,tfidf,2.31564563167434e-06
ham,2yr warranty,tfidf__2yr warranty,tfidf,2.31564563167434e-06
ham,box177,tfidf__box177,tfidf,2.31564563167434e-06
ham,box177 m221bp,tfidf__box177 m221bp,tfidf,2.31564563167434e-06
ham,cs box177,tfidf__cs box177,tfidf,2.31564563167434e-06
ham,delivery 28days,tfidf__delivery 28days,tfidf,2.31564563167434e-06
ham,m221bp,tfidf__m221bp,tfidf,2.31564563167434e-06
ham,m221bp 2yr,tfidf__m221bp 2yr,tfidf,2.31564563167434e-06
ham,warranty,tfidf__warranty,tfidf,2.31564563167434e-06
ham,warranty 150ppm,tfidf__warranty 150ppm,tfidf,2.31564563167434e-06
ham,2rcv hlp,tfidf__2rcv hlp,tfidf,2.3035852137186574e-06
ham,82242 msg150p,tfidf__82242 msg150p,tfidf,2.3035852137186574e-06
ham,company jst,tfidf__company jst,tfidf,2.3035852137186574e-06
ham,date 82242,tfidf__date 82242,tfidf,2.3035852137186574e-06
ham,feelin kinda,tfidf__feelin kinda,tfidf,2.3035852137186574e-06
ham,freemsg feelin,tfidf__freemsg feelin,tfidf,2.3035852137186574e-06
ham,kinda lnly,tfidf__kinda lnly,tfidf,2.3035852137186574e-06
ham,lnly,tfidf__lnly,tfidf,2.3035852137186574e-06
ham,pic txt,tfidf__pic txt,tfidf,2.3035852137186574e-06
ham,stop 82242,tfidf__stop 82242,tfidf,2.3035852137186574e-06
ham,contact weekends,tfidf__contact weekends,tfidf,2.3016854209442367e-06
ham,numbers finish,tfidf__numbers finish,tfidf,2.2993933125799353e-06
ham,awarded rs,tfidf__awarded rs,tfidf,2.2709349072606107e-06
ham,ur award,tfidf__ur award,tfidf,2.252079095637605e-06
ham,mobile customer,tfidf__mobile customer,tfidf,2.2494995610883115e-06
ham,make delivery,tfidf__make delivery,tfidf,2.2474109592443003e-06
ham,inclusive text,tfidf__inclusive text,tfidf,2.2406665197532492e-06
ham,services inclusive,tfidf__services inclusive,tfidf,2.2406665197532492e-06
ham,sms services,tfidf__sms services,tfidf,2.2406665197532492e-06
ham,3qxj9,tfidf__3qxj9,tfidf,2.236250924525887e-06
ham,3qxj9 unsubscribe,tfidf__3qxj9 unsubscribe,tfidf,2.236250924525887e-06
ham,9ae,tfidf__9ae,tfidf,2.236250924525887e-06
ham,login 3qxj9,tfidf__login 3qxj9,tfidf,2.236250924525887e-06
ham,chance phonetoken,tfidf__chance phonetoken,tfidf,2.218629610364826e-06
ham,free tarot,tfidf__free tarot,tfidf,2.218629610364826e-06
ham,life try,tfidf__life try,tfidf,2.218629610364826e-06
ham,msgs 50,tfidf__msgs 50,tfidf,2.218629610364826e-06
ham,tarot,tfidf__tarot,tfidf,2.218629610364826e-06
ham,tarot texts,tfidf__tarot texts,tfidf,2.218629610364826e-06
ham,text chance,tfidf__text chance,tfidf,2.218629610364826e-06
ham,try free,tfidf__try free,tfidf,2.218629610364826e-06
ham,removal send,tfidf__removal send,tfidf,2.1926623654220553e-06
ham,nationwide,tfidf__nationwide,tfidf,2.1732404973633624e-06
ham,todays draw,tfidf__todays draw,tfidf,2.1476156329838965e-06
ham,recently tried,tfidf__recently tried,tfidf,2.1233347274340967e-06
ham,txt reply,tfidf__txt reply,tfidf,2.1007828719581227e-06
ham,hotels,tfidf__hotels,tfidf,2.0973083006394915e-06
ham,free giving,tfidf__free giving,tfidf,2.0732265225330685e-06
ham,giving free,tfidf__giving free,tfidf,2.0732265225330685e-06
ham,arrive customer,tfidf__arrive customer,tfidf,2.0375517379412378e-06
ham,succeed recent,tfidf__succeed recent,tfidf,2.034353245788183e-06
ham,anytime networks,tfidf__anytime networks,tfidf,2.0211360177839003e-06
ham,networks,tfidf__networks,tfidf,2.0211360177839003e-06
ham,networks mins,tfidf__networks mins,tfidf,2.0211360177839003e-06
ham,complimentary tenerife,tfidf__complimentary tenerife,tfidf,2.0134110401438367e-06
ham,cs box,tfidf__cs box,tfidf,2.0134110401438367e-06
ham,colour mobiles,tfidf__colour mobiles,tfidf,2.002735617980306e-06
ham,mobiles camera,tfidf__mobiles camera,tfidf,2.002735617980306e-06
ham,messages new,tfidf__messages new,tfidf,1.983736456385e-06
ham,phone half,tfidf__phone half,tfidf,1.983736456385e-06
ham,xmas 100,tfidf__xmas 100,tfidf,1.983736456385e-06
ham,mobile awarded,tfidf__mobile awarded,tfidf,1.9678688495593808e-06
ham,order reference,tfidf__order reference,tfidf,1.9323845119949835e-06
ham,150 prize,tfidf__150 prize,tfidf,1.9191494372633426e-06
ham,contact claim,tfidf__contact claim,tfidf,1.9171618150369456e-06
ham,collection cs,tfidf__collection cs,tfidf,1.875553344253735e-06
ham,cs sae,tfidf__cs sae,tfidf,1.875553344253735e-06
ham,landline 5000,tfidf__landline 5000,tfidf,1.875553344253735e-06
ham,cross ntwk,tfidf__cross ntwk,tfidf,1.8706335644500203e-06
ham,ntwk,tfidf__ntwk,tfidf,1.8706335644500203e-06
ham,ntwk mins,tfidf__ntwk mins,tfidf,1.8706335644500203e-06
ham,del,tfidf__del,tfidf,1.8555944629398505e-06
ham,48,tfidf__48,tfidf,1.852913525066695e-06
ham,48 84,tfidf__48 84,tfidf,1.852913525066695e-06
ham,84 urltoken,tfidf__84 urltoken,tfidf,1.852913525066695e-06
ham,owed,tfidf__owed,tfidf,1.852913525066695e-06
ham,owed 48,tfidf__owed 48,tfidf,1.852913525066695e-06
ham,urltoken secure,tfidf__urltoken secure,tfidf,1.852913525066695e-06
ham,vehicle,tfidf__vehicle,tfidf,1.852913525066695e-06
ham,vehicle tax,tfidf__vehicle tax,tfidf,1.852913525066695e-06
ham,dear fl1pkart,tfidf__dear fl1pkart,tfidf,1.845108936672705e-06
ham,fl1pkart customer,tfidf__fl1pkart customer,tfidf,1.845108936672705e-06
ham,shows w0n,tfidf__shows w0n,tfidf,1.845108936672705e-06
ham,urgent dear,tfidf__urgent dear,tfidf,1.845108936672705e-06
ham,w0n rs,tfidf__w0n rs,tfidf,1.845108936672705e-06
ham,holiday valued,tfidf__holiday valued,tfidf,1.8297103843559974e-06
ham,best orange,tfidf__best orange,tfidf,1.8285273717057726e-06
ham,new offer,tfidf__new offer,tfidf,1.8285273717057726e-06
ham,offer double,tfidf__offer double,tfidf,1.8285273717057726e-06
ham,txt best,tfidf__txt best,tfidf,1.8285273717057726e-06
ham,800 prize,tfidf__800 prize,tfidf,1.8249541637451844e-06
ham,contact todays,tfidf__contact todays,tfidf,1.8051070190222757e-06
ham,customer exist,tfidf__customer exist,tfidf,1.7549523063109387e-06
ham,12hrs 150ppm,tfidf__12hrs 150ppm,tfidf,1.7355320626281486e-06
ham,delete,tfidf__delete,tfidf,1.7347839977622125e-06
ham,inr 00,tfidf__inr 00,tfidf,1.7284975545631694e-06
ham,hp,tfidf__hp,tfidf,1.7064155379071412e-06
ham,free msgs,tfidf__free msgs,tfidf,1.6865369580811187e-06
ham,product,tfidf__product,tfidf,1.6712449895183221e-06
ham,charged 50,tfidf__charged 50,tfidf,1.6671872543069129e-06
ham,prize collect,tfidf__prize collect,tfidf,1.644611791561863e-06
ham,75max,tfidf__75max,tfidf,1.6084911076568533e-06
ham,blu concert,tfidf__blu concert,tfidf,1.6084911076568533e-06
ham,blu gift,tfidf__blu gift,tfidf,1.6084911076568533e-06
ham,row tickets,tfidf__row tickets,tfidf,1.6084911076568533e-06
ham,tickets blu,tfidf__tickets blu,tfidf,1.6084911076568533e-06
ham,vip row,tfidf__vip row,tfidf,1.6084911076568533e-06
ham,valued network,tfidf__valued network,tfidf,1.539007621663741e-06
ham,winner valued,tfidf__winner valued,tfidf,1.539007621663741e-06
ham,embody 2nd,tfidf__embody 2nd,tfidf,1.5370318748065764e-06
ham,326,tfidf__326,tfidf,1.484427905076127e-06
ham,326 cw25wx,tfidf__326 cw25wx,tfidf,1.484427905076127e-06
ham,abta,tfidf__abta,tfidf,1.484427905076127e-06
ham,abta complimentary,tfidf__abta complimentary,tfidf,1.484427905076127e-06
ham,box 326,tfidf__box 326,tfidf,1.484427905076127e-06
ham,landline abta,tfidf__landline abta,tfidf,1.484427905076127e-06
ham,45239,tfidf__45239,tfidf,1.4379637475694837e-06
ham,45239 expires,tfidf__45239 expires,tfidf,1.4379637475694837e-06
ham,bonus points,tfidf__bonus points,tfidf,1.4379637475694837e-06
ham,code 45239,tfidf__code 45239,tfidf,1.4379637475694837e-06
ham,shows 786,tfidf__shows 786,tfidf,1.4379637475694837e-06
ham,hi babe,tfidf__hi babe,tfidf,1.4223547327093414e-06
ham,1131,tfidf__1131,tfidf,1.3958548418948181e-06
ham,1131 standard,tfidf__1131 standard,tfidf,1.3958548418948181e-06
ham,5226,tfidf__5226,tfidf,1.3958548418948181e-06
ham,award hava,tfidf__award hava,tfidf,1.3958548418948181e-06
ham,code 1131,tfidf__code 1131,tfidf,1.3958548418948181e-06
ham,hava,tfidf__hava,tfidf,1.3958548418948181e-06
ham,hava match,tfidf__hava match,tfidf,1.3958548418948181e-06
ham,reach phonetoken,tfidf__reach phonetoken,tfidf,1.3950161612101652e-06
ham,cash 6000,tfidf__cash 6000,tfidf,1.385579387269208e-06
ham,win ipod,tfidf__win ipod,tfidf,1.3759643122366805e-06
ham,220cm2,tfidf__220cm2,tfidf,1.3749480437251507e-06
ham,220cm2 9ae,tfidf__220cm2 9ae,tfidf,1.3749480437251507e-06
ham,comuk,tfidf__comuk,tfidf,1.3749480437251507e-06
ham,comuk 220cm2,tfidf__comuk 220cm2,tfidf,1.3749480437251507e-06
ham,gotto,tfidf__gotto,tfidf,1.3749480437251507e-06
ham,gotto urltoken,tfidf__gotto urltoken,tfidf,1.3749480437251507e-06
ham,phonetoken comuk,tfidf__phonetoken comuk,tfidf,1.3749480437251507e-06
ham,pls gotto,tfidf__pls gotto,tfidf,1.3749480437251507e-06
ham,embody easy,tfidf__embody easy,tfidf,1.3468802311436093e-06
ham,number ingest,tfidf__number ingest,tfidf,1.3424777282360106e-06
ham,11 months,tfidf__11 months,tfidf,1.3396062377964754e-06
ham,won 800,tfidf__won 800,tfidf,1.3394424866888205e-06
ham,1000 prize,tfidf__1000 prize,tfidf,1.3178816982891764e-06
ham,00 gbp,tfidf__00 gbp,tfidf,1.3128433576621928e-06
ham,apple online,tfidf__apple online,tfidf,1.3128433576621928e-06
ham,debit,tfidf__debit,tfidf,1.3128433576621928e-06
ham,debit card,tfidf__debit card,tfidf,1.3128433576621928e-06
ham,fraud,tfidf__fraud,tfidf,1.3128433576621928e-06
ham,gbp urgently,tfidf__gbp urgently,tfidf,1.3128433576621928e-06
ham,sms urltoken,tfidf__sms urltoken,tfidf,1.3128433576621928e-06
ham,urgently fraud,tfidf__urgently fraud,tfidf,1.3128433576621928e-06
ham,valid12hrs,tfidf__valid12hrs,tfidf,1.3123579715848443e-06
ham,1000 winner,tfidf__1000 winner,tfidf,1.2920448425927758e-06
ham,150ppmpobox10183bhamb64xe,tfidf__150ppmpobox10183bhamb64xe,tfidf,1.2920448425927758e-06
ham,phonetoken 150ppmpobox10183bhamb64xe,tfidf__phonetoken 150ppmpobox10183bhamb64xe,tfidf,1.2920448425927758e-06
ham,receivea,tfidf__receivea,tfidf,1.2893797267473637e-06
ham,receivea 900,tfidf__receivea 900,tfidf,1.2893797267473637e-06
ham,11mths entitled,tfidf__11mths entitled,tfidf,1.282292402044608e-06
ham,ve won,tfidf__ve won,tfidf,1.2812386340184205e-06
ham,won costa,tfidf__won costa,tfidf,1.2812386340184205e-06
ham,billed,tfidf__billed,tfidf,1.2793791301600641e-06
ham,lucky draw,tfidf__lucky draw,tfidf,1.258342347331917e-06
ham,contact phonetoken,tfidf__contact phonetoken,tfidf,1.2554277375222142e-06
ham,10am 7pm,tfidf__10am 7pm,tfidf,1.246546646260892e-06
ham,1000 cashto,tfidf__1000 cashto,tfidf,1.2285246345262488e-06
ham,200 award,tfidf__200 award,tfidf,1.2285246345262488e-06
ham,4jx,tfidf__4jx,tfidf,1.2285246345262488e-06
ham,88222,tfidf__88222,tfidf,1.2285246345262488e-06
ham,88222 php,tfidf__88222 php,tfidf,1.2285246345262488e-06
ham,award 1000,tfidf__award 1000,tfidf,1.2285246345262488e-06
ham,award free,tfidf__award free,tfidf,1.2285246345262488e-06
ham,cashto,tfidf__cashto,tfidf,1.2285246345262488e-06
ham,getstop,tfidf__getstop,tfidf,1.2285246345262488e-06
ham,getstop 88222,tfidf__getstop 88222,tfidf,1.2285246345262488e-06
ham,guaranteed 200,tfidf__guaranteed 200,tfidf,1.2285246345262488e-06
ham,php,tfidf__php,tfidf,1.2285246345262488e-06
ham,php rg21,tfidf__php rg21,tfidf,1.2285246345262488e-06
ham,rg21,tfidf__rg21,tfidf,1.2285246345262488e-06
ham,rg21 4jx,tfidf__rg21 4jx,tfidf,1.2285246345262488e-06
ham,stop getstop,tfidf__stop getstop,tfidf,1.2285246345262488e-06
ham,calling phonetoken,tfidf__calling phonetoken,tfidf,1.2082954344206119e-06
ham,free calling,tfidf__free calling,tfidf,1.2082954344206119e-06
ham,select receive,tfidf__select receive,tfidf,1.2010119261401629e-06
ham,december mobile,tfidf__december mobile,tfidf,1.198448776492014e-06
ham,150 ppm,tfidf__150 ppm,tfidf,1.1885983086450172e-06
ham,ppm,tfidf__ppm,tfidf,1.1885983086450172e-06
ham,chance advance,tfidf__chance advance,tfidf,1.1853420350139883e-06
ham,urgent embody,tfidf__urgent embody,tfidf,1.1845686303848032e-06
ham,billed 150p,tfidf__billed 150p,tfidf,1.141730036543589e-06
ham,mgs billed,tfidf__mgs billed,tfidf,1.141730036543589e-06
ham,selected receivea,tfidf__selected receivea,tfidf,1.0805840497391522e-06
ham,exist awarded,tfidf__exist awarded,tfidf,1.0600811287123517e-06
ham,u've selected,tfidf__u've selected,tfidf,1.038400175921824e-06
ham,win 250,tfidf__win 250,tfidf,1.028542335118671e-06
ham,claim yr,tfidf__claim yr,tfidf,1.0260292994756904e-06
ham,box95qu,tfidf__box95qu,tfidf,1.0232366842047417e-06
ham,phonetoken box95qu,tfidf__phonetoken box95qu,tfidf,1.0232366842047417e-06
ham,reward claim,tfidf__reward claim,tfidf,1.0218821166577963e-06
ham,colour red,tfidf__colour red,tfidf,9.962165394581814e-07
ham,colour txtstar,tfidf__colour txtstar,tfidf,9.962165394581814e-07
ham,number x49,tfidf__number x49,tfidf,9.962165394581814e-07
ham,phonetoken colour,tfidf__phonetoken colour,tfidf,9.962165394581814e-07
ham,red text,tfidf__red text,tfidf,9.962165394581814e-07
ham,text colour,tfidf__text colour,tfidf,9.962165394581814e-07
ham,txtstar,tfidf__txtstar,tfidf,9.962165394581814e-07
ham,x49,tfidf__x49,tfidf,9.962165394581814e-07
ham,x49 mobile,tfidf__x49 mobile,tfidf,9.962165394581814e-07
ham,intl,tfidf__intl,tfidf,9.951356000149262e-07
ham,intl phonetoken,tfidf__intl phonetoken,tfidf,9.951356000149262e-07
ham,phonetoken intl,tfidf__phonetoken intl,tfidf,9.951356000149262e-07
ham,touch weekends,tfidf__touch weekends,tfidf,9.705786779439144e-07
ham,units,tfidf__units,tfidf,9.536726780570312e-07
ham,2004 txt,tfidf__2004 txt,tfidf,9.428164792497813e-07
ham,2optout phonetoken,tfidf__2optout phonetoken,tfidf,9.428164792497813e-07
ham,50gbp,tfidf__50gbp,tfidf,9.428164792497813e-07
ham,50gbp mtmsg18,tfidf__50gbp mtmsg18,tfidf,9.428164792497813e-07
ham,89545,tfidf__89545,tfidf,9.428164792497813e-07
ham,89545 collect,tfidf__89545 collect,tfidf,9.428164792497813e-07
ham,collect today,tfidf__collect today,tfidf,9.428164792497813e-07
ham,mobiles 2004,tfidf__mobiles 2004,tfidf,9.428164792497813e-07
ham,mtmsg18,tfidf__mtmsg18,tfidf,9.428164792497813e-07
ham,new mobiles,tfidf__new mobiles,tfidf,9.428164792497813e-07
ham,nokia 89545,tfidf__nokia 89545,tfidf,9.428164792497813e-07
ham,phonetoken 50gbp,tfidf__phonetoken 50gbp,tfidf,9.428164792497813e-07
ham,urltoken 2optout,tfidf__urltoken 2optout,tfidf,9.428164792497813e-07
ham,noticed,tfidf__noticed,tfidf,9.363527290440998e-07
ham,noticed debit,tfidf__noticed debit,tfidf,9.363527290440998e-07
ham,daily cancel,tfidf__daily cancel,tfidf,9.006977222486025e-07
ham,awarded 000,tfidf__awarded 000,tfidf,8.816519726083739e-07
ham,selected stay,tfidf__selected stay,tfidf,7.972345178509863e-07
ham,phonetoken arrogate,tfidf__phonetoken arrogate,tfidf,6.69997663619038e-07
ham,03 embody,tfidf__03 embody,tfidf,6.520757865285613e-07
ham,mgs 150p,tfidf__mgs 150p,tfidf,6.509108475110379e-07
ham,chat guys,tfidf__chat guys,tfidf,6.482763066808656e-07
ham,cust care,tfidf__cust care,tfidf,6.417647879031315e-07
ham,code flip52,tfidf__code flip52,tfidf,6.380969806480307e-07
ham,flip52,tfidf__flip52,tfidf,6.380969806480307e-07
ham,flip52 valid,tfidf__flip52 valid,tfidf,6.380969806480307e-07
ham,phonetoken hg,tfidf__phonetoken hg,tfidf,6.011424088422997e-07
ham,nat,tfidf__nat,tfidf,5.811052895621119e-07
ham,nat rate,tfidf__nat rate,tfidf,5.811052895621119e-07
ham,phonetoken nat,tfidf__phonetoken nat,tfidf,5.811052895621119e-07
ham,forwarded phonetoken,tfidf__forwarded phonetoken,tfidf,5.41268149062433e-07
ham,mailbox,tfidf__mailbox,tfidf,5.41268149062433e-07
ham,messages matches,tfidf__messages matches,tfidf,5.41268149062433e-07
ham,phonetoken hi,tfidf__phonetoken hi,tfidf,5.41268149062433e-07
ham,sms alert,tfidf__sms alert,tfidf,5.41268149062433e-07
ham,00 urltoken,tfidf__00 urltoken,tfidf,5.401577199471657e-07
ham,bears,tfidf__bears,tfidf,5.186714012749509e-07
ham,try,tfidf__try,tfidf,4.246311805339869e-07
ham,24 10,tfidf__24 10,tfidf,4.1005058205154724e-07
ham,ending,tfidf__ending,tfidf,3.8032117313129315e-07
ham,81,tfidf__81,tfidf,3.645821445641017e-07
ham,81 urltoken,tfidf__81 urltoken,tfidf,3.645821445641017e-07
ham,phonetoken 81,tfidf__phonetoken 81,tfidf,3.645821445641017e-07
ham,1450,tfidf__1450,tfidf,3.3568652486538196e-07
ham,1450 prize,tfidf__1450 prize,tfidf,3.3568652486538196e-07
ham,competition draw,tfidf__competition draw,tfidf,3.3568652486538196e-07
ham,congratulations week's,tfidf__congratulations week's,tfidf,3.3568652486538196e-07
ham,cs stop,tfidf__cs stop,tfidf,3.3568652486538196e-07
ham,week's competition,tfidf__week's competition,tfidf,3.3568652486538196e-07
ham,100 ayurvedic,tfidf__100 ayurvedic,tfidf,2.7685009755849216e-07
ham,25 kg,tfidf__25 kg,tfidf,2.7685009755849216e-07
ham,ayurvedic,tfidf__ayurvedic,tfidf,2.7685009755849216e-07
ham,ayurvedic product,tfidf__ayurvedic product,tfidf,2.7685009755849216e-07
ham,effect 100,tfidf__effect 100,tfidf,2.7685009755849216e-07
ham,gain 25,tfidf__gain 25,tfidf,2.7685009755849216e-07
ham,kg,tfidf__kg,tfidf,2.7685009755849216e-07
ham,kg effect,tfidf__kg effect,tfidf,2.7685009755849216e-07
ham,money urltoken,tfidf__money urltoken,tfidf,2.7685009755849216e-07
ham,product money,tfidf__product money,tfidf,2.7685009755849216e-07
ham,urltoken loss,tfidf__urltoken loss,tfidf,2.7685009755849216e-07
ham,unique,tfidf__unique,tfidf,2.0288714207371597e-07
ham,08715500022,tfidf__08715500022,tfidf,1.9929870322713448e-07
ham,08715500022 rpl,tfidf__08715500022 rpl,tfidf,1.9929870322713448e-07
ham,89693 08715500022,tfidf__89693 08715500022,tfidf,1.9929870322713448e-07
ham,cnl,tfidf__cnl,tfidf,1.9929870322713448e-07
ham,rpl,tfidf__rpl,tfidf,1.9929870322713448e-07
ham,00 sub,tfidf__00 sub,tfidf,0.0
ham,000 songs,tfidf__000 songs,tfidf,0.0
ham,000 xmas,tfidf__000 xmas,tfidf,0.0
ham,02 claimcode,tfidf__02 claimcode,tfidf,0.0
ham,02 user,tfidf__02 user,tfidf,0.0
ham,03 exist,tfidf__03 exist,tfidf,0.0
ham,04 43,tfidf__04 43,tfidf,0.0
ham,05,tfidf__05,tfidf,0.0
ham,050703,tfidf__050703,tfidf,0.0
ham,050703 csbcm4235wc1n3xx,tfidf__050703 csbcm4235wc1n3xx,tfidf,0.0
ham,078,tfidf__078,tfidf,0.0
ham,07xxxxxxxxx,tfidf__07xxxxxxxxx,tfidf,0.0
ham,08718727870150ppm,tfidf__08718727870150ppm,tfidf,0.0
ham,09,tfidf__09,tfidf,0.0
ham,0km,tfidf__0km,tfidf,0.0
ham,0km frm,tfidf__0km frm,tfidf,0.0
ham,10 00,tfidf__10 00,tfidf,0.0
ham,10 000,tfidf__10 000,tfidf,0.0
ham,100 000,tfidf__100 000,tfidf,0.0
ham,100 cash,tfidf__100 cash,tfidf,0.0
ham,100 security,tfidf__100 security,tfidf,0.0
ham,100 txts,tfidf__100 txts,tfidf,0.0
ham,1000 txt,tfidf__1000 txt,tfidf,0.0
ham,1000 txts,tfidf__1000 txts,tfidf,0.0
ham,1000call,tfidf__1000call,tfidf,0.0
ham,1000call phonetoken,tfidf__1000call phonetoken,tfidf,0.0
ham,10ppm,tfidf__10ppm,tfidf,0.0
ham,10ppm 16,tfidf__10ppm 16,tfidf,0.0
ham,113,tfidf__113,tfidf,0.0
ham,113 bray,tfidf__113 bray,tfidf,0.0
ham,11pm,tfidf__11pm,tfidf,0.0
ham,11pm won,tfidf__11pm won,tfidf,0.0
ham,12 help,tfidf__12 help,tfidf,0.0
ham,12 kiosk,tfidf__12 kiosk,tfidf,0.0
ham,12 mths,tfidf__12 mths,tfidf,0.0
ham,1250,tfidf__1250,tfidf,0.0
ham,1250 phonetoken,tfidf__1250 phonetoken,tfidf,0.0
ham,12hours,tfidf__12hours,tfidf,0.0
ham,135,tfidf__135,tfidf,0.0
ham,135 with2,tfidf__135 with2,tfidf,0.0
ham,14 500,tfidf__14 500,tfidf,0.0
ham,146tf150p,tfidf__146tf150p,tfidf,0.0
ham,146tf150p win,tfidf__146tf150p win,tfidf,0.0
ham,14thmarch,tfidf__14thmarch,tfidf,0.0
ham,14thmarch c's,tfidf__14thmarch c's,tfidf,0.0
ham,15 noida,tfidf__15 noida,tfidf,0.0
ham,150 case,tfidf__150 case,tfidf,0.0
ham,150 text,tfidf__150 text,tfidf,0.0
ham,150 textand,tfidf__150 textand,tfidf,0.0
ham,150p phonetoken,tfidf__150p phonetoken,tfidf,0.0
ham,150ppm 18,tfidf__150ppm 18,tfidf,0.0
ham,150ppm ave,tfidf__150ppm ave,tfidf,0.0
ham,150ppm mobilesvary,tfidf__150ppm mobilesvary,tfidf,0.0
ham,150ppmmobilesvary,tfidf__150ppmmobilesvary,tfidf,0.0
ham,150ppmmobilesvary max,tfidf__150ppmmobilesvary max,tfidf,0.0
ham,151 pause,tfidf__151 pause,tfidf,0.0
ham,16 99,tfidf__16 99,tfidf,0.0
ham,16 c's,tfidf__16 c's,tfidf,0.0
ham,16 cs,tfidf__16 cs,tfidf,0.0
ham,16 remove,tfidf__16 remove,tfidf,0.0
ham,16 unsub,tfidf__16 unsub,tfidf,0.0
ham,18 days,tfidf__18 days,tfidf,0.0
ham,18 urltoken,tfidf__18 urltoken,tfidf,0.0
ham,19 10,tfidf__19 10,tfidf,0.0
ham,1er,tfidf__1er,tfidf,0.0
ham,1er stop,tfidf__1er stop,tfidf,0.0
ham,1st class,tfidf__1st class,tfidf,0.0
ham,1st ur,tfidf__1st ur,tfidf,0.0
ham,1winaweek,tfidf__1winaweek,tfidf,0.0
ham,1winaweek age16,tfidf__1winaweek age16,tfidf,0.0
ham,1yf,tfidf__1yf,tfidf,0.0
ham,1yf 150ppm,tfidf__1yf 150ppm,tfidf,0.0
ham,20 000,tfidf__20 000,tfidf,0.0
ham,200 prize,tfidf__200 prize,tfidf,0.0
ham,2000 bonus,tfidf__2000 bonus,tfidf,0.0
ham,2006,tfidf__2006,tfidf,0.0
ham,2006 fifa,tfidf__2006 fifa,tfidf,0.0
ham,2007,tfidf__2007,tfidf,0.0
ham,2007 band,tfidf__2007 band,tfidf,0.0
ham,21 aberdeen,tfidf__21 aberdeen,tfidf,0.0
ham,21 matches,tfidf__21 matches,tfidf,0.0
ham,220,tfidf__220,tfidf,0.0
ham,220 cm2,tfidf__220 cm2,tfidf,0.0
ham,24 hour,tfidf__24 hour,tfidf,0.0
ham,24 hr,tfidf__24 hr,tfidf,0.0
ham,25 inviting,tfidf__25 inviting,tfidf,0.0
ham,250 cash,tfidf__250 cash,tfidf,0.0
ham,250 sms,tfidf__250 sms,tfidf,0.0
ham,250 tag,tfidf__250 tag,tfidf,0.0
ham,250 weekly,tfidf__250 weekly,tfidf,0.0
ham,25p alfie,tfidf__25p alfie,tfidf,0.0
ham,2600,tfidf__2600,tfidf,0.0
ham,2600 urltoken,tfidf__2600 urltoken,tfidf,0.0
ham,26th,tfidf__26th,tfidf,0.0
ham,26th july,tfidf__26th july,tfidf,0.0
ham,28 lac,tfidf__28 lac,tfidf,0.0
ham,2day,tfidf__2day,tfidf,0.0
ham,2find,tfidf__2find,tfidf,0.0
ham,2find log,tfidf__2find log,tfidf,0.0
ham,2nite chat,tfidf__2nite chat,tfidf,0.0
ham,2stop,tfidf__2stop,tfidf,0.0
ham,2stop reply,tfidf__2stop reply,tfidf,0.0
ham,2wks,tfidf__2wks,tfidf,0.0
ham,2wks free,tfidf__2wks free,tfidf,0.0
ham,3000,tfidf__3000,tfidf,0.0
ham,3000 cash,tfidf__3000 cash,tfidf,0.0
ham,30000,tfidf__30000,tfidf,0.0
ham,30000 onwards,tfidf__30000 onwards,tfidf,0.0
ham,300603t,tfidf__300603t,tfidf,0.0
ham,300603t urltoken,tfidf__300603t urltoken,tfidf,0.0
ham,30s,tfidf__30s,tfidf,0.0
ham,30s urltoken,tfidf__30s urltoken,tfidf,0.0
ham,31,tfidf__31,tfidf,0.0
ham,3100,tfidf__3100,tfidf,0.0
ham,3100 standard,tfidf__3100 standard,tfidf,0.0
ham,32,tfidf__32,tfidf,0.0
ham,32323,tfidf__32323,tfidf,0.0
ham,33,tfidf__33,tfidf,0.0
ham,350 reward,tfidf__350 reward,tfidf,0.0
ham,350 weekly,tfidf__350 weekly,tfidf,0.0
ham,350 worth,tfidf__350 worth,tfidf,0.0
ham,35p,tfidf__35p,tfidf,0.0
ham,35p think,tfidf__35p think,tfidf,0.0
ham,3650,tfidf__3650,tfidf,0.0
ham,3650 video,tfidf__3650 video,tfidf,0.0
ham,36504 w4,tfidf__36504 w4,tfidf,0.0
ham,373,tfidf__373,tfidf,0.0
ham,373 london,tfidf__373 london,tfidf,0.0
ham,3750,tfidf__3750,tfidf,0.0
ham,3750 pounds,tfidf__3750 pounds,tfidf,0.0
ham,3g 121,tfidf__3g 121,tfidf,0.0
ham,3g sms,tfidf__3g sms,tfidf,0.0
ham,3g watch,tfidf__3g watch,tfidf,0.0
ham,3mins,tfidf__3mins,tfidf,0.0
ham,3mins 30s,tfidf__3mins 30s,tfidf,0.0
ham,3mins vary,tfidf__3mins vary,tfidf,0.0
ham,3pound,tfidf__3pound,tfidf,0.0
ham,3pound help,tfidf__3pound help,tfidf,0.0
ham,3ss,tfidf__3ss,tfidf,0.0
ham,3ss 150ppm,tfidf__3ss 150ppm,tfidf,0.0
ham,400 reward,tfidf__400 reward,tfidf,0.0
ham,400 xmas,tfidf__400 xmas,tfidf,0.0
ham,4041,tfidf__4041,tfidf,0.0
ham,4041 standard,tfidf__4041 standard,tfidf,0.0
ham,41685 expires,tfidf__41685 expires,tfidf,0.0
ham,42,tfidf__42,tfidf,0.0
ham,42 84,tfidf__42 84,tfidf,0.0
ham,42478,tfidf__42478,tfidf,0.0
ham,43,tfidf__43,tfidf,0.0
ham,43 apple,tfidf__43 apple,tfidf,0.0
ham,434,tfidf__434,tfidf,0.0
ham,434 434,tfidf__434 434,tfidf,0.0
ham,434 sk3,tfidf__434 sk3,tfidf,0.0
ham,434 urltoken,tfidf__434 urltoken,tfidf,0.0
ham,4399,tfidf__4399,tfidf,0.0
ham,440,tfidf__440,tfidf,0.0
ham,440 440,tfidf__440 440,tfidf,0.0
ham,440 urltoken,tfidf__440 urltoken,tfidf,0.0
ham,45,tfidf__45,tfidf,0.0
ham,450,tfidf__450,tfidf,0.0
ham,450 award,tfidf__450 award,tfidf,0.0
ham,45days,tfidf__45days,tfidf,0.0
ham,45days reduce,tfidf__45days reduce,tfidf,0.0
ham,48922,tfidf__48922,tfidf,0.0
ham,4u,tfidf__4u,tfidf,0.0
ham,4u rodds1,tfidf__4u rodds1,tfidf,0.0
ham,4u rply,tfidf__4u rply,tfidf,0.0
ham,4utxt,tfidf__4utxt,tfidf,0.0
ham,4utxt rply,tfidf__4utxt rply,tfidf,0.0
ham,50 pounds,tfidf__50 pounds,tfidf,0.0
ham,50 rcv,tfidf__50 rcv,tfidf,0.0
ham,50 stop,tfidf__50 stop,tfidf,0.0
ham,50 week,tfidf__50 week,tfidf,0.0
ham,500 cross,tfidf__500 cross,tfidf,0.0
ham,500 guaranteed,tfidf__500 guaranteed,tfidf,0.0
ham,500 new,tfidf__500 new,tfidf,0.0
ham,500 pokecoins,tfidf__500 pokecoins,tfidf,0.0
ham,5000 await,tfidf__5000 await,tfidf,0.0
ham,5000 installment,tfidf__5000 installment,tfidf,0.0
ham,50p std,tfidf__50p std,tfidf,0.0
ham,50p wk,tfidf__50p wk,tfidf,0.0
ham,50ppm,tfidf__50ppm,tfidf,0.0
ham,50ppm 3mins,tfidf__50ppm 3mins,tfidf,0.0
ham,50rcvd,tfidf__50rcvd,tfidf,0.0
ham,50rs,tfidf__50rs,tfidf,0.0
ham,50rs extra,tfidf__50rs extra,tfidf,0.0
ham,5250,tfidf__5250,tfidf,0.0
ham,5250 psf,tfidf__5250 psf,tfidf,0.0
ham,528,tfidf__528,tfidf,0.0
ham,528 hp20,tfidf__528 hp20,tfidf,0.0
ham,53030,tfidf__53030,tfidf,0.0
ham,54,tfidf__54,tfidf,0.0
ham,54 weeks,tfidf__54 weeks,tfidf,0.0
ham,5p alfie,tfidf__5p alfie,tfidf,0.0
ham,5we,tfidf__5we,tfidf,0.0
ham,5we 150pm,tfidf__5we 150pm,tfidf,0.0
ham,5wq,tfidf__5wq,tfidf,0.0
ham,5wq norm,tfidf__5wq norm,tfidf,0.0
ham,60,tfidf__60,tfidf,0.0
ham,60 units,tfidf__60 units,tfidf,0.0
ham,61200,tfidf__61200,tfidf,0.0
ham,61200 25p,tfidf__61200 25p,tfidf,0.0
ham,650,tfidf__650,tfidf,0.0
ham,650 vibration,tfidf__650 vibration,tfidf,0.0
ham,6hl,tfidf__6hl,tfidf,0.0
ham,6hl busy,tfidf__6hl busy,tfidf,0.0
ham,6months,tfidf__6months,tfidf,0.0
ham,6monthsavailable,tfidf__6monthsavailable,tfidf,0.0
ham,6monthsavailable sony,tfidf__6monthsavailable sony,tfidf,0.0
ham,70,tfidf__70,tfidf,0.0
ham,70 grgn,tfidf__70 grgn,tfidf,0.0
ham,7000,tfidf__7000,tfidf,0.0
ham,7000 prize,tfidf__7000 prize,tfidf,0.0
ham,7148,tfidf__7148,tfidf,0.0
ham,74355,tfidf__74355,tfidf,0.0
ham,74355 xmas,tfidf__74355 xmas,tfidf,0.0
ham,750 mins,tfidf__750 mins,tfidf,0.0
ham,7548,tfidf__7548,tfidf,0.0
ham,7634,tfidf__7634,tfidf,0.0
ham,7684,tfidf__7684,tfidf,0.0
ham,7684 standard,tfidf__7684 standard,tfidf,0.0
ham,78,tfidf__78,tfidf,0.0
ham,78 mins,tfidf__78 mins,tfidf,0.0
ham,7834,tfidf__7834,tfidf,0.0
ham,7834 standard,tfidf__7834 standard,tfidf,0.0
ham,7cfca1a,tfidf__7cfca1a,tfidf,0.0
ham,80062 whats,tfidf__80062 whats,tfidf,0.0
ham,8007 free,tfidf__8007 free,tfidf,0.0
ham,8007 nokias,tfidf__8007 nokias,tfidf,0.0
ham,8007 tone,tfidf__8007 tone,tfidf,0.0
ham,8007 txting,tfidf__8007 txting,tfidf,0.0
ham,80086,tfidf__80086,tfidf,0.0
ham,80086 18,tfidf__80086 18,tfidf,0.0
ham,80182,tfidf__80182,tfidf,0.0
ham,80182 bring,tfidf__80182 bring,tfidf,0.0
ham,80182 entry,tfidf__80182 entry,tfidf,0.0
ham,80488,tfidf__80488,tfidf,0.0
ham,80608,tfidf__80608,tfidf,0.0
ham,80608 urltoken,tfidf__80608 urltoken,tfidf,0.0
ham,82242 hlp,tfidf__82242 hlp,tfidf,0.0
ham,82468,tfidf__82468,tfidf,0.0
ham,83049 cost,tfidf__83049 cost,tfidf,0.0
ham,83118,tfidf__83118,tfidf,0.0
ham,83118 colin,tfidf__83118 colin,tfidf,0.0
ham,83370,tfidf__83370,tfidf,0.0
ham,83370 t's,tfidf__83370 t's,tfidf,0.0
ham,83383,tfidf__83383,tfidf,0.0
ham,84 euro,tfidf__84 euro,tfidf,0.0
ham,84025,tfidf__84025,tfidf,0.0
ham,84025 chance,tfidf__84025 chance,tfidf,0.0
ham,84025 use,tfidf__84025 use,tfidf,0.0
ham,84128 ts,tfidf__84128 ts,tfidf,0.0
ham,84199,tfidf__84199,tfidf,0.0
ham,85233,tfidf__85233,tfidf,0.0
ham,85233 free,tfidf__85233 free,tfidf,0.0
ham,86021 hg,tfidf__86021 hg,tfidf,0.0
ham,87021,tfidf__87021,tfidf,0.0
ham,87021 1st,tfidf__87021 1st,tfidf,0.0
ham,87066 tnc,tfidf__87066 tnc,tfidf,0.0
ham,87077 kick,tfidf__87077 kick,tfidf,0.0
ham,87077 villa,tfidf__87077 villa,tfidf,0.0
ham,87239 end,tfidf__87239 end,tfidf,0.0
ham,88039,tfidf__88039,tfidf,0.0
ham,88039 skilgme,tfidf__88039 skilgme,tfidf,0.0
ham,88066,tfidf__88066,tfidf,0.0
ham,88066 88066,tfidf__88066 88066,tfidf,0.0
ham,88066 lost,tfidf__88066 lost,tfidf,0.0
ham,88800,tfidf__88800,tfidf,0.0
ham,88800 89034,tfidf__88800 89034,tfidf,0.0
ham,88877,tfidf__88877,tfidf,0.0
ham,88877 18,tfidf__88877 18,tfidf,0.0
ham,88877 free,tfidf__88877 free,tfidf,0.0
ham,88888 crazy,tfidf__88888 crazy,tfidf,0.0
ham,89034,tfidf__89034,tfidf,0.0
ham,89555 cost,tfidf__89555 cost,tfidf,0.0
ham,8wp,tfidf__8wp,tfidf,0.0
ham,8wp 150,tfidf__8wp 150,tfidf,0.0
ham,90 tv,tfidf__90 tv,tfidf,0.0
ham,93,tfidf__93,tfidf,0.0
ham,93 gurgaon,tfidf__93 gurgaon,tfidf,0.0
ham,9307622,tfidf__9307622,tfidf,0.0
ham,943,tfidf__943,tfidf,0.0
ham,943 tid,tfidf__943 tid,tfidf,0.0
ham,9500,tfidf__9500,tfidf,0.0
ham,9500 sqft,tfidf__9500 sqft,tfidf,0.0
ham,97,tfidf__97,tfidf,0.0
ham,97 lazo,tfidf__97 lazo,tfidf,0.0
ham,99,tfidf__99,tfidf,0.0
ham,999,tfidf__999,tfidf,0.0
ham,999 ncr,tfidf__999 ncr,tfidf,0.0
ham,9am,tfidf__9am,tfidf,0.0
ham,9am 11pm,tfidf__9am 11pm,tfidf,0.0
ham,9pm ingest,tfidf__9pm ingest,tfidf,0.0
ham,aberdeen,tfidf__aberdeen,tfidf,0.0
ham,aberdeen united,tfidf__aberdeen united,tfidf,0.0
ham,able,tfidf__able,tfidf,0.0
ham,abroad,tfidf__abroad,tfidf,0.0
ham,abroad lonely,tfidf__abroad lonely,tfidf,0.0
ham,ac blind,tfidf__ac blind,tfidf,0.0
ham,ac icmb3cktz8r7,tfidf__ac icmb3cktz8r7,tfidf,0.0
ham,ac jsco,tfidf__ac jsco,tfidf,0.0
ham,ac sptv,tfidf__ac sptv,tfidf,0.0
ham,ac sun0819,tfidf__ac sun0819,tfidf,0.0
ham,access link,tfidf__access link,tfidf,0.0
ham,access number,tfidf__access number,tfidf,0.0
ham,accident,tfidf__accident,tfidf,0.0
ham,accommodation,tfidf__accommodation,tfidf,0.0
ham,accommodation various,tfidf__accommodation various,tfidf,0.0
ham,account access,tfidf__account access,tfidf,0.0
ham,account block,tfidf__account block,tfidf,0.0
ham,achieve,tfidf__achieve,tfidf,0.0
ham,achieve phonetoken,tfidf__achieve phonetoken,tfidf,0.0
ham,action,tfidf__action,tfidf,0.0
ham,action 80608,tfidf__action 80608,tfidf,0.0
ham,activ8,tfidf__activ8,tfidf,0.0
ham,activ8 press,tfidf__activ8 press,tfidf,0.0
ham,activate 3g,tfidf__activate 3g,tfidf,0.0
ham,ad unlimited,tfidf__ad unlimited,tfidf,0.0
ham,address envelope,tfidf__address envelope,tfidf,0.0
ham,address sec,tfidf__address sec,tfidf,0.0
ham,adjoin,tfidf__adjoin,tfidf,0.0
ham,admirer embody,tfidf__admirer embody,tfidf,0.0
ham,advance 100,tfidf__advance 100,tfidf,0.0
ham,advance ipod,tfidf__advance ipod,tfidf,0.0
ham,ag,tfidf__ag,tfidf,0.0
ham,ag promo,tfidf__ag promo,tfidf,0.0
ham,age16,tfidf__age16,tfidf,0.0
ham,age16 150ppermesssubscription,tfidf__age16 150ppermesssubscription,tfidf,0.0
ham,agents,tfidf__agents,tfidf,0.0
ham,agents dos,tfidf__agents dos,tfidf,0.0
ham,ages,tfidf__ages,tfidf,0.0
ham,agni,tfidf__agni,tfidf,0.0
ham,agni phonetoken,tfidf__agni phonetoken,tfidf,0.0
ham,agni property,tfidf__agni property,tfidf,0.0
ham,aims,tfidf__aims,tfidf,0.0
ham,aims sanya,tfidf__aims sanya,tfidf,0.0
ham,airport lounge,tfidf__airport lounge,tfidf,0.0
ham,airtel 3g,tfidf__airtel 3g,tfidf,0.0
ham,akon,tfidf__akon,tfidf,0.0
ham,akon lonely,tfidf__akon lonely,tfidf,0.0
ham,alfie,tfidf__alfie,tfidf,0.0
ham,alfie moon's,tfidf__alfie moon's,tfidf,0.0
ham,amazing,tfidf__amazing,tfidf,0.0
ham,angry,tfidf__angry,tfidf,0.0
ham,answer 80062,tfidf__answer 80062,tfidf,0.0
ham,answer delivery,tfidf__answer delivery,tfidf,0.0
ham,answer questions,tfidf__answer questions,tfidf,0.0
ham,aom,tfidf__aom,tfidf,0.0
ham,aom box61,tfidf__aom box61,tfidf,0.0
ham,aom just,tfidf__aom just,tfidf,0.0
ham,app urltoken,tfidf__app urltoken,tfidf,0.0
ham,apply ag,tfidf__apply ag,tfidf,0.0
ham,apply opt,tfidf__apply opt,tfidf,0.0
ham,apply phonetoken,tfidf__apply phonetoken,tfidf,0.0
ham,apps,tfidf__apps,tfidf,0.0
ham,appt,tfidf__appt,tfidf,0.0
ham,apts,tfidf__apts,tfidf,0.0
ham,apts urltoken,tfidf__apts urltoken,tfidf,0.0
ham,arcade 1st,tfidf__arcade 1st,tfidf,0.0
ham,arcade termsapply,tfidf__arcade termsapply,tfidf,0.0
ham,area lots,tfidf__area lots,tfidf,0.0
ham,area phonetoken,tfidf__area phonetoken,tfidf,0.0
ham,area reply,tfidf__area reply,tfidf,0.0
ham,arrest,tfidf__arrest,tfidf,0.0
ham,arrogate weeks,tfidf__arrogate weeks,tfidf,0.0
ham,arrow,tfidf__arrow,tfidf,0.0
ham,arsenal,tfidf__arsenal,tfidf,0.0
ham,arsenal dartboard,tfidf__arsenal dartboard,tfidf,0.0
ham,arsenal goal,tfidf__arsenal goal,tfidf,0.0
ham,arsenal henry,tfidf__arsenal henry,tfidf,0.0
ham,assistance,tfidf__assistance,tfidf,0.0
ham,assistance pan,tfidf__assistance pan,tfidf,0.0
ham,assured,tfidf__assured,tfidf,0.0
ham,assured return,tfidf__assured return,tfidf,0.0
ham,attempt achieve,tfidf__attempt achieve,tfidf,0.0
ham,attempt contract,tfidf__attempt contract,tfidf,0.0
ham,attend,tfidf__attend,tfidf,0.0
ham,attend make,tfidf__attend make,tfidf,0.0
ham,avail,tfidf__avail,tfidf,0.0
ham,avail discounts,tfidf__avail discounts,tfidf,0.0
ham,availa,tfidf__availa,tfidf,0.0
ham,available,tfidf__available,tfidf,0.0
ham,available greater,tfidf__available greater,tfidf,0.0
ham,ave 3mins,tfidf__ave 3mins,tfidf,0.0
ham,awaiting collection,tfidf__awaiting collection,tfidf,0.0
ham,award match,tfidf__award match,tfidf,0.0
ham,award phonetoken,tfidf__award phonetoken,tfidf,0.0
ham,award pls,tfidf__award pls,tfidf,0.0
ham,award selected,tfidf__award selected,tfidf,0.0
ham,award todays,tfidf__award todays,tfidf,0.0
ham,awarded 1500,tfidf__awarded 1500,tfidf,0.0
ham,awarded inr,tfidf__awarded inr,tfidf,0.0
ham,awarded sipix,tfidf__awarded sipix,tfidf,0.0
ham,away,tfidf__away,tfidf,0.0
ham,awesome,tfidf__awesome,tfidf,0.0
ham,axel,tfidf__axel,tfidf,0.0
ham,axel akon,tfidf__axel akon,tfidf,0.0
ham,b4 050703,tfidf__b4 050703,tfidf,0.0
ham,b4 300603t,tfidf__b4 300603t,tfidf,0.0
ham,babe jordan,tfidf__babe jordan,tfidf,0.0
ham,babe videos,tfidf__babe videos,tfidf,0.0
ham,babes sport,tfidf__babes sport,tfidf,0.0
ham,baby wow,tfidf__baby wow,tfidf,0.0
ham,bahar,tfidf__bahar,tfidf,0.0
ham,bahar compt,tfidf__bahar compt,tfidf,0.0
ham,balance embody,tfidf__balance embody,tfidf,0.0
ham,band,tfidf__band,tfidf,0.0
ham,bank,tfidf__bank,tfidf,0.0
ham,bank fastag,tfidf__bank fastag,tfidf,0.0
ham,bank ganga,tfidf__bank ganga,tfidf,0.0
ham,banneduk,tfidf__banneduk,tfidf,0.0
ham,banneduk 89555,tfidf__banneduk 89555,tfidf,0.0
ham,batra,tfidf__batra,tfidf,0.0
ham,batra investments,tfidf__batra investments,tfidf,0.0
ham,bbc,tfidf__bbc,tfidf,0.0
ham,bbc charts,tfidf__bbc charts,tfidf,0.0
ham,bcm1896wc1n3xx,tfidf__bcm1896wc1n3xx,tfidf,0.0
ham,bed,tfidf__bed,tfidf,0.0
ham,behave want,tfidf__behave want,tfidf,0.0
ham,believe,tfidf__believe,tfidf,0.0
ham,belt,tfidf__belt,tfidf,0.0
ham,belt 650,tfidf__belt 650,tfidf,0.0
ham,belt 999,tfidf__belt 999,tfidf,0.0
ham,belt rs650,tfidf__belt rs650,tfidf,0.0
ham,belt rs999,tfidf__belt rs999,tfidf,0.0
ham,bergkamp,tfidf__bergkamp,tfidf,0.0
ham,best cash,tfidf__best cash,tfidf,0.0
ham,best mobile,tfidf__best mobile,tfidf,0.0
ham,bhk,tfidf__bhk,tfidf,0.0
ham,bhk apts,tfidf__bhk apts,tfidf,0.0
ham,bhk available,tfidf__bhk available,tfidf,0.0
ham,bhk sec,tfidf__bhk sec,tfidf,0.0
ham,bids,tfidf__bids,tfidf,0.0
ham,biggest best,tfidf__biggest best,tfidf,0.0
ham,billed mobile,tfidf__billed mobile,tfidf,0.0
ham,birthday txt,tfidf__birthday txt,tfidf,0.0
ham,bit,tfidf__bit,tfidf,0.0
ham,bl0cked 24,tfidf__bl0cked 24,tfidf,0.0
ham,black,tfidf__black,tfidf,0.0
ham,black eyed,tfidf__black eyed,tfidf,0.0
ham,blackberry,tfidf__blackberry,tfidf,0.0
ham,blackberry stock,tfidf__blackberry stock,tfidf,0.0
ham,blackberry team,tfidf__blackberry team,tfidf,0.0
ham,blind,tfidf__blind,tfidf,0.0
ham,blind date,tfidf__blind date,tfidf,0.0
ham,blind dates,tfidf__blind dates,tfidf,0.0
ham,block 24,tfidf__block 24,tfidf,0.0
ham,blue,tfidf__blue,tfidf,0.0
ham,blue day,tfidf__blue day,tfidf,0.0
ham,bluetooth,tfidf__bluetooth,tfidf,0.0
ham,bluetooth free,tfidf__bluetooth free,tfidf,0.0
ham,bluetooth mobiles,tfidf__bluetooth mobiles,tfidf,0.0
ham,bluetooth orange,tfidf__bluetooth orange,tfidf,0.0
ham,bluetoothhdset,tfidf__bluetoothhdset,tfidf,0.0
ham,bluetoothhdset free,tfidf__bluetoothhdset free,tfidf,0.0
ham,book david,tfidf__book david,tfidf,0.0
ham,book phonetoken,tfidf__book phonetoken,tfidf,0.0
ham,book time,tfidf__book time,tfidf,0.0
ham,bootydelious,tfidf__bootydelious,tfidf,0.0
ham,bootydelious 32,tfidf__bootydelious 32,tfidf,0.0
ham,borin time,tfidf__borin time,tfidf,0.0
ham,box 113,tfidf__box 113,tfidf,0.0
ham,box 434,tfidf__box 434,tfidf,0.0
ham,box 528,tfidf__box 528,tfidf,0.0
ham,box139,tfidf__box139,tfidf,0.0
ham,box139 la32wu,tfidf__box139 la32wu,tfidf,0.0
ham,box326,tfidf__box326,tfidf,0.0
ham,box326 cw25wx,tfidf__box326 cw25wx,tfidf,0.0
ham,box420,tfidf__box420,tfidf,0.0
ham,box420 ip4,tfidf__box420 ip4,tfidf,0.0
ham,box61,tfidf__box61,tfidf,0.0
ham,box61 m60,tfidf__box61 m60,tfidf,0.0
ham,boy,tfidf__boy,tfidf,0.0
ham,bray,tfidf__bray,tfidf,0.0
ham,bray wicklow,tfidf__bray wicklow,tfidf,0.0
ham,break,tfidf__break,tfidf,0.0
ham,bring entry,tfidf__bring entry,tfidf,0.0
ham,bt landline,tfidf__bt landline,tfidf,0.0
ham,buffy,tfidf__buffy,tfidf,0.0
ham,buffy 25,tfidf__buffy 25,tfidf,0.0
ham,burger,tfidf__burger,tfidf,0.0
ham,burger king,tfidf__burger king,tfidf,0.0
ham,business,tfidf__business,tfidf,0.0
ham,bx420,tfidf__bx420,tfidf,0.0
ham,bx420 ip4,tfidf__bx420 ip4,tfidf,0.0
ham,c's urltoken,tfidf__c's urltoken,tfidf,0.0
ham,c52,tfidf__c52,tfidf,0.0
ham,cal,tfidf__cal,tfidf,0.0
ham,cal phonetoken,tfidf__cal phonetoken,tfidf,0.0
ham,call2optout n9dx,tfidf__call2optout n9dx,tfidf,0.0
ham,call2optout yhl,tfidf__call2optout yhl,tfidf,0.0
ham,callcost,tfidf__callcost,tfidf,0.0
ham,callcost 150ppm,tfidf__callcost 150ppm,tfidf,0.0
ham,calling little,tfidf__calling little,tfidf,0.0
ham,calls cost,tfidf__calls cost,tfidf,0.0
ham,calls minmobsmore,tfidf__calls minmobsmore,tfidf,0.0
ham,calls minmobsmorelkpobox177hp51fl,tfidf__calls minmobsmorelkpobox177hp51fl,tfidf,0.0
ham,calls minmoremobsemspobox45po139wa,tfidf__calls minmoremobsemspobox45po139wa,tfidf,0.0
ham,calls mobile,tfidf__calls mobile,tfidf,0.0
ham,calls1,tfidf__calls1,tfidf,0.0
ham,calls1 50ppm,tfidf__calls1 50ppm,tfidf,0.0
ham,came,tfidf__came,tfidf,0.0
ham,cancel send,tfidf__cancel send,tfidf,0.0
ham,card income,tfidf__card income,tfidf,0.0
ham,card num,tfidf__card num,tfidf,0.0
ham,card recently,tfidf__card recently,tfidf,0.0
ham,care ph,tfidf__care ph,tfidf,0.0
ham,carlie,tfidf__carlie,tfidf,0.0
ham,carlie calls,tfidf__carlie calls,tfidf,0.0
ham,case,tfidf__case,tfidf,0.0
ham,case queries,tfidf__case queries,tfidf,0.0
ham,cash 200,tfidf__cash 200,tfidf,0.0
ham,cash 7000,tfidf__cash 7000,tfidf,0.0
ham,cash award,tfidf__cash award,tfidf,0.0
ham,cash away,tfidf__cash away,tfidf,0.0
ham,cash weekend,tfidf__cash weekend,tfidf,0.0
ham,cash wk,tfidf__cash wk,tfidf,0.0
ham,cast,tfidf__cast,tfidf,0.0
ham,cast 10p,tfidf__cast 10p,tfidf,0.0
ham,cause,tfidf__cause,tfidf,0.0
ham,cds stdtxtrate,tfidf__cds stdtxtrate,tfidf,0.0
ham,chance succeed,tfidf__chance succeed,tfidf,0.0
ham,change,tfidf__change,tfidf,0.0
ham,channels,tfidf__channels,tfidf,0.0
ham,channels entertainment,tfidf__channels entertainment,tfidf,0.0
ham,charges urltoken,tfidf__charges urltoken,tfidf,0.0
ham,charity,tfidf__charity,tfidf,0.0
ham,charity 8007,tfidf__charity 8007,tfidf,0.0
ham,charity polys,tfidf__charity polys,tfidf,0.0
ham,charts,tfidf__charts,tfidf,0.0
ham,chat 82242,tfidf__chat 82242,tfidf,0.0
ham,chat flirt,tfidf__chat flirt,tfidf,0.0
ham,chat horny,tfidf__chat horny,tfidf,0.0
ham,chat im,tfidf__chat im,tfidf,0.0
ham,chat phonetoken,tfidf__chat phonetoken,tfidf,0.0
ham,chat xxsp,tfidf__chat xxsp,tfidf,0.0
ham,cheque,tfidf__cheque,tfidf,0.0
ham,chgs,tfidf__chgs,tfidf,0.0
ham,chgs send,tfidf__chgs send,tfidf,0.0
ham,chikku,tfidf__chikku,tfidf,0.0
ham,children,tfidf__children,tfidf,0.0
ham,children need,tfidf__children need,tfidf,0.0
ham,chosen,tfidf__chosen,tfidf,0.0
ham,chowk,tfidf__chowk,tfidf,0.0
ham,chowk regn,tfidf__chowk regn,tfidf,0.0
ham,christmas,tfidf__christmas,tfidf,0.0
ham,cinema,tfidf__cinema,tfidf,0.0
ham,cinema pass,tfidf__cinema pass,tfidf,0.0
ham,cite,tfidf__cite,tfidf,0.0
ham,cite claim,tfidf__cite claim,tfidf,0.0
ham,claim 1st,tfidf__claim 1st,tfidf,0.0
ham,claim number,tfidf__claim number,tfidf,0.0
ham,claire,tfidf__claire,tfidf,0.0
ham,claire xx,tfidf__claire xx,tfidf,0.0
ham,class airport,tfidf__class airport,tfidf,0.0
ham,clias,tfidf__clias,tfidf,0.0
ham,clip,tfidf__clip,tfidf,0.0
ham,clip lookatme,tfidf__clip lookatme,tfidf,0.0
ham,close,tfidf__close,tfidf,0.0
ham,close cost,tfidf__close cost,tfidf,0.0
ham,closingdate04,tfidf__closingdate04,tfidf,0.0
ham,closingdate04 09,tfidf__closingdate04 09,tfidf,0.0
ham,club 87077,tfidf__club 87077,tfidf,0.0
ham,club credits,tfidf__club credits,tfidf,0.0
ham,club dont,tfidf__club dont,tfidf,0.0
ham,club reply,tfidf__club reply,tfidf,0.0
ham,cm2,tfidf__cm2,tfidf,0.0
ham,cm2 9ae,tfidf__cm2 9ae,tfidf,0.0
ham,cnt,tfidf__cnt,tfidf,0.0
ham,cnt phonetoken,tfidf__cnt phonetoken,tfidf,0.0
ham,code 3100,tfidf__code 3100,tfidf,0.0
ham,code 4041,tfidf__code 4041,tfidf,0.0
ham,code 42478,tfidf__code 42478,tfidf,0.0
ham,code 48922,tfidf__code 48922,tfidf,0.0
ham,code 7684,tfidf__code 7684,tfidf,0.0
ham,code 7834,tfidf__code 7834,tfidf,0.0
ham,code 943,tfidf__code 943,tfidf,0.0
ham,code k61,tfidf__code k61,tfidf,0.0
ham,code356931,tfidf__code356931,tfidf,0.0
ham,colin,tfidf__colin,tfidf,0.0
ham,colin farrell,tfidf__colin farrell,tfidf,0.0
ham,collect 100,tfidf__collect 100,tfidf,0.0
ham,collection claim,tfidf__collection claim,tfidf,0.0
ham,collection nokia,tfidf__collection nokia,tfidf,0.0
ham,colour flag,tfidf__colour flag,tfidf,0.0
ham,come tomorrow,tfidf__come tomorrow,tfidf,0.0
ham,commercial space,tfidf__commercial space,tfidf,0.0
ham,community,tfidf__community,tfidf,0.0
ham,comp chance,tfidf__comp chance,tfidf,0.0
ham,comp just,tfidf__comp just,tfidf,0.0
ham,comp turn,tfidf__comp turn,tfidf,0.0
ham,compare,tfidf__compare,tfidf,0.0
ham,compare violet,tfidf__compare violet,tfidf,0.0
ham,compensation,tfidf__compensation,tfidf,0.0
ham,compensation 220,tfidf__compensation 220,tfidf,0.0
ham,competition just,tfidf__competition just,tfidf,0.0
ham,complete kyc,tfidf__complete kyc,tfidf,0.0
ham,complete registration,tfidf__complete registration,tfidf,0.0
ham,completely,tfidf__completely,tfidf,0.0
ham,complimentary ibiza,tfidf__complimentary ibiza,tfidf,0.0
ham,compt,tfidf__compt,tfidf,0.0
ham,compt agents,tfidf__compt agents,tfidf,0.0
ham,computer picked,tfidf__computer picked,tfidf,0.0
ham,computer randomly,tfidf__computer randomly,tfidf,0.0
ham,condition,tfidf__condition,tfidf,0.0
ham,condition doubles,tfidf__condition doubles,tfidf,0.0
ham,congrats nokia,tfidf__congrats nokia,tfidf,0.0
ham,congrats year,tfidf__congrats year,tfidf,0.0
ham,congratulations thanks,tfidf__congratulations thanks,tfidf,0.0
ham,connect live,tfidf__connect live,tfidf,0.0
ham,consider,tfidf__consider,tfidf,0.0
ham,consider ur,tfidf__consider ur,tfidf,0.0
ham,contact customer,tfidf__contact customer,tfidf,0.0
ham,contact ons,tfidf__contact ons,tfidf,0.0
ham,contact urltoken,tfidf__contact urltoken,tfidf,0.0
ham,content games,tfidf__content games,tfidf,0.0
ham,content service,tfidf__content service,tfidf,0.0
ham,content urltoken,tfidf__content urltoken,tfidf,0.0
ham,continue,tfidf__continue,tfidf,0.0
ham,contract mobileupd8,tfidf__contract mobileupd8,tfidf,0.0
ham,convey free,tfidf__convey free,tfidf,0.0
ham,cool mob,tfidf__cool mob,tfidf,0.0
ham,cornwall,tfidf__cornwall,tfidf,0.0
ham,cornwall txt,tfidf__cornwall txt,tfidf,0.0
ham,corporate,tfidf__corporate,tfidf,0.0
ham,corporate comp,tfidf__corporate comp,tfidf,0.0
ham,correct incorrect,tfidf__correct incorrect,tfidf,0.0
ham,correctly,tfidf__correctly,tfidf,0.0
ham,cos,tfidf__cos,tfidf,0.0
ham,cost 10ppm,tfidf__cost 10ppm,tfidf,0.0
ham,cost 150p,tfidf__cost 150p,tfidf,0.0
ham,cost 150ppm,tfidf__cost 150ppm,tfidf,0.0
ham,cost 50p,tfidf__cost 50p,tfidf,0.0
ham,cost rs,tfidf__cost rs,tfidf,0.0
ham,course extn,tfidf__course extn,tfidf,0.0
ham,coz,tfidf__coz,tfidf,0.0
ham,crazy frog,tfidf__crazy frog,tfidf,0.0
ham,crazy sounds,tfidf__crazy sounds,tfidf,0.0
ham,credit details,tfidf__credit details,tfidf,0.0
ham,cricex,tfidf__cricex,tfidf,0.0
ham,cricex live,tfidf__cricex live,tfidf,0.0
ham,cs app,tfidf__cs app,tfidf,0.0
ham,cs phonetoken,tfidf__cs phonetoken,tfidf,0.0
ham,cs po,tfidf__cs po,tfidf,0.0
ham,csbcm4235wc1n3xx,tfidf__csbcm4235wc1n3xx,tfidf,0.0
ham,csbcm4235wc1n3xx callcost,tfidf__csbcm4235wc1n3xx callcost,tfidf,0.0
ham,cum 2nite,tfidf__cum 2nite,tfidf,0.0
ham,cumin,tfidf__cumin,tfidf,0.0
ham,cumin pls,tfidf__cumin pls,tfidf,0.0
ham,customer delight,tfidf__customer delight,tfidf,0.0
ham,customer order,tfidf__customer order,tfidf,0.0
ham,customer pay2tmkyc,tfidf__customer pay2tmkyc,tfidf,0.0
ham,customer pleased,tfidf__customer pleased,tfidf,0.0
ham,customer pyatm,tfidf__customer pyatm,tfidf,0.0
ham,customer trying,tfidf__customer trying,tfidf,0.0
ham,customer u've,tfidf__customer u've,tfidf,0.0
ham,customer urltoken,tfidf__customer urltoken,tfidf,0.0
ham,customers receive,tfidf__customers receive,tfidf,0.0
ham,cw25wx 150ppm,tfidf__cw25wx 150ppm,tfidf,0.0
ham,darling,tfidf__darling,tfidf,0.0
ham,darling it's,tfidf__darling it's,tfidf,0.0
ham,dartboard,tfidf__dartboard,tfidf,0.0
ham,dartboard good,tfidf__dartboard good,tfidf,0.0
ham,date 4u,tfidf__date 4u,tfidf,0.0
ham,dates,tfidf__dates,tfidf,0.0
ham,dates area,tfidf__dates area,tfidf,0.0
ham,dave,tfidf__dave,tfidf,0.0
ham,dave final,tfidf__dave final,tfidf,0.0
ham,david,tfidf__david,tfidf,0.0
ham,david hair,tfidf__david hair,tfidf,0.0
ham,day 2find,tfidf__day 2find,tfidf,0.0
ham,day blue,tfidf__day blue,tfidf,0.0
ham,day red,tfidf__day red,tfidf,0.0
ham,day send,tfidf__day send,tfidf,0.0
ham,days euro2004,tfidf__days euro2004,tfidf,0.0
ham,days unitech,tfidf__days unitech,tfidf,0.0
ham,dear dave,tfidf__dear dave,tfidf,0.0
ham,dear subscriber,tfidf__dear subscriber,tfidf,0.0
ham,dear welcome,tfidf__dear welcome,tfidf,0.0
ham,decided,tfidf__decided,tfidf,0.0
ham,delhi nr,tfidf__delhi nr,tfidf,0.0
ham,delivered tomorrow,tfidf__delivered tomorrow,tfidf,0.0
ham,den,tfidf__den,tfidf,0.0
ham,deposit,tfidf__deposit,tfidf,0.0
ham,deposit rs,tfidf__deposit rs,tfidf,0.0
ham,details 18,tfidf__details 18,tfidf,0.0
ham,details great,tfidf__details great,tfidf,0.0
ham,details urltoken,tfidf__details urltoken,tfidf,0.0
ham,detroit,tfidf__detroit,tfidf,0.0
ham,detroit red,tfidf__detroit red,tfidf,0.0
ham,devils,tfidf__devils,tfidf,0.0
ham,devils detroit,tfidf__devils detroit,tfidf,0.0
ham,devote,tfidf__devote,tfidf,0.0
ham,dialling,tfidf__dialling,tfidf,0.0
ham,die,tfidf__die,tfidf,0.0
ham,died,tfidf__died,tfidf,0.0
ham,different,tfidf__different,tfidf,0.0
ham,dinner,tfidf__dinner,tfidf,0.0
ham,dis,tfidf__dis,tfidf,0.0
ham,discounts,tfidf__discounts,tfidf,0.0
ham,dnt,tfidf__dnt,tfidf,0.0
ham,doctor,tfidf__doctor,tfidf,0.0
ham,doing,tfidf__doing,tfidf,0.0
ham,don't forget,tfidf__don't forget,tfidf,0.0
ham,don't like,tfidf__don't like,tfidf,0.0
ham,don't prize,tfidf__don't prize,tfidf,0.0
ham,dont info,tfidf__dont info,tfidf,0.0
ham,dos,tfidf__dos,tfidf,0.0
ham,dos clias,tfidf__dos clias,tfidf,0.0
ham,doublemins,tfidf__doublemins,tfidf,0.0
ham,doublemins doubletxt,tfidf__doublemins doubletxt,tfidf,0.0
ham,doubles,tfidf__doubles,tfidf,0.0
ham,doubles trebles,tfidf__doubles trebles,tfidf,0.0
ham,doubletxt,tfidf__doubletxt,tfidf,0.0
ham,doubletxt orange,tfidf__doubletxt orange,tfidf,0.0
ham,download free,tfidf__download free,tfidf,0.0
ham,download urltoken,tfidf__download urltoken,tfidf,0.0
ham,download weeks,tfidf__download weeks,tfidf,0.0
ham,downloaded,tfidf__downloaded,tfidf,0.0
ham,downloads,tfidf__downloads,tfidf,0.0
ham,dracula,tfidf__dracula,tfidf,0.0
ham,dracula 8007,tfidf__dracula 8007,tfidf,0.0
ham,draw holiday,tfidf__draw holiday,tfidf,0.0
ham,draw mobile,tfidf__draw mobile,tfidf,0.0
ham,draw prove,tfidf__draw prove,tfidf,0.0
ham,dreams,tfidf__dreams,tfidf,0.0
ham,drink,tfidf__drink,tfidf,0.0
ham,drinks,tfidf__drinks,tfidf,0.0
ham,drop,tfidf__drop,tfidf,0.0
ham,duchess,tfidf__duchess,tfidf,0.0
ham,duchess cornwall,tfidf__duchess cornwall,tfidf,0.0
ham,dun wan,tfidf__dun wan,tfidf,0.0
ham,early,tfidf__early,tfidf,0.0
ham,eat,tfidf__eat,tfidf,0.0
ham,eerie nokia,tfidf__eerie nokia,tfidf,0.0
ham,eeta,tfidf__eeta,tfidf,0.0
ham,eeta 25,tfidf__eeta 25,tfidf,0.0
ham,eire,tfidf__eire,tfidf,0.0
ham,eire quiz,tfidf__eire quiz,tfidf,0.0
ham,elvis,tfidf__elvis,tfidf,0.0
ham,elvis presleys,tfidf__elvis presleys,tfidf,0.0
ham,em,tfidf__em,tfidf,0.0
ham,emailtoken 12,tfidf__emailtoken 12,tfidf,0.0
ham,embody 00,tfidf__embody 00,tfidf,0.0
ham,embody choose,tfidf__embody choose,tfidf,0.0
ham,embody currently,tfidf__embody currently,tfidf,0.0
ham,embody entitled,tfidf__embody entitled,tfidf,0.0
ham,embody final,tfidf__embody final,tfidf,0.0
ham,embody look,tfidf__embody look,tfidf,0.0
ham,embody looking,tfidf__embody looking,tfidf,0.0
ham,embody trying,tfidf__embody trying,tfidf,0.0
ham,emi,tfidf__emi,tfidf,0.0
ham,end match,tfidf__end match,tfidf,0.0
ham,end reply,tfidf__end reply,tfidf,0.0
ham,end service,tfidf__end service,tfidf,0.0
ham,end sptv,tfidf__end sptv,tfidf,0.0
ham,ending 7634,tfidf__ending 7634,tfidf,0.0
ham,energy,tfidf__energy,tfidf,0.0
ham,energy text,tfidf__energy text,tfidf,0.0
ham,england,tfidf__england,tfidf,0.0
ham,england poly,tfidf__england poly,tfidf,0.0
ham,englishvocabulary,tfidf__englishvocabulary,tfidf,0.0
ham,englishvocabulary ululate,tfidf__englishvocabulary ululate,tfidf,0.0
ham,enjoy gbp,tfidf__enjoy gbp,tfidf,0.0
ham,enter 88877,tfidf__enter 88877,tfidf,0.0
ham,entered receipt,tfidf__entered receipt,tfidf,0.0
ham,entertainment,tfidf__entertainment,tfidf,0.0
ham,entertainment sports,tfidf__entertainment sports,tfidf,0.0
ham,entitle,tfidf__entitle,tfidf,0.0
ham,entitle update,tfidf__entitle update,tfidf,0.0
ham,entry 250,tfidf__entry 250,tfidf,0.0
ham,entry 350,tfidf__entry 350,tfidf,0.0
ham,entry phonetoken,tfidf__entry phonetoken,tfidf,0.0
ham,entry std,tfidf__entry std,tfidf,0.0
ham,entry textpod,tfidf__entry textpod,tfidf,0.0
ham,entry weekly,tfidf__entry weekly,tfidf,0.0
ham,envelope,tfidf__envelope,tfidf,0.0
ham,essay,tfidf__essay,tfidf,0.0
ham,euro,tfidf__euro,tfidf,0.0
ham,euro2004,tfidf__euro2004,tfidf,0.0
ham,euro2004 kickoff,tfidf__euro2004 kickoff,tfidf,0.0
ham,everyday,tfidf__everyday,tfidf,0.0
ham,exact,tfidf__exact,tfidf,0.0
ham,exam,tfidf__exam,tfidf,0.0
ham,exist 2nd,tfidf__exist 2nd,tfidf,0.0
ham,exist selected,tfidf__exist selected,tfidf,0.0
ham,experience new,tfidf__experience new,tfidf,0.0
ham,experience secret,tfidf__experience secret,tfidf,0.0
ham,expired,tfidf__expired,tfidf,0.0
ham,expired bl0cked,tfidf__expired bl0cked,tfidf,0.0
ham,expired contact,tfidf__expired contact,tfidf,0.0
ham,expires 07,tfidf__expires 07,tfidf,0.0
ham,expiry,tfidf__expiry,tfidf,0.0
ham,expiry reply,tfidf__expiry reply,tfidf,0.0
ham,express,tfidf__express,tfidf,0.0
ham,extn,tfidf__extn,tfidf,0.0
ham,extn road,tfidf__extn road,tfidf,0.0
ham,extra free,tfidf__extra free,tfidf,0.0
ham,extra reduce,tfidf__extra reduce,tfidf,0.0
ham,eyed,tfidf__eyed,tfidf,0.0
ham,eyed dont,tfidf__eyed dont,tfidf,0.0
ham,f1ve,tfidf__f1ve,tfidf,0.0
ham,f1ve star,tfidf__f1ve star,tfidf,0.0
ham,face,tfidf__face,tfidf,0.0
ham,fancy chat,tfidf__fancy chat,tfidf,0.0
ham,far,tfidf__far,tfidf,0.0
ham,farrell,tfidf__farrell,tfidf,0.0
ham,farrell swat,tfidf__farrell swat,tfidf,0.0
ham,fastag,tfidf__fastag,tfidf,0.0
ham,fastag total,tfidf__fastag total,tfidf,0.0
ham,fat,tfidf__fat,tfidf,0.0
ham,fat inch,tfidf__fat inch,tfidf,0.0
ham,fav,tfidf__fav,tfidf,0.0
ham,fav xmas,tfidf__fav xmas,tfidf,0.0
ham,feeling hungry,tfidf__feeling hungry,tfidf,0.0
ham,fifa,tfidf__fifa,tfidf,0.0
ham,fifa world,tfidf__fifa world,tfidf,0.0
ham,film,tfidf__film,tfidf,0.0
ham,film green,tfidf__film green,tfidf,0.0
ham,film offers,tfidf__film offers,tfidf,0.0
ham,final notice,tfidf__final notice,tfidf,0.0
ham,finally fancy,tfidf__finally fancy,tfidf,0.0
ham,finance,tfidf__finance,tfidf,0.0
ham,finished,tfidf__finished,tfidf,0.0
ham,fit,tfidf__fit,tfidf,0.0
ham,fit funky,tfidf__fit funky,tfidf,0.0
ham,fixed,tfidf__fixed,tfidf,0.0
ham,fixed line,tfidf__fixed line,tfidf,0.0
ham,flag,tfidf__flag,tfidf,0.0
ham,flag 84199,tfidf__flag 84199,tfidf,0.0
ham,flag yer,tfidf__flag yer,tfidf,0.0
ham,flat,tfidf__flat,tfidf,0.0
ham,flirt sexy,tfidf__flirt sexy,tfidf,0.0
ham,flower,tfidf__flower,tfidf,0.0
ham,follow,tfidf__follow,tfidf,0.0
ham,follow instructions,tfidf__follow instructions,tfidf,0.0
ham,fone weekly,tfidf__fone weekly,tfidf,0.0
ham,force,tfidf__force,tfidf,0.0
ham,force ravana,tfidf__force ravana,tfidf,0.0
ham,forever,tfidf__forever,tfidf,0.0
ham,forever rigid,tfidf__forever rigid,tfidf,0.0
ham,forget confirm,tfidf__forget confirm,tfidf,0.0
ham,forget enjoy,tfidf__forget enjoy,tfidf,0.0
ham,forwarded 88877,tfidf__forwarded 88877,tfidf,0.0
ham,fraud prevention,tfidf__fraud prevention,tfidf,0.0
ham,free accommodation,tfidf__free accommodation,tfidf,0.0
ham,free app,tfidf__free app,tfidf,0.0
ham,free bluetooth,tfidf__free bluetooth,tfidf,0.0
ham,free bt,tfidf__free bt,tfidf,0.0
ham,free bx420,tfidf__free bx420,tfidf,0.0
ham,free credit,tfidf__free credit,tfidf,0.0
ham,free delivery,tfidf__free delivery,tfidf,0.0
ham,free doublemins,tfidf__free doublemins,tfidf,0.0
ham,free experience,tfidf__free experience,tfidf,0.0
ham,free game,tfidf__free game,tfidf,0.0
ham,free goals,tfidf__free goals,tfidf,0.0
ham,free link,tfidf__free link,tfidf,0.0
ham,free med,tfidf__free med,tfidf,0.0
ham,free motorola,tfidf__free motorola,tfidf,0.0
ham,free o2,tfidf__free o2,tfidf,0.0
ham,free selection,tfidf__free selection,tfidf,0.0
ham,free tracks,tfidf__free tracks,tfidf,0.0
ham,free trial,tfidf__free trial,tfidf,0.0
ham,free ur,tfidf__free ur,tfidf,0.0
ham,free urltoken,tfidf__free urltoken,tfidf,0.0
ham,free video,tfidf__free video,tfidf,0.0
ham,free yoko,tfidf__free yoko,tfidf,0.0
ham,freemsg claim,tfidf__freemsg claim,tfidf,0.0
ham,freemsg fav,tfidf__freemsg fav,tfidf,0.0
ham,freemsg hey,tfidf__freemsg hey,tfidf,0.0
ham,freemsg hi,tfidf__freemsg hi,tfidf,0.0
ham,freemsg records,tfidf__freemsg records,tfidf,0.0
ham,fri,tfidf__fri,tfidf,0.0
ham,fri hotel,tfidf__fri hotel,tfidf,0.0
ham,frm,tfidf__frm,tfidf,0.0
ham,frm delhi,tfidf__frm delhi,tfidf,0.0
ham,frog,tfidf__frog,tfidf,0.0
ham,frog axel,tfidf__frog axel,tfidf,0.0
ham,frog sound,tfidf__frog sound,tfidf,0.0
ham,fts,tfidf__fts,tfidf,0.0
ham,fts query,tfidf__fts query,tfidf,0.0
ham,fun great,tfidf__fun great,tfidf,0.0
ham,fun tb,tfidf__fun tb,tfidf,0.0
ham,funk,tfidf__funk,tfidf,0.0
ham,funk ur,tfidf__funk ur,tfidf,0.0
ham,funky,tfidf__funky,tfidf,0.0
ham,funky text,tfidf__funky text,tfidf,0.0
ham,game text,tfidf__game text,tfidf,0.0
ham,games downloads,tfidf__games downloads,tfidf,0.0
ham,games settings,tfidf__games settings,tfidf,0.0
ham,games tones,tfidf__games tones,tfidf,0.0
ham,ganga,tfidf__ganga,tfidf,0.0
ham,ganga ready,tfidf__ganga ready,tfidf,0.0
ham,garden,tfidf__garden,tfidf,0.0
ham,garden ready,tfidf__garden ready,tfidf,0.0
ham,gay guys,tfidf__gay guys,tfidf,0.0
ham,gbp sms,tfidf__gbp sms,tfidf,0.0
ham,gbp week,tfidf__gbp week,tfidf,0.0
ham,gbp5,tfidf__gbp5,tfidf,0.0
ham,gbp5 month,tfidf__gbp5 month,tfidf,0.0
ham,germany,tfidf__germany,tfidf,0.0
ham,germany pence,tfidf__germany pence,tfidf,0.0
ham,gets,tfidf__gets,tfidf,0.0
ham,gift guaranteed,tfidf__gift guaranteed,tfidf,0.0
ham,gigolo,tfidf__gigolo,tfidf,0.0
ham,gigolo join,tfidf__gigolo join,tfidf,0.0
ham,girl connect,tfidf__girl connect,tfidf,0.0
ham,go2,tfidf__go2,tfidf,0.0
ham,goal,tfidf__goal,tfidf,0.0
ham,goal arsenal,tfidf__goal arsenal,tfidf,0.0
ham,goal margin,tfidf__goal margin,tfidf,0.0
ham,goals,tfidf__goals,tfidf,0.0
ham,goals news,tfidf__goals news,tfidf,0.0
ham,goin,tfidf__goin,tfidf,0.0
ham,golf,tfidf__golf,tfidf,0.0
ham,golf course,tfidf__golf course,tfidf,0.0
ham,golf free,tfidf__golf free,tfidf,0.0
ham,gonna,tfidf__gonna,tfidf,0.0
ham,good condition,tfidf__good condition,tfidf,0.0
ham,good friend,tfidf__good friend,tfidf,0.0
ham,good ladies,tfidf__good ladies,tfidf,0.0
ham,gossip,tfidf__gossip,tfidf,0.0
ham,gossip babes,tfidf__gossip babes,tfidf,0.0
ham,got cam,tfidf__got cam,tfidf,0.0
ham,grant 2000,tfidf__grant 2000,tfidf,0.0
ham,grant 500,tfidf__grant 500,tfidf,0.0
ham,great day,tfidf__great day,tfidf,0.0
ham,great offers,tfidf__great offers,tfidf,0.0
ham,greater,tfidf__greater,tfidf,0.0
ham,greater noida,tfidf__greater noida,tfidf,0.0
ham,green,tfidf__green,tfidf,0.0
ham,green day,tfidf__green day,tfidf,0.0
ham,grgn,tfidf__grgn,tfidf,0.0
ham,grgn 5250,tfidf__grgn 5250,tfidf,0.0
ham,group,tfidf__group,tfidf,0.0
ham,growing mens,tfidf__growing mens,tfidf,0.0
ham,gsoh,tfidf__gsoh,tfidf,0.0
ham,gsoh good,tfidf__gsoh good,tfidf,0.0
ham,guaranteed 3000,tfidf__guaranteed 3000,tfidf,0.0
ham,gud ni8,tfidf__gud ni8,tfidf,0.0
ham,gurgaon 28,tfidf__gurgaon 28,tfidf,0.0
ham,gurgaon vishal,tfidf__gurgaon vishal,tfidf,0.0
ham,ha,tfidf__ha,tfidf,0.0
ham,habituate,tfidf__habituate,tfidf,0.0
ham,hair,tfidf__hair,tfidf,0.0
ham,haridwar,tfidf__haridwar,tfidf,0.0
ham,haridwar bank,tfidf__haridwar bank,tfidf,0.0
ham,harry answer,tfidf__harry answer,tfidf,0.0
ham,havent,tfidf__havent,tfidf,0.0
ham,havin,tfidf__havin,tfidf,0.0
ham,havin borin,tfidf__havin borin,tfidf,0.0
ham,head,tfidf__head,tfidf,0.0
ham,held,tfidf__held,tfidf,0.0
ham,held send,tfidf__held send,tfidf,0.0
ham,help info,tfidf__help info,tfidf,0.0
ham,help urltoken,tfidf__help urltoken,tfidf,0.0
ham,help08700621170150p,tfidf__help08700621170150p,tfidf,0.0
ham,help08700621170150p msg,tfidf__help08700621170150p msg,tfidf,0.0
ham,help08714742804,tfidf__help08714742804,tfidf,0.0
ham,help08718728876,tfidf__help08718728876,tfidf,0.0
ham,helpline,tfidf__helpline,tfidf,0.0
ham,helpline phonetoken,tfidf__helpline phonetoken,tfidf,0.0
ham,henry,tfidf__henry,tfidf,0.0
ham,henry liverpool,tfidf__henry liverpool,tfidf,0.0
ham,henry scores,tfidf__henry scores,tfidf,0.0
ham,heri,tfidf__heri,tfidf,0.0
ham,heri mkt,tfidf__heri mkt,tfidf,0.0
ham,hey darling,tfidf__hey darling,tfidf,0.0
ham,hey i'm,tfidf__hey i'm,tfidf,0.0
ham,hey really,tfidf__hey really,tfidf,0.0
ham,hi hi,tfidf__hi hi,tfidf,0.0
ham,hi phonetoken,tfidf__hi phonetoken,tfidf,0.0
ham,hi stop,tfidf__hi stop,tfidf,0.0
ham,high,tfidf__high,tfidf,0.0
ham,hindustan,tfidf__hindustan,tfidf,0.0
ham,hindustan times,tfidf__hindustan times,tfidf,0.0
ham,hockey,tfidf__hockey,tfidf,0.0
ham,hockey correct,tfidf__hockey correct,tfidf,0.0
ham,hold complete,tfidf__hold complete,tfidf,0.0
ham,holder arrogate,tfidf__holder arrogate,tfidf,0.0
ham,holiday 10,tfidf__holiday 10,tfidf,0.0
ham,holiday 20,tfidf__holiday 20,tfidf,0.0
ham,holiday await,tfidf__holiday await,tfidf,0.0
ham,holiday voucher,tfidf__holiday voucher,tfidf,0.0
ham,home abroad,tfidf__home abroad,tfidf,0.0
ham,home loan,tfidf__home loan,tfidf,0.0
ham,hope good,tfidf__hope good,tfidf,0.0
ham,hope like,tfidf__hope like,tfidf,0.0
ham,hope luv,tfidf__hope luv,tfidf,0.0
ham,horny guys,tfidf__horny guys,tfidf,0.0
ham,hotel,tfidf__hotel,tfidf,0.0
ham,hotels t0day's,tfidf__hotels t0day's,tfidf,0.0
ham,hour contact,tfidf__hour contact,tfidf,0.0
ham,house postcode,tfidf__house postcode,tfidf,0.0
ham,housewives,tfidf__housewives,tfidf,0.0
ham,housewives chat,tfidf__housewives chat,tfidf,0.0
ham,hp20,tfidf__hp20,tfidf,0.0
ham,hp20 1yf,tfidf__hp20 1yf,tfidf,0.0
ham,hr,tfidf__hr,tfidf,0.0
ham,hr thank,tfidf__hr thank,tfidf,0.0
ham,hubby,tfidf__hubby,tfidf,0.0
ham,huh,tfidf__huh,tfidf,0.0
ham,hungry gay,tfidf__hungry gay,tfidf,0.0
ham,hv9d,tfidf__hv9d,tfidf,0.0
ham,i'll later,tfidf__i'll later,tfidf,0.0
ham,i'm buffy,tfidf__i'm buffy,tfidf,0.0
ham,i'm going,tfidf__i'm going,tfidf,0.0
ham,i'm gonna,tfidf__i'm gonna,tfidf,0.0
ham,i'm phonetoken,tfidf__i'm phonetoken,tfidf,0.0
ham,ibh,tfidf__ibh,tfidf,0.0
ham,ibh customer,tfidf__ibh customer,tfidf,0.0
ham,ibiza,tfidf__ibiza,tfidf,0.0
ham,ibiza holiday,tfidf__ibiza holiday,tfidf,0.0
ham,ice hockey,tfidf__ice hockey,tfidf,0.0
ham,icmb3cktz8r7,tfidf__icmb3cktz8r7,tfidf,0.0
ham,icmb3cktz8r7 blind,tfidf__icmb3cktz8r7 blind,tfidf,0.0
ham,im home,tfidf__im home,tfidf,0.0
ham,im w8in,tfidf__im w8in,tfidf,0.0
ham,immediately,tfidf__immediately,tfidf,0.0
ham,immediately account,tfidf__immediately account,tfidf,0.0
ham,immediately urgent,tfidf__immediately urgent,tfidf,0.0
ham,immediately verify,tfidf__immediately verify,tfidf,0.0
ham,inch,tfidf__inch,tfidf,0.0
ham,inch free,tfidf__inch free,tfidf,0.0
ham,inch use,tfidf__inch use,tfidf,0.0
ham,include,tfidf__include,tfidf,0.0
ham,include crazy,tfidf__include crazy,tfidf,0.0
ham,income,tfidf__income,tfidf,0.0
ham,income tax,tfidf__income tax,tfidf,0.0
ham,incorrect,tfidf__incorrect,tfidf,0.0
ham,incorrect end,tfidf__incorrect end,tfidf,0.0
ham,incur,tfidf__incur,tfidf,0.0
ham,india jerseys,tfidf__india jerseys,tfidf,0.0
ham,india vs,tfidf__india vs,tfidf,0.0
ham,indicate,tfidf__indicate,tfidf,0.0
ham,industries,tfidf__industries,tfidf,0.0
ham,industries corporate,tfidf__industries corporate,tfidf,0.0
ham,infix,tfidf__infix,tfidf,0.0
ham,inform nab,tfidf__inform nab,tfidf,0.0
ham,information 02,tfidf__information 02,tfidf,0.0
ham,information urltoken,tfidf__information urltoken,tfidf,0.0
ham,informed,tfidf__informed,tfidf,0.0
ham,informed latest,tfidf__informed latest,tfidf,0.0
ham,ingest new,tfidf__ingest new,tfidf,0.0
ham,ingest specially,tfidf__ingest specially,tfidf,0.0
ham,ingest w0n,tfidf__ingest w0n,tfidf,0.0
ham,initiate,tfidf__initiate,tfidf,0.0
ham,installment,tfidf__installment,tfidf,0.0
ham,installment urltoken,tfidf__installment urltoken,tfidf,0.0
ham,interflora,tfidf__interflora,tfidf,0.0
ham,investment,tfidf__investment,tfidf,0.0
ham,investment assured,tfidf__investment assured,tfidf,0.0
ham,investments,tfidf__investments,tfidf,0.0
ham,investments phonetoken,tfidf__investments phonetoken,tfidf,0.0
ham,invited,tfidf__invited,tfidf,0.0
ham,ip4,tfidf__ip4,tfidf,0.0
ham,ip4 5we,tfidf__ip4 5we,tfidf,0.0
ham,ipad,tfidf__ipad,tfidf,0.0
ham,ipad blackberry,tfidf__ipad blackberry,tfidf,0.0
ham,ipod 250,tfidf__ipod 250,tfidf,0.0
ham,ipod txt,tfidf__ipod txt,tfidf,0.0
ham,iscoming,tfidf__iscoming,tfidf,0.0
ham,iscoming ur,tfidf__iscoming ur,tfidf,0.0
ham,issues,tfidf__issues,tfidf,0.0
ham,it's ok,tfidf__it's ok,tfidf,0.0
ham,it's true,tfidf__it's true,tfidf,0.0
ham,it's week's,tfidf__it's week's,tfidf,0.0
ham,itcould,tfidf__itcould,tfidf,0.0
ham,items,tfidf__items,tfidf,0.0
ham,items mobile,tfidf__items mobile,tfidf,0.0
ham,jam,tfidf__jam,tfidf,0.0
ham,jamster crazy,tfidf__jamster crazy,tfidf,0.0
ham,jersey,tfidf__jersey,tfidf,0.0
ham,jersey devils,tfidf__jersey devils,tfidf,0.0
ham,jerseys,tfidf__jerseys,tfidf,0.0
ham,jerseys end,tfidf__jerseys end,tfidf,0.0
ham,john,tfidf__john,tfidf,0.0
ham,join optout,tfidf__join optout,tfidf,0.0
ham,join uks,tfidf__join uks,tfidf,0.0
ham,join urltoken,tfidf__join urltoken,tfidf,0.0
ham,jordan,tfidf__jordan,tfidf,0.0
ham,jordan im,tfidf__jordan im,tfidf,0.0
ham,jsco,tfidf__jsco,tfidf,0.0
ham,jsco energy,tfidf__jsco energy,tfidf,0.0
ham,jst got,tfidf__jst got,tfidf,0.0
ham,july,tfidf__july,tfidf,0.0
ham,july 2007,tfidf__july 2007,tfidf,0.0
ham,july c's,tfidf__july c's,tfidf,0.0
ham,jump,tfidf__jump,tfidf,0.0
ham,june,tfidf__june,tfidf,0.0
ham,june chance,tfidf__june chance,tfidf,0.0
ham,jus,tfidf__jus,tfidf,0.0
ham,just 10p,tfidf__just 10p,tfidf,0.0
ham,just bl0cked,tfidf__just bl0cked,tfidf,0.0
ham,just emailtoken,tfidf__just emailtoken,tfidf,0.0
ham,just gbp,tfidf__just gbp,tfidf,0.0
ham,just gbp5,tfidf__just gbp5,tfidf,0.0
ham,just send,tfidf__just send,tfidf,0.0
ham,just yell,tfidf__just yell,tfidf,0.0
ham,jwala,tfidf__jwala,tfidf,0.0
ham,jwala heri,tfidf__jwala heri,tfidf,0.0
ham,k61,tfidf__k61,tfidf,0.0
ham,k61 valid,tfidf__k61 valid,tfidf,0.0
ham,karaoke,tfidf__karaoke,tfidf,0.0
ham,karaoke mobile,tfidf__karaoke mobile,tfidf,0.0
ham,kept,tfidf__kept,tfidf,0.0
ham,kept informed,tfidf__kept informed,tfidf,0.0
ham,key arcade,tfidf__key arcade,tfidf,0.0
ham,ki,tfidf__ki,tfidf,0.0
ham,ki bahar,tfidf__ki bahar,tfidf,0.0
ham,kick,tfidf__kick,tfidf,0.0
ham,kick new,tfidf__kick new,tfidf,0.0
ham,kickoff,tfidf__kickoff,tfidf,0.0
ham,kickoff kept,tfidf__kickoff kept,tfidf,0.0
ham,kind,tfidf__kind,tfidf,0.0
ham,kindly,tfidf__kindly,tfidf,0.0
ham,king store,tfidf__king store,tfidf,0.0
ham,kingdom,tfidf__kingdom,tfidf,0.0
ham,kingdom check,tfidf__kingdom check,tfidf,0.0
ham,kiosk,tfidf__kiosk,tfidf,0.0
ham,kiosk reply,tfidf__kiosk reply,tfidf,0.0
ham,kiss,tfidf__kiss,tfidf,0.0
ham,klia2 19,tfidf__klia2 19,tfidf,0.0
ham,knock,tfidf__knock,tfidf,0.0
ham,know don't,tfidf__know don't,tfidf,0.0
ham,kyc contact,tfidf__kyc contact,tfidf,0.0
ham,kyc expired,tfidf__kyc expired,tfidf,0.0
ham,kyc ingest,tfidf__kyc ingest,tfidf,0.0
ham,kyc suspended,tfidf__kyc suspended,tfidf,0.0
ham,la32wu,tfidf__la32wu,tfidf,0.0
ham,la32wu 16,tfidf__la32wu 16,tfidf,0.0
ham,lac,tfidf__lac,tfidf,0.0
ham,lac onwards,tfidf__lac onwards,tfidf,0.0
ham,ladies male,tfidf__ladies male,tfidf,0.0
ham,landline complimentary,tfidf__landline complimentary,tfidf,0.0
ham,landline tcs,tfidf__landline tcs,tfidf,0.0
ham,later,tfidf__later,tfidf,0.0
ham,ldn wc1n3xx,tfidf__ldn wc1n3xx,tfidf,0.0
ham,le,tfidf__le,tfidf,0.0
ham,le 61200,tfidf__le 61200,tfidf,0.0
ham,leadership,tfidf__leadership,tfidf,0.0
ham,leave msg,tfidf__leave msg,tfidf,0.0
ham,let's 150p,tfidf__let's 150p,tfidf,0.0
ham,let's talk,tfidf__let's talk,tfidf,0.0
ham,like company,tfidf__like company,tfidf,0.0
ham,like santa,tfidf__like santa,tfidf,0.0
ham,lily,tfidf__lily,tfidf,0.0
ham,lily txt,tfidf__lily txt,tfidf,0.0
ham,line access,tfidf__line access,tfidf,0.0
ham,linerental latest,tfidf__linerental latest,tfidf,0.0
ham,linerental motorola,tfidf__linerental motorola,tfidf,0.0
ham,lines,tfidf__lines,tfidf,0.0
ham,lines close,tfidf__lines close,tfidf,0.0
ham,link just,tfidf__link just,tfidf,0.0
ham,listen,tfidf__listen,tfidf,0.0
ham,little ones,tfidf__little ones,tfidf,0.0
ham,live india,tfidf__live india,tfidf,0.0
ham,live tv,tfidf__live tv,tfidf,0.0
ham,liverpool henry,tfidf__liverpool henry,tfidf,0.0
ham,lnly hope,tfidf__lnly hope,tfidf,0.0
ham,local dates,tfidf__local dates,tfidf,0.0
ham,login unsubscribe,tfidf__login unsubscribe,tfidf,0.0
ham,logon,tfidf__logon,tfidf,0.0
ham,logon urltoken,tfidf__logon urltoken,tfidf,0.0
ham,logos,tfidf__logos,tfidf,0.0
ham,london,tfidf__london,tfidf,0.0
ham,london w1j,tfidf__london w1j,tfidf,0.0
ham,lonely,tfidf__lonely,tfidf,0.0
ham,lonely black,tfidf__lonely black,tfidf,0.0
ham,lonely text,tfidf__lonely text,tfidf,0.0
ham,lookatme,tfidf__lookatme,tfidf,0.0
ham,lookatme thanks,tfidf__lookatme thanks,tfidf,0.0
ham,lookatme you've,tfidf__lookatme you've,tfidf,0.0
ham,lord,tfidf__lord,tfidf,0.0
ham,lord rings,tfidf__lord rings,tfidf,0.0
ham,lose,tfidf__lose,tfidf,0.0
ham,lost,tfidf__lost,tfidf,0.0
ham,lost 12,tfidf__lost 12,tfidf,0.0
ham,lost 3pound,tfidf__lost 3pound,tfidf,0.0
ham,lotr,tfidf__lotr,tfidf,0.0
ham,lotr june,tfidf__lotr june,tfidf,0.0
ham,lotr soundtrack,tfidf__lotr soundtrack,tfidf,0.0
ham,lots,tfidf__lots,tfidf,0.0
ham,lots cash,tfidf__lots cash,tfidf,0.0
ham,lots new,tfidf__lots new,tfidf,0.0
ham,loudly,tfidf__loudly,tfidf,0.0
ham,loudly shrilly,tfidf__loudly shrilly,tfidf,0.0
ham,lounge,tfidf__lounge,tfidf,0.0
ham,lounge passes,tfidf__lounge passes,tfidf,0.0
ham,loved,tfidf__loved,tfidf,0.0
ham,loving,tfidf__loving,tfidf,0.0
ham,loyal,tfidf__loyal,tfidf,0.0
ham,loyal mobile,tfidf__loyal mobile,tfidf,0.0
ham,lucozade,tfidf__lucozade,tfidf,0.0
ham,lucozade energy,tfidf__lucozade energy,tfidf,0.0
ham,lucy,tfidf__lucy,tfidf,0.0
ham,luv claire,tfidf__luv claire,tfidf,0.0
ham,m60,tfidf__m60,tfidf,0.0
ham,m60 1er,tfidf__m60 1er,tfidf,0.0
ham,m8s,tfidf__m8s,tfidf,0.0
ham,m8s txt,tfidf__m8s txt,tfidf,0.0
ham,mad1,tfidf__mad1,tfidf,0.0
ham,mad1 real,tfidf__mad1 real,tfidf,0.0
ham,mad2,tfidf__mad2,tfidf,0.0
ham,mad2 88888,tfidf__mad2 88888,tfidf,0.0
ham,mail,tfidf__mail,tfidf,0.0
ham,mailbox messaging,tfidf__mailbox messaging,tfidf,0.0
ham,male,tfidf__male,tfidf,0.0
ham,male gigolo,tfidf__male gigolo,tfidf,0.0
ham,margin,tfidf__margin,tfidf,0.0
ham,margin 78,tfidf__margin 78,tfidf,0.0
ham,market,tfidf__market,tfidf,0.0
ham,market square,tfidf__market square,tfidf,0.0
ham,match logon,tfidf__match logon,tfidf,0.0
ham,match yell,tfidf__match yell,tfidf,0.0
ham,mates join,tfidf__mates join,tfidf,0.0
ham,matrix3,tfidf__matrix3,tfidf,0.0
ham,matrix3 starwars3,tfidf__matrix3 starwars3,tfidf,0.0
ham,max,tfidf__max,tfidf,0.0
ham,max 50,tfidf__max 50,tfidf,0.0
ham,maximum,tfidf__maximum,tfidf,0.0
ham,maximum prizes,tfidf__maximum prizes,tfidf,0.0
ham,meaning,tfidf__meaning,tfidf,0.0
ham,med,tfidf__med,tfidf,0.0
ham,med holiday,tfidf__med holiday,tfidf,0.0
ham,med popcorn,tfidf__med popcorn,tfidf,0.0
ham,meeting,tfidf__meeting,tfidf,0.0
ham,men,tfidf__men,tfidf,0.0
ham,men home,tfidf__men home,tfidf,0.0
ham,mens,tfidf__mens,tfidf,0.0
ham,mens club,tfidf__mens club,tfidf,0.0
ham,message jamster,tfidf__message jamster,tfidf,0.0
ham,message waiting,tfidf__message waiting,tfidf,0.0
ham,messages reply,tfidf__messages reply,tfidf,0.0
ham,messages text,tfidf__messages text,tfidf,0.0
ham,messaging,tfidf__messaging,tfidf,0.0
ham,messaging sms,tfidf__messaging sms,tfidf,0.0
ham,metro,tfidf__metro,tfidf,0.0
ham,metro station,tfidf__metro station,tfidf,0.0
ham,midnight,tfidf__midnight,tfidf,0.0
ham,min mob,tfidf__min mob,tfidf,0.0
ham,min polo,tfidf__min polo,tfidf,0.0
ham,min term,tfidf__min term,tfidf,0.0
ham,mind,tfidf__mind,tfidf,0.0
ham,minmobsmore,tfidf__minmobsmore,tfidf,0.0
ham,minmobsmore lkpobox177hp51fl,tfidf__minmobsmore lkpobox177hp51fl,tfidf,0.0
ham,minmobsmorelkpobox177hp51fl,tfidf__minmobsmorelkpobox177hp51fl,tfidf,0.0
ham,minmoremobsemspobox45po139wa,tfidf__minmoremobsemspobox45po139wa,tfidf,0.0
ham,mins 100,tfidf__mins 100,tfidf,0.0
ham,mins 1000,tfidf__mins 1000,tfidf,0.0
ham,mins 150,tfidf__mins 150,tfidf,0.0
ham,mins texts,tfidf__mins texts,tfidf,0.0
ham,mins txts,tfidf__mins txts,tfidf,0.0
ham,minute fixed,tfidf__minute fixed,tfidf,0.0
ham,minutes mobil,tfidf__minutes mobil,tfidf,0.0
ham,mistake,tfidf__mistake,tfidf,0.0
ham,mistake shortcode,tfidf__mistake shortcode,tfidf,0.0
ham,mjzgroup,tfidf__mjzgroup,tfidf,0.0
ham,mjzgroup phonetoken,tfidf__mjzgroup phonetoken,tfidf,0.0
ham,mkt,tfidf__mkt,tfidf,0.0
ham,mkt paschim,tfidf__mkt paschim,tfidf,0.0
ham,mmsto,tfidf__mmsto,tfidf,0.0
ham,mmsto 32323,tfidf__mmsto 32323,tfidf,0.0
ham,mob awarded,tfidf__mob awarded,tfidf,0.0
ham,mob embody,tfidf__mob embody,tfidf,0.0
ham,mob offer,tfidf__mob offer,tfidf,0.0
ham,mob tell,tfidf__mob tell,tfidf,0.0
ham,mob tones,tfidf__mob tones,tfidf,0.0
ham,mob vary,tfidf__mob vary,tfidf,0.0
ham,mobil,tfidf__mobil,tfidf,0.0
ham,mobil free,tfidf__mobil free,tfidf,0.0
ham,mobile 07xxxxxxxxx,tfidf__mobile 07xxxxxxxxx,tfidf,0.0
ham,mobile 750,tfidf__mobile 750,tfidf,0.0
ham,mobile 7cfca1a,tfidf__mobile 7cfca1a,tfidf,0.0
ham,mobile charged,tfidf__mobile charged,tfidf,0.0
ham,mobile club,tfidf__mobile club,tfidf,0.0
ham,mobile customers,tfidf__mobile customers,tfidf,0.0
ham,mobile fit,tfidf__mobile fit,tfidf,0.0
ham,mobile security,tfidf__mobile security,tfidf,0.0
ham,mobile stop,tfidf__mobile stop,tfidf,0.0
ham,mobile tonights,tfidf__mobile tonights,tfidf,0.0
ham,mobile try,tfidf__mobile try,tfidf,0.0
ham,mobiles mobileupd8,tfidf__mobiles mobileupd8,tfidf,0.0
ham,mobilesvary,tfidf__mobilesvary,tfidf,0.0
ham,mobilesvary max,tfidf__mobilesvary max,tfidf,0.0
ham,moby pub,tfidf__moby pub,tfidf,0.0
ham,mobypobox734ls27yf,tfidf__mobypobox734ls27yf,tfidf,0.0
ham,modify,tfidf__modify,tfidf,0.0
ham,modify urltoken,tfidf__modify urltoken,tfidf,0.0
ham,mono lionp,tfidf__mono lionp,tfidf,0.0
ham,month aom,tfidf__month aom,tfidf,0.0
ham,moon's,tfidf__moon's,tfidf,0.0
ham,moon's children,tfidf__moon's children,tfidf,0.0
ham,motorola free,tfidf__motorola free,tfidf,0.0
ham,motorola phones,tfidf__motorola phones,tfidf,0.0
ham,motorola sonyericsson,tfidf__motorola sonyericsson,tfidf,0.0
ham,mourn,tfidf__mourn,tfidf,0.0
ham,mourn loudly,tfidf__mourn loudly,tfidf,0.0
ham,mre,tfidf__mre,tfidf,0.0
ham,mre film,tfidf__mre film,tfidf,0.0
ham,msg 2day,tfidf__msg 2day,tfidf,0.0
ham,msg 50rcvd,tfidf__msg 50rcvd,tfidf,0.0
ham,msg billed,tfidf__msg billed,tfidf,0.0
ham,msg opt,tfidf__msg opt,tfidf,0.0
ham,msg rcd,tfidf__msg rcd,tfidf,0.0
ham,msg send,tfidf__msg send,tfidf,0.0
ham,mtalk phonetoken,tfidf__mtalk phonetoken,tfidf,0.0
ham,mths 500,tfidf__mths 500,tfidf,0.0
ham,mum,tfidf__mum,tfidf,0.0
ham,murder,tfidf__murder,tfidf,0.0
ham,murderer,tfidf__murderer,tfidf,0.0
ham,music news,tfidf__music news,tfidf,0.0
ham,music store,tfidf__music store,tfidf,0.0
ham,music urltoken,tfidf__music urltoken,tfidf,0.0
ham,mymoby,tfidf__mymoby,tfidf,0.0
ham,mymoby tv,tfidf__mymoby tv,tfidf,0.0
ham,n9dx,tfidf__n9dx,tfidf,0.0
ham,na,tfidf__na,tfidf,0.0
ham,nab card,tfidf__nab card,tfidf,0.0
ham,ncr,tfidf__ncr,tfidf,0.0
ham,ncr 50rs,tfidf__ncr 50rs,tfidf,0.0
ham,ncr rs50,tfidf__ncr rs50,tfidf,0.0
ham,near pari,tfidf__near pari,tfidf,0.0
ham,nearly,tfidf__nearly,tfidf,0.0
ham,need song,tfidf__need song,tfidf,0.0
ham,needs,tfidf__needs,tfidf,0.0
ham,netherlands,tfidf__netherlands,tfidf,0.0
ham,new cam,tfidf__new cam,tfidf,0.0
ham,new jersey,tfidf__new jersey,tfidf,0.0
ham,new local,tfidf__new local,tfidf,0.0
ham,new nokia6600,tfidf__new nokia6600,tfidf,0.0
ham,new people,tfidf__new people,tfidf,0.0
ham,new season,tfidf__new season,tfidf,0.0
ham,new tone,tfidf__new tone,tfidf,0.0
ham,new tones,tfidf__new tones,tfidf,0.0
ham,new voicemail,tfidf__new voicemail,tfidf,0.0
ham,newest selection,tfidf__newest selection,tfidf,0.0
ham,news phone,tfidf__news phone,tfidf,0.0
ham,news results,tfidf__news results,tfidf,0.0
ham,news ur,tfidf__news ur,tfidf,0.0
ham,ni8,tfidf__ni8,tfidf,0.0
ham,no1 bbc,tfidf__no1 bbc,tfidf,0.0
ham,noe,tfidf__noe,tfidf,0.0
ham,noida 9500,tfidf__noida 9500,tfidf,0.0
ham,noida near,tfidf__noida near,tfidf,0.0
ham,nok,tfidf__nok,tfidf,0.0
ham,nok 87021,tfidf__nok 87021,tfidf,0.0
ham,nokia 3650,tfidf__nokia 3650,tfidf,0.0
ham,nokia bluetooth,tfidf__nokia bluetooth,tfidf,0.0
ham,nokia logo,tfidf__nokia logo,tfidf,0.0
ham,nokia music,tfidf__nokia music,tfidf,0.0
ham,nokia6600,tfidf__nokia6600,tfidf,0.0
ham,nokia6600 mobile,tfidf__nokia6600 mobile,tfidf,0.0
ham,nokias,tfidf__nokias,tfidf,0.0
ham,nokias poly,tfidf__nokias poly,tfidf,0.0
ham,norm,tfidf__norm,tfidf,0.0
ham,norm 150p,tfidf__norm 150p,tfidf,0.0
ham,notify,tfidf__notify,tfidf,0.0
ham,nr,tfidf__nr,tfidf,0.0
ham,nr metro,tfidf__nr metro,tfidf,0.0
ham,num,tfidf__num,tfidf,0.0
ham,number experience,tfidf__number experience,tfidf,0.0
ham,number mistake,tfidf__number mistake,tfidf,0.0
ham,number phonetoken,tfidf__number phonetoken,tfidf,0.0
ham,number urltoken,tfidf__number urltoken,tfidf,0.0
ham,number x29,tfidf__number x29,tfidf,0.0
ham,numbers stop,tfidf__numbers stop,tfidf,0.0
ham,o2 50,tfidf__o2 50,tfidf,0.0
ham,o2 games,tfidf__o2 games,tfidf,0.0
ham,offer 750,tfidf__offer 750,tfidf,0.0
ham,offer claim,tfidf__offer claim,tfidf,0.0
ham,offer latest,tfidf__offer latest,tfidf,0.0
ham,offer package,tfidf__offer package,tfidf,0.0
ham,offer stop,tfidf__offer stop,tfidf,0.0
ham,offers bhk,tfidf__offers bhk,tfidf,0.0
ham,offers pls,tfidf__offers pls,tfidf,0.0
ham,office airtel,tfidf__office airtel,tfidf,0.0
ham,official england,tfidf__official england,tfidf,0.0
ham,ok 2600,tfidf__ok 2600,tfidf,0.0
ham,ok 84025,tfidf__ok 84025,tfidf,0.0
ham,ok xxx,tfidf__ok xxx,tfidf,0.0
ham,om,tfidf__om,tfidf,0.0
ham,oncall,tfidf__oncall,tfidf,0.0
ham,oncall mjzgroup,tfidf__oncall mjzgroup,tfidf,0.0
ham,ones,tfidf__ones,tfidf,0.0
ham,ones like,tfidf__ones like,tfidf,0.0
ham,ons,tfidf__ons,tfidf,0.0
ham,ons phonetoken,tfidf__ons phonetoken,tfidf,0.0
ham,onwards,tfidf__onwards,tfidf,0.0
ham,onwards bhk,tfidf__onwards bhk,tfidf,0.0
ham,onwards urltoken,tfidf__onwards urltoken,tfidf,0.0
ham,oor,tfidf__oor,tfidf,0.0
ham,oor step,tfidf__oor step,tfidf,0.0
ham,opt availa,tfidf__opt availa,tfidf,0.0
ham,opt available,tfidf__opt available,tfidf,0.0
ham,optin,tfidf__optin,tfidf,0.0
ham,optin subscriber,tfidf__optin subscriber,tfidf,0.0
ham,or2optout,tfidf__or2optout,tfidf,0.0
ham,or2optout hv9d,tfidf__or2optout hv9d,tfidf,0.0
ham,or2stoptxt,tfidf__or2stoptxt,tfidf,0.0
ham,orange bluetooth,tfidf__orange bluetooth,tfidf,0.0
ham,orange contract,tfidf__orange contract,tfidf,0.0
ham,orange customer,tfidf__orange customer,tfidf,0.0
ham,orange mobileupd8,tfidf__orange mobileupd8,tfidf,0.0
ham,orange price,tfidf__orange price,tfidf,0.0
ham,order 42,tfidf__order 42,tfidf,0.0
ham,oredi,tfidf__oredi,tfidf,0.0
ham,original,tfidf__original,tfidf,0.0
ham,original best,tfidf__original best,tfidf,0.0
ham,oz,tfidf__oz,tfidf,0.0
ham,oz lucozade,tfidf__oz lucozade,tfidf,0.0
ham,packs,tfidf__packs,tfidf,0.0
ham,packs urltoken,tfidf__packs urltoken,tfidf,0.0
ham,paid,tfidf__paid,tfidf,0.0
ham,pain,tfidf__pain,tfidf,0.0
ham,pan,tfidf__pan,tfidf,0.0
ham,pan card,tfidf__pan card,tfidf,0.0
ham,panasonic,tfidf__panasonic,tfidf,0.0
ham,panasonic bluetoothhdset,tfidf__panasonic bluetoothhdset,tfidf,0.0
ham,pari,tfidf__pari,tfidf,0.0
ham,pari chowk,tfidf__pari chowk,tfidf,0.0
ham,paschim,tfidf__paschim,tfidf,0.0
ham,paschim viha,tfidf__paschim viha,tfidf,0.0
ham,pass,tfidf__pass,tfidf,0.0
ham,pass bergkamp,tfidf__pass bergkamp,tfidf,0.0
ham,pass phonetoken,tfidf__pass phonetoken,tfidf,0.0
ham,passes,tfidf__passes,tfidf,0.0
ham,passport,tfidf__passport,tfidf,0.0
ham,passport assistance,tfidf__passport assistance,tfidf,0.0
ham,pay2tmkyc,tfidf__pay2tmkyc,tfidf,0.0
ham,paying,tfidf__paying,tfidf,0.0
ham,payments,tfidf__payments,tfidf,0.0
ham,payments bank,tfidf__payments bank,tfidf,0.0
ham,paytm payments,tfidf__paytm payments,tfidf,0.0
ham,paytm team,tfidf__paytm team,tfidf,0.0
ham,pc urltoken,tfidf__pc urltoken,tfidf,0.0
ham,pdate,tfidf__pdate,tfidf,0.0
ham,pdate double,tfidf__pdate double,tfidf,0.0
ham,peace,tfidf__peace,tfidf,0.0
ham,pence,tfidf__pence,tfidf,0.0
ham,pence minute,tfidf__pence minute,tfidf,0.0
ham,peoples,tfidf__peoples,tfidf,0.0
ham,pg,tfidf__pg,tfidf,0.0
ham,pg todays,tfidf__pg todays,tfidf,0.0
ham,ph 08700435505150p,tfidf__ph 08700435505150p,tfidf,0.0
ham,phoenix reply,tfidf__phoenix reply,tfidf,0.0
ham,phone delivered,tfidf__phone delivered,tfidf,0.0
ham,phone pounds,tfidf__phone pounds,tfidf,0.0
ham,phone services,tfidf__phone services,tfidf,0.0
ham,phone750,tfidf__phone750,tfidf,0.0
ham,phone750 anytime,tfidf__phone750 anytime,tfidf,0.0
ham,phones half,tfidf__phones half,tfidf,0.0
ham,phones mobileupd8,tfidf__phones mobileupd8,tfidf,0.0
ham,phonetoken 00,tfidf__phonetoken 00,tfidf,0.0
ham,phonetoken 04,tfidf__phonetoken 04,tfidf,0.0
ham,phonetoken 2stop,tfidf__phonetoken 2stop,tfidf,0.0
ham,phonetoken 9am,tfidf__phonetoken 9am,tfidf,0.0
ham,phonetoken answer,tfidf__phonetoken answer,tfidf,0.0
ham,phonetoken avail,tfidf__phonetoken avail,tfidf,0.0
ham,phonetoken b4,tfidf__phonetoken b4,tfidf,0.0
ham,phonetoken book,tfidf__phonetoken book,tfidf,0.0
ham,phonetoken box334sk38ch,tfidf__phonetoken box334sk38ch,tfidf,0.0
ham,phonetoken calls,tfidf__phonetoken calls,tfidf,0.0
ham,phonetoken cite,tfidf__phonetoken cite,tfidf,0.0
ham,phonetoken closingdate04,tfidf__phonetoken closingdate04,tfidf,0.0
ham,phonetoken details,tfidf__phonetoken details,tfidf,0.0
ham,phonetoken dress,tfidf__phonetoken dress,tfidf,0.0
ham,phonetoken exact,tfidf__phonetoken exact,tfidf,0.0
ham,phonetoken help08718728876,tfidf__phonetoken help08718728876,tfidf,0.0
ham,phonetoken hope,tfidf__phonetoken hope,tfidf,0.0
ham,phonetoken ibh,tfidf__phonetoken ibh,tfidf,0.0
ham,phonetoken immediately,tfidf__phonetoken immediately,tfidf,0.0
ham,phonetoken ingest,tfidf__phonetoken ingest,tfidf,0.0
ham,phonetoken jwala,tfidf__phonetoken jwala,tfidf,0.0
ham,phonetoken lines,tfidf__phonetoken lines,tfidf,0.0
ham,phonetoken lucy,tfidf__phonetoken lucy,tfidf,0.0
ham,phonetoken msg150p,tfidf__phonetoken msg150p,tfidf,0.0
ham,phonetoken offer,tfidf__phonetoken offer,tfidf,0.0
ham,phonetoken or2optout,tfidf__phonetoken or2optout,tfidf,0.0
ham,phonetoken poly,tfidf__phonetoken poly,tfidf,0.0
ham,phonetoken profit,tfidf__phonetoken profit,tfidf,0.0
ham,phonetoken retrieve,tfidf__phonetoken retrieve,tfidf,0.0
ham,phonetoken revealed,tfidf__phonetoken revealed,tfidf,0.0
ham,phonetoken rodger,tfidf__phonetoken rodger,tfidf,0.0
ham,phonetoken secret,tfidf__phonetoken secret,tfidf,0.0
ham,phonetoken sms,tfidf__phonetoken sms,tfidf,0.0
ham,phonetoken sp,tfidf__phonetoken sp,tfidf,0.0
ham,phonetoken stopsms,tfidf__phonetoken stopsms,tfidf,0.0
ham,phonetoken suprman,tfidf__phonetoken suprman,tfidf,0.0
ham,phonetoken urgent,tfidf__phonetoken urgent,tfidf,0.0
ham,phonetoken visit,tfidf__phonetoken visit,tfidf,0.0
ham,phony,tfidf__phony,tfidf,0.0
ham,phony 350,tfidf__phony 350,tfidf,0.0
ham,picked,tfidf__picked,tfidf,0.0
ham,picked loyal,tfidf__picked loyal,tfidf,0.0
ham,picked win,tfidf__picked win,tfidf,0.0
ham,pics nearly,tfidf__pics nearly,tfidf,0.0
ham,picsfree1,tfidf__picsfree1,tfidf,0.0
ham,pix qlynnbv,tfidf__pix qlynnbv,tfidf,0.0
ham,pix ringtones,tfidf__pix ringtones,tfidf,0.0
ham,play 83370,tfidf__play 83370,tfidf,0.0
ham,play cricex,tfidf__play cricex,tfidf,0.0
ham,play text,tfidf__play text,tfidf,0.0
ham,play urltoken,tfidf__play urltoken,tfidf,0.0
ham,played,tfidf__played,tfidf,0.0
ham,pleased notify,tfidf__pleased notify,tfidf,0.0
ham,plot sale,tfidf__plot sale,tfidf,0.0
ham,plots available,tfidf__plots available,tfidf,0.0
ham,pls claim,tfidf__pls claim,tfidf,0.0
ham,pls goto,tfidf__pls goto,tfidf,0.0
ham,pls reply,tfidf__pls reply,tfidf,0.0
ham,pls resubmit,tfidf__pls resubmit,tfidf,0.0
ham,pls send,tfidf__pls send,tfidf,0.0
ham,pls stop,tfidf__pls stop,tfidf,0.0
ham,plz,tfidf__plz,tfidf,0.0
ham,po box420,tfidf__po box420,tfidf,0.0
ham,pobox36504w45wq 150p,tfidf__pobox36504w45wq 150p,tfidf,0.0
ham,pod,tfidf__pod,tfidf,0.0
ham,pod 80182,tfidf__pod 80182,tfidf,0.0
ham,pod 84128,tfidf__pod 84128,tfidf,0.0
ham,pokecoins,tfidf__pokecoins,tfidf,0.0
ham,pokecoins pokemon,tfidf__pokecoins pokemon,tfidf,0.0
ham,pokemon,tfidf__pokemon,tfidf,0.0
ham,pokemon gol,tfidf__pokemon gol,tfidf,0.0
ham,polo,tfidf__polo,tfidf,0.0
ham,polo suite,tfidf__polo suite,tfidf,0.0
ham,poly charity,tfidf__poly charity,tfidf,0.0
ham,poly ringtone,tfidf__poly ringtone,tfidf,0.0
ham,poly text,tfidf__poly text,tfidf,0.0
ham,poly true,tfidf__poly true,tfidf,0.0
ham,polys zed,tfidf__polys zed,tfidf,0.0
ham,popcorn,tfidf__popcorn,tfidf,0.0
ham,popcorn just,tfidf__popcorn just,tfidf,0.0
ham,portfolio,tfidf__portfolio,tfidf,0.0
ham,portfolio watch,tfidf__portfolio watch,tfidf,0.0
ham,possession,tfidf__possession,tfidf,0.0
ham,possession registry,tfidf__possession registry,tfidf,0.0
ham,post,tfidf__post,tfidf,0.0
ham,posts,tfidf__posts,tfidf,0.0
ham,posts hello,tfidf__posts hello,tfidf,0.0
ham,pounds accident,tfidf__pounds accident,tfidf,0.0
ham,pounds free,tfidf__pounds free,tfidf,0.0
ham,pounds week,tfidf__pounds week,tfidf,0.0
ham,ppm 18,tfidf__ppm 18,tfidf,0.0
ham,prefer,tfidf__prefer,tfidf,0.0
ham,premium,tfidf__premium,tfidf,0.0
ham,premium phone,tfidf__premium phone,tfidf,0.0
ham,presleys,tfidf__presleys,tfidf,0.0
ham,presleys birthday,tfidf__presleys birthday,tfidf,0.0
ham,press key,tfidf__press key,tfidf,0.0
ham,prevention,tfidf__prevention,tfidf,0.0
ham,prevention phonetoken,tfidf__prevention phonetoken,tfidf,0.0
ham,price linerental,tfidf__price linerental,tfidf,0.0
ham,privy,tfidf__privy,tfidf,0.0
ham,privy address,tfidf__privy address,tfidf,0.0
ham,prize customer,tfidf__prize customer,tfidf,0.0
ham,prize draw,tfidf__prize draw,tfidf,0.0
ham,prize embody,tfidf__prize embody,tfidf,0.0
ham,prize just,tfidf__prize just,tfidf,0.0
ham,prize yesterday,tfidf__prize yesterday,tfidf,0.0
ham,prizes sdm,tfidf__prizes sdm,tfidf,0.0
ham,processed,tfidf__processed,tfidf,0.0
ham,profit,tfidf__profit,tfidf,0.0
ham,profit charity,tfidf__profit charity,tfidf,0.0
ham,project,tfidf__project,tfidf,0.0
ham,promo,tfidf__promo,tfidf,0.0
ham,property,tfidf__property,tfidf,0.0
ham,psf yrs,tfidf__psf yrs,tfidf,0.0
ham,pub,tfidf__pub,tfidf,0.0
ham,purchase video,tfidf__purchase video,tfidf,0.0
ham,pvt,tfidf__pvt,tfidf,0.0
ham,pyatm,tfidf__pyatm,tfidf,0.0
ham,pyatm wallet,tfidf__pyatm wallet,tfidf,0.0
ham,qlynnbv,tfidf__qlynnbv,tfidf,0.0
ham,qlynnbv help08700621170150p,tfidf__qlynnbv help08700621170150p,tfidf,0.0
ham,qualify,tfidf__qualify,tfidf,0.0
ham,quality,tfidf__quality,tfidf,0.0
ham,quality items,tfidf__quality items,tfidf,0.0
ham,quote,tfidf__quote,tfidf,0.0
ham,quote 1st,tfidf__quote 1st,tfidf,0.0
ham,quotes,tfidf__quotes,tfidf,0.0
ham,quotes track,tfidf__quotes track,tfidf,0.0
ham,rally,tfidf__rally,tfidf,0.0
ham,rally le,tfidf__rally le,tfidf,0.0
ham,rally oz,tfidf__rally oz,tfidf,0.0
ham,randomly,tfidf__randomly,tfidf,0.0
ham,randomly picked,tfidf__randomly picked,tfidf,0.0
ham,randy reply,tfidf__randy reply,tfidf,0.0
ham,rate 10p,tfidf__rate 10p,tfidf,0.0
ham,rates employ,tfidf__rates employ,tfidf,0.0
ham,ravana,tfidf__ravana,tfidf,0.0
ham,rayman,tfidf__rayman,tfidf,0.0
ham,rayman golf,tfidf__rayman golf,tfidf,0.0
ham,ready download,tfidf__ready download,tfidf,0.0
ham,ready possession,tfidf__ready possession,tfidf,0.0
ham,real text,tfidf__real text,tfidf,0.0
ham,reat investment,tfidf__reat investment,tfidf,0.0
ham,receive 400,tfidf__receive 400,tfidf,0.0
ham,recent draw,tfidf__recent draw,tfidf,0.0
ham,recently used,tfidf__recently used,tfidf,0.0
ham,records indicate,tfidf__records indicate,tfidf,0.0
ham,recpt,tfidf__recpt,tfidf,0.0
ham,red day,tfidf__red day,tfidf,0.0
ham,red wings,tfidf__red wings,tfidf,0.0
ham,reduce,tfidf__reduce,tfidf,0.0
ham,reduce fat,tfidf__reduce fat,tfidf,0.0
ham,ref 9307622,tfidf__ref 9307622,tfidf,0.0
ham,refer,tfidf__refer,tfidf,0.0
ham,refer pg,tfidf__refer pg,tfidf,0.0
ham,regard renewing,tfidf__regard renewing,tfidf,0.0
ham,registered optin,tfidf__registered optin,tfidf,0.0
ham,registration process,tfidf__registration process,tfidf,0.0
ham,registry,tfidf__registry,tfidf,0.0
ham,registry rs,tfidf__registry rs,tfidf,0.0
ham,regn,tfidf__regn,tfidf,0.0
ham,regn ok,tfidf__regn ok,tfidf,0.0
ham,regret,tfidf__regret,tfidf,0.0
ham,released,tfidf__released,tfidf,0.0
ham,remember,tfidf__remember,tfidf,0.0
ham,reminder o2,tfidf__reminder o2,tfidf,0.0
ham,renewing,tfidf__renewing,tfidf,0.0
ham,rental 12,tfidf__rental 12,tfidf,0.0
ham,reply claim,tfidf__reply claim,tfidf,0.0
ham,reply end,tfidf__reply end,tfidf,0.0
ham,reply free,tfidf__reply free,tfidf,0.0
ham,reply lotr,tfidf__reply lotr,tfidf,0.0
ham,reply message,tfidf__reply message,tfidf,0.0
ham,reply oncall,tfidf__reply oncall,tfidf,0.0
ham,reply pix,tfidf__reply pix,tfidf,0.0
ham,reply post,tfidf__reply post,tfidf,0.0
ham,reply sing,tfidf__reply sing,tfidf,0.0
ham,reply sony,tfidf__reply sony,tfidf,0.0
ham,reply summer,tfidf__reply summer,tfidf,0.0
ham,reply themob,tfidf__reply themob,tfidf,0.0
ham,reply tones2u,tfidf__reply tones2u,tfidf,0.0
ham,reply yell,tfidf__reply yell,tfidf,0.0
ham,replys150,tfidf__replys150,tfidf,0.0
ham,representative freephone,tfidf__representative freephone,tfidf,0.0
ham,request expiry,tfidf__request expiry,tfidf,0.0
ham,require,tfidf__require,tfidf,0.0
ham,residency,tfidf__residency,tfidf,0.0
ham,residency sec,tfidf__residency sec,tfidf,0.0
ham,resubmit,tfidf__resubmit,tfidf,0.0
ham,resubmit request,tfidf__resubmit request,tfidf,0.0
ham,results,tfidf__results,tfidf,0.0
ham,results daily,tfidf__results daily,tfidf,0.0
ham,retrieve,tfidf__retrieve,tfidf,0.0
ham,retrieve messages,tfidf__retrieve messages,tfidf,0.0
ham,return,tfidf__return,tfidf,0.0
ham,return commercial,tfidf__return commercial,tfidf,0.0
ham,return contact,tfidf__return contact,tfidf,0.0
ham,return king,tfidf__return king,tfidf,0.0
ham,return ravana,tfidf__return ravana,tfidf,0.0
ham,return service,tfidf__return service,tfidf,0.0
ham,return vat,tfidf__return vat,tfidf,0.0
ham,reveal consider,tfidf__reveal consider,tfidf,0.0
ham,reward just,tfidf__reward just,tfidf,0.0
ham,reward match,tfidf__reward match,tfidf,0.0
ham,ridge,tfidf__ridge,tfidf,0.0
ham,ridge residency,tfidf__ridge residency,tfidf,0.0
ham,rigid,tfidf__rigid,tfidf,0.0
ham,rigid force,tfidf__rigid force,tfidf,0.0
ham,ring,tfidf__ring,tfidf,0.0
ham,rings,tfidf__rings,tfidf,0.0
ham,rings return,tfidf__rings return,tfidf,0.0
ham,ringtone colour,tfidf__ringtone colour,tfidf,0.0
ham,ringtones,tfidf__ringtones,tfidf,0.0
ham,ringtones games,tfidf__ringtones games,tfidf,0.0
ham,ripped,tfidf__ripped,tfidf,0.0
ham,rite,tfidf__rite,tfidf,0.0
ham,rodds1,tfidf__rodds1,tfidf,0.0
ham,rodds1 21,tfidf__rodds1 21,tfidf,0.0
ham,rodger,tfidf__rodger,tfidf,0.0
ham,round,tfidf__round,tfidf,0.0
ham,row w1jhl,tfidf__row w1jhl,tfidf,0.0
ham,rply chat,tfidf__rply chat,tfidf,0.0
ham,rply tone,tfidf__rply tone,tfidf,0.0
ham,rs 10,tfidf__rs 10,tfidf,0.0
ham,rs 150,tfidf__rs 150,tfidf,0.0
ham,rs 250,tfidf__rs 250,tfidf,0.0
ham,rs 4399,tfidf__rs 4399,tfidf,0.0
ham,rs threshold,tfidf__rs threshold,tfidf,0.0
ham,rs50,tfidf__rs50,tfidf,0.0
ham,rs50 extra,tfidf__rs50 extra,tfidf,0.0
ham,rs650,tfidf__rs650,tfidf,0.0
ham,rs650 vibration,tfidf__rs650 vibration,tfidf,0.0
ham,rs999,tfidf__rs999,tfidf,0.0
ham,rs999 ncr,tfidf__rs999 ncr,tfidf,0.0
ham,rstm,tfidf__rstm,tfidf,0.0
ham,rstm sw7,tfidf__rstm sw7,tfidf,0.0
ham,sae box326,tfidf__sae box326,tfidf,0.0
ham,sale,tfidf__sale,tfidf,0.0
ham,sale arsenal,tfidf__sale arsenal,tfidf,0.0
ham,sale haridwar,tfidf__sale haridwar,tfidf,0.0
ham,santa,tfidf__santa,tfidf,0.0
ham,santa calling,tfidf__santa calling,tfidf,0.0
ham,santa xmas,tfidf__santa xmas,tfidf,0.0
ham,sanya,tfidf__sanya,tfidf,0.0
ham,sanya 0km,tfidf__sanya 0km,tfidf,0.0
ham,satisfy,tfidf__satisfy,tfidf,0.0
ham,sauna,tfidf__sauna,tfidf,0.0
ham,sauna belt,tfidf__sauna belt,tfidf,0.0
ham,sauna slim,tfidf__sauna slim,tfidf,0.0
ham,savamob offers,tfidf__savamob offers,tfidf,0.0
ham,save activ8,tfidf__save activ8,tfidf,0.0
ham,sawan,tfidf__sawan,tfidf,0.0
ham,sawan ki,tfidf__sawan ki,tfidf,0.0
ham,say hi,tfidf__say hi,tfidf,0.0
ham,scores,tfidf__scores,tfidf,0.0
ham,scores simple,tfidf__scores simple,tfidf,0.0
ham,sdm,tfidf__sdm,tfidf,0.0
ham,season,tfidf__season,tfidf,0.0
ham,season 2wks,tfidf__season 2wks,tfidf,0.0
ham,sec 135,tfidf__sec 135,tfidf,0.0
ham,sec 15,tfidf__sec 15,tfidf,0.0
ham,sec 70,tfidf__sec 70,tfidf,0.0
ham,sec 93,tfidf__sec 93,tfidf,0.0
ham,second,tfidf__second,tfidf,0.0
ham,secure mobile,tfidf__secure mobile,tfidf,0.0
ham,secure theft,tfidf__secure theft,tfidf,0.0
ham,security,tfidf__security,tfidf,0.0
ham,security deposit,tfidf__security deposit,tfidf,0.0
ham,security details,tfidf__security details,tfidf,0.0
ham,security download,tfidf__security download,tfidf,0.0
ham,seeds,tfidf__seeds,tfidf,0.0
ham,seeds worth,tfidf__seeds worth,tfidf,0.0
ham,selected 350,tfidf__selected 350,tfidf,0.0
ham,selected incur,tfidf__selected incur,tfidf,0.0
ham,selection,tfidf__selection,tfidf,0.0
ham,selection content,tfidf__selection content,tfidf,0.0
ham,selection summer,tfidf__selection summer,tfidf,0.0
ham,self,tfidf__self,tfidf,0.0
ham,self address,tfidf__self address,tfidf,0.0
ham,send 50,tfidf__send 50,tfidf,0.0
ham,send hide,tfidf__send hide,tfidf,0.0
ham,send word,tfidf__send word,tfidf,0.0
ham,sending,tfidf__sending,tfidf,0.0
ham,sept,tfidf__sept,tfidf,0.0
ham,server,tfidf__server,tfidf,0.0
ham,service cal,tfidf__service cal,tfidf,0.0
ham,service code,tfidf__service code,tfidf,0.0
ham,service passport,tfidf__service passport,tfidf,0.0
ham,service tax,tfidf__service tax,tfidf,0.0
ham,service uk,tfidf__service uk,tfidf,0.0
ham,service vu,tfidf__service vu,tfidf,0.0
ham,settings reply,tfidf__settings reply,tfidf,0.0
ham,sexy singles,tfidf__sexy singles,tfidf,0.0
ham,shall,tfidf__shall,tfidf,0.0
ham,share wid,tfidf__share wid,tfidf,0.0
ham,she's,tfidf__she's,tfidf,0.0
ham,shops,tfidf__shops,tfidf,0.0
ham,shops market,tfidf__shops market,tfidf,0.0
ham,shortcode,tfidf__shortcode,tfidf,0.0
ham,shortcode urltoken,tfidf__shortcode urltoken,tfidf,0.0
ham,shot,tfidf__shot,tfidf,0.0
ham,shot yards,tfidf__shot yards,tfidf,0.0
ham,shows won,tfidf__shows won,tfidf,0.0
ham,shrilly,tfidf__shrilly,tfidf,0.0
ham,shrilly ad,tfidf__shrilly ad,tfidf,0.0
ham,simple,tfidf__simple,tfidf,0.0
ham,simple shot,tfidf__simple shot,tfidf,0.0
ham,simpsons,tfidf__simpsons,tfidf,0.0
ham,simpsons movie,tfidf__simpsons movie,tfidf,0.0
ham,singles,tfidf__singles,tfidf,0.0
ham,singles yr,tfidf__singles yr,tfidf,0.0
ham,sis,tfidf__sis,tfidf,0.0
ham,sk3,tfidf__sk3,tfidf,0.0
ham,sk3 8wp,tfidf__sk3 8wp,tfidf,0.0
ham,skilgme,tfidf__skilgme,tfidf,0.0
ham,skillgame,tfidf__skillgame,tfidf,0.0
ham,skillgame 1winaweek,tfidf__skillgame 1winaweek,tfidf,0.0
ham,sleep,tfidf__sleep,tfidf,0.0
ham,slim,tfidf__slim,tfidf,0.0
ham,slim belt,tfidf__slim belt,tfidf,0.0
ham,smile,tfidf__smile,tfidf,0.0
ham,smoke,tfidf__smoke,tfidf,0.0
ham,sms 3g,tfidf__sms 3g,tfidf,0.0
ham,sms free,tfidf__sms free,tfidf,0.0
ham,sms messages,tfidf__sms messages,tfidf,0.0
ham,sms video,tfidf__sms video,tfidf,0.0
ham,sms ynd,tfidf__sms ynd,tfidf,0.0
ham,smsservices,tfidf__smsservices,tfidf,0.0
ham,smsservices yourinclusive,tfidf__smsservices yourinclusive,tfidf,0.0
ham,smth,tfidf__smth,tfidf,0.0
ham,sn,tfidf__sn,tfidf,0.0
ham,snap,tfidf__snap,tfidf,0.0
ham,song,tfidf__song,tfidf,0.0
ham,song ur,tfidf__song ur,tfidf,0.0
ham,songs,tfidf__songs,tfidf,0.0
ham,songs www,tfidf__songs www,tfidf,0.0
ham,sony mre,tfidf__sony mre,tfidf,0.0
ham,sony nokia,tfidf__sony nokia,tfidf,0.0
ham,sonyericsson,tfidf__sonyericsson,tfidf,0.0
ham,sonyericsson nokia,tfidf__sonyericsson nokia,tfidf,0.0
ham,sonyericsson tooth,tfidf__sonyericsson tooth,tfidf,0.0
ham,soon agni,tfidf__soon agni,tfidf,0.0
ham,sorry i'll,tfidf__sorry i'll,tfidf,0.0
ham,sorry unsubscribe,tfidf__sorry unsubscribe,tfidf,0.0
ham,sound,tfidf__sound,tfidf,0.0
ham,sound poly,tfidf__sound poly,tfidf,0.0
ham,sounds,tfidf__sounds,tfidf,0.0
ham,sounds just,tfidf__sounds just,tfidf,0.0
ham,soundtrack,tfidf__soundtrack,tfidf,0.0
ham,soundtrack cds,tfidf__soundtrack cds,tfidf,0.0
ham,space aims,tfidf__space aims,tfidf,0.0
ham,spaze,tfidf__spaze,tfidf,0.0
ham,spaze privy,tfidf__spaze privy,tfidf,0.0
ham,special cinema,tfidf__special cinema,tfidf,0.0
ham,special won't,tfidf__special won't,tfidf,0.0
ham,speedchat,tfidf__speedchat,tfidf,0.0
ham,sports,tfidf__sports,tfidf,0.0
ham,sports music,tfidf__sports music,tfidf,0.0
ham,sppok,tfidf__sppok,tfidf,0.0
ham,sppok ur,tfidf__sppok ur,tfidf,0.0
ham,sptv,tfidf__sptv,tfidf,0.0
ham,sptv new,tfidf__sptv new,tfidf,0.0
ham,sqft,tfidf__sqft,tfidf,0.0
ham,sqft phonetoken,tfidf__sqft phonetoken,tfidf,0.0
ham,square,tfidf__square,tfidf,0.0
ham,square golf,tfidf__square golf,tfidf,0.0
ham,stamped,tfidf__stamped,tfidf,0.0
ham,stamped self,tfidf__stamped self,tfidf,0.0
ham,star,tfidf__star,tfidf,0.0
ham,star hotels,tfidf__star hotels,tfidf,0.0
ham,stars,tfidf__stars,tfidf,0.0
ham,stars karaoke,tfidf__stars karaoke,tfidf,0.0
ham,start film,tfidf__start film,tfidf,0.0
ham,starwars3,tfidf__starwars3,tfidf,0.0
ham,starwars3 free,tfidf__starwars3 free,tfidf,0.0
ham,statement 078,tfidf__statement 078,tfidf,0.0
ham,station sec,tfidf__station sec,tfidf,0.0
ham,stay f1ve,tfidf__stay f1ve,tfidf,0.0
ham,staying,tfidf__staying,tfidf,0.0
ham,std chgs,tfidf__std chgs,tfidf,0.0
ham,std text,tfidf__std text,tfidf,0.0
ham,stdtxtrate,tfidf__stdtxtrate,tfidf,0.0
ham,stdtxtrate reply,tfidf__stdtxtrate reply,tfidf,0.0
ham,step,tfidf__step,tfidf,0.0
ham,step service,tfidf__step service,tfidf,0.0
ham,stock quotes,tfidf__stock quotes,tfidf,0.0
ham,stop 62468,tfidf__stop 62468,tfidf,0.0
ham,stop bootydelious,tfidf__stop bootydelious,tfidf,0.0
ham,stop end,tfidf__stop end,tfidf,0.0
ham,stop go2,tfidf__stop go2,tfidf,0.0
ham,stop help08714742804,tfidf__stop help08714742804,tfidf,0.0
ham,stop mix,tfidf__stop mix,tfidf,0.0
ham,stop msg,tfidf__stop msg,tfidf,0.0
ham,stop stopcost,tfidf__stop stopcost,tfidf,0.0
ham,stop txts,tfidf__stop txts,tfidf,0.0
ham,stopcost,tfidf__stopcost,tfidf,0.0
ham,stopcost 150p,tfidf__stopcost 150p,tfidf,0.0
ham,stopsms,tfidf__stopsms,tfidf,0.0
ham,stopsms 08,tfidf__stopsms 08,tfidf,0.0
ham,stopsms 08718727870150ppm,tfidf__stopsms 08718727870150ppm,tfidf,0.0
ham,store 88039,tfidf__store 88039,tfidf,0.0
ham,store download,tfidf__store download,tfidf,0.0
ham,store reply,tfidf__store reply,tfidf,0.0
ham,strong,tfidf__strong,tfidf,0.0
ham,study,tfidf__study,tfidf,0.0
ham,sub 16,tfidf__sub 16,tfidf,0.0
ham,subscribe,tfidf__subscribe,tfidf,0.0
ham,subscribe weekly,tfidf__subscribe weekly,tfidf,0.0
ham,subscriber ur,tfidf__subscriber ur,tfidf,0.0
ham,succeed 000,tfidf__succeed 000,tfidf,0.0
ham,suggest,tfidf__suggest,tfidf,0.0
ham,suite 373,tfidf__suite 373,tfidf,0.0
ham,summer,tfidf__summer,tfidf,0.0
ham,summer free,tfidf__summer free,tfidf,0.0
ham,summers,tfidf__summers,tfidf,0.0
ham,summers finally,tfidf__summers finally,tfidf,0.0
ham,sun0819,tfidf__sun0819,tfidf,0.0
ham,sun0819 posts,tfidf__sun0819 posts,tfidf,0.0
ham,sunshine hols,tfidf__sunshine hols,tfidf,0.0
ham,super,tfidf__super,tfidf,0.0
ham,suprman,tfidf__suprman,tfidf,0.0
ham,suprman matrix3,tfidf__suprman matrix3,tfidf,0.0
ham,surprise look,tfidf__surprise look,tfidf,0.0
ham,suspend,tfidf__suspend,tfidf,0.0
ham,suspend pay,tfidf__suspend pay,tfidf,0.0
ham,sw7,tfidf__sw7,tfidf,0.0
ham,sw7 3ss,tfidf__sw7 3ss,tfidf,0.0
ham,swat,tfidf__swat,tfidf,0.0
ham,swat wkend,tfidf__swat wkend,tfidf,0.0
ham,swayamvara,tfidf__swayamvara,tfidf,0.0
ham,t0day's,tfidf__t0day's,tfidf,0.0
ham,t0day's draw,tfidf__t0day's draw,tfidf,0.0
ham,tag,tfidf__tag,tfidf,0.0
ham,tag cost,tfidf__tag cost,tfidf,0.0
ham,tap,tfidf__tap,tfidf,0.0
ham,tax return,tfidf__tax return,tfidf,0.0
ham,tb ok,tfidf__tb ok,tfidf,0.0
ham,tcs,tfidf__tcs,tfidf,0.0
ham,tcs sae,tfidf__tcs sae,tfidf,0.0
ham,team india,tfidf__team india,tfidf,0.0
ham,term,tfidf__term,tfidf,0.0
ham,term 54,tfidf__term 54,tfidf,0.0
ham,termsapply,tfidf__termsapply,tfidf,0.0
ham,text banneduk,tfidf__text banneduk,tfidf,0.0
ham,text free,tfidf__text free,tfidf,0.0
ham,text mad1,tfidf__text mad1,tfidf,0.0
ham,text mad2,tfidf__text mad2,tfidf,0.0
ham,text new,tfidf__text new,tfidf,0.0
ham,text ok,tfidf__text ok,tfidf,0.0
ham,text pounds,tfidf__text pounds,tfidf,0.0
ham,text rally,tfidf__text rally,tfidf,0.0
ham,text store,tfidf__text store,tfidf,0.0
ham,text tone,tfidf__text tone,tfidf,0.0
ham,text urltoken,tfidf__text urltoken,tfidf,0.0
ham,text valid,tfidf__text valid,tfidf,0.0
ham,text wanna,tfidf__text wanna,tfidf,0.0
ham,text wap,tfidf__text wap,tfidf,0.0
ham,text word,tfidf__text word,tfidf,0.0
ham,text you're,tfidf__text you're,tfidf,0.0
ham,textand,tfidf__textand,tfidf,0.0
ham,textand new,tfidf__textand new,tfidf,0.0
ham,textpod,tfidf__textpod,tfidf,0.0
ham,textpod chance,tfidf__textpod chance,tfidf,0.0
ham,texts text,tfidf__texts text,tfidf,0.0
ham,thank paytm,tfidf__thank paytm,tfidf,0.0
ham,thanks good,tfidf__thanks good,tfidf,0.0
ham,thanks purchase,tfidf__thanks purchase,tfidf,0.0
ham,thanks vote,tfidf__thanks vote,tfidf,0.0
ham,theft,tfidf__theft,tfidf,0.0
ham,theft secure,tfidf__theft secure,tfidf,0.0
ham,themob,tfidf__themob,tfidf,0.0
ham,themob help,tfidf__themob help,tfidf,0.0
ham,threshold,tfidf__threshold,tfidf,0.0
ham,threshold rs,tfidf__threshold rs,tfidf,0.0
ham,tickets phonetoken,tfidf__tickets phonetoken,tfidf,0.0
ham,tid,tfidf__tid,tfidf,0.0
ham,tid phonetoken,tfidf__tid phonetoken,tfidf,0.0
ham,time calls1,tfidf__time calls1,tfidf,0.0
ham,time i'm,tfidf__time i'm,tfidf,0.0
ham,time wanna,tfidf__time wanna,tfidf,0.0
ham,times,tfidf__times,tfidf,0.0
ham,times universal,tfidf__times universal,tfidf,0.0
ham,title,tfidf__title,tfidf,0.0
ham,title 8007,tfidf__title 8007,tfidf,0.0
ham,tnc,tfidf__tnc,tfidf,0.0
ham,tnc urltoken,tfidf__tnc urltoken,tfidf,0.0
ham,today homes,tfidf__today homes,tfidf,0.0
ham,today's offer,tfidf__today's offer,tfidf,0.0
ham,todays hindustan,tfidf__todays hindustan,tfidf,0.0
ham,tomo,tfidf__tomo,tfidf,0.0
ham,tomorrow 100,tfidf__tomorrow 100,tfidf,0.0
ham,tone charity,tfidf__tone charity,tfidf,0.0
ham,tone dracula,tfidf__tone dracula,tfidf,0.0
ham,tone flag,tfidf__tone flag,tfidf,0.0
ham,tone reply,tfidf__tone reply,tfidf,0.0
ham,tone title,tfidf__tone title,tfidf,0.0
ham,tones 4u,tfidf__tones 4u,tfidf,0.0
ham,tones gossip,tfidf__tones gossip,tfidf,0.0
ham,tones include,tfidf__tones include,tfidf,0.0
ham,tones ready,tfidf__tones ready,tfidf,0.0
ham,tones reply,tfidf__tones reply,tfidf,0.0
ham,tones2u,tfidf__tones2u,tfidf,0.0
ham,tones2u text,tfidf__tones2u text,tfidf,0.0
ham,tonights,tfidf__tonights,tfidf,0.0
ham,tonights game,tfidf__tonights game,tfidf,0.0
ham,took,tfidf__took,tfidf,0.0
ham,tooth,tfidf__tooth,tfidf,0.0
ham,tooth free,tfidf__tooth free,tfidf,0.0
ham,total,tfidf__total,tfidf,0.0
ham,touch claim,tfidf__touch claim,tfidf,0.0
ham,touch reply,tfidf__touch reply,tfidf,0.0
ham,track,tfidf__track,tfidf,0.0
ham,track portfolio,tfidf__track portfolio,tfidf,0.0
ham,tracks,tfidf__tracks,tfidf,0.0
ham,tracks nokia,tfidf__tracks nokia,tfidf,0.0
ham,traders,tfidf__traders,tfidf,0.0
ham,traders stockists,tfidf__traders stockists,tfidf,0.0
ham,transmit,tfidf__transmit,tfidf,0.0
ham,treat,tfidf__treat,tfidf,0.0
ham,trebles,tfidf__trebles,tfidf,0.0
ham,trial urltoken,tfidf__trial urltoken,tfidf,0.0
ham,tried reply,tfidf__tried reply,tfidf,0.0
ham,true pix,tfidf__true pix,tfidf,0.0
ham,truly,tfidf__truly,tfidf,0.0
ham,truly special,tfidf__truly special,tfidf,0.0
ham,try today,tfidf__try today,tfidf,0.0
ham,trying contact,tfidf__trying contact,tfidf,0.0
ham,tscs08714740323,tfidf__tscs08714740323,tfidf,0.0
ham,tscs08714740323 1winawk,tfidf__tscs08714740323 1winawk,tfidf,0.0
ham,tulip,tfidf__tulip,tfidf,0.0
ham,tulip lily,tfidf__tulip lily,tfidf,0.0
ham,turn,tfidf__turn,tfidf,0.0
ham,turn 20l,tfidf__turn 20l,tfidf,0.0
ham,tv channels,tfidf__tv channels,tfidf,0.0
ham,tv urltoken,tfidf__tv urltoken,tfidf,0.0
ham,txt 84025,tfidf__txt 84025,tfidf,0.0
ham,txt action,tfidf__txt action,tfidf,0.0
ham,txt answer,tfidf__txt answer,tfidf,0.0
ham,txt finish,tfidf__txt finish,tfidf,0.0
ham,txt nok,tfidf__txt nok,tfidf,0.0
ham,txt orange,tfidf__txt orange,tfidf,0.0
ham,txt play,tfidf__txt play,tfidf,0.0
ham,txt pod,tfidf__txt pod,tfidf,0.0
ham,txt tone,tfidf__txt tone,tfidf,0.0
ham,txts 6monthsavailable,tfidf__txts 6monthsavailable,tfidf,0.0
ham,txts mobileupd8,tfidf__txts mobileupd8,tfidf,0.0
ham,txts orange,tfidf__txts orange,tfidf,0.0
ham,txtx,tfidf__txtx,tfidf,0.0
ham,txtx stop,tfidf__txtx stop,tfidf,0.0
ham,type,tfidf__type,tfidf,0.0
ham,uk 10,tfidf__uk 10,tfidf,0.0
ham,uk po,tfidf__uk po,tfidf,0.0
ham,uk's fastest,tfidf__uk's fastest,tfidf,0.0
ham,ululate,tfidf__ululate,tfidf,0.0
ham,ululate mourn,tfidf__ululate mourn,tfidf,0.0
ham,unauthorized,tfidf__unauthorized,tfidf,0.0
ham,unauthorized person,tfidf__unauthorized person,tfidf,0.0
ham,unitech,tfidf__unitech,tfidf,0.0
ham,unitech offers,tfidf__unitech offers,tfidf,0.0
ham,united,tfidf__united,tfidf,0.0
ham,united kingdom,tfidf__united kingdom,tfidf,0.0
ham,universal,tfidf__universal,tfidf,0.0
ham,universal group,tfidf__universal group,tfidf,0.0
ham,unloosen phonetoken,tfidf__unloosen phonetoken,tfidf,0.0
ham,unsubscribe mob,tfidf__unsubscribe mob,tfidf,0.0
ham,update or2stoptxt,tfidf__update or2stoptxt,tfidf,0.0
ham,update unloosen,tfidf__update unloosen,tfidf,0.0
ham,upgrade loyalty,tfidf__upgrade loyalty,tfidf,0.0
ham,upgrdcentre,tfidf__upgrdcentre,tfidf,0.0
ham,upgrdcentre orange,tfidf__upgrdcentre orange,tfidf,0.0
ham,ur 250,tfidf__ur 250,tfidf,0.0
ham,ur 350,tfidf__ur 350,tfidf,0.0
ham,ur club,tfidf__ur club,tfidf,0.0
ham,ur draw,tfidf__ur draw,tfidf,0.0
ham,ur fone,tfidf__ur fone,tfidf,0.0
ham,ur games,tfidf__ur games,tfidf,0.0
ham,ur grant,tfidf__ur grant,tfidf,0.0
ham,ur m8s,tfidf__ur m8s,tfidf,0.0
ham,ur med,tfidf__ur med,tfidf,0.0
ham,ur mins,tfidf__ur mins,tfidf,0.0
ham,ur number,tfidf__ur number,tfidf,0.0
ham,urgent 2nd,tfidf__urgent 2nd,tfidf,0.0
ham,urgent costa,tfidf__urgent costa,tfidf,0.0
ham,urgent exist,tfidf__urgent exist,tfidf,0.0
ham,urgent message,tfidf__urgent message,tfidf,0.0
ham,urgent trying,tfidf__urgent trying,tfidf,0.0
ham,urgent ur,tfidf__urgent ur,tfidf,0.0
ham,urltoken 150ppmmobilesvary,tfidf__urltoken 150ppmmobilesvary,tfidf,0.0
ham,urltoken 18,tfidf__urltoken 18,tfidf,0.0
ham,urltoken 220,tfidf__urltoken 220,tfidf,0.0
ham,urltoken 50p,tfidf__urltoken 50p,tfidf,0.0
ham,urltoken activate,tfidf__urltoken activate,tfidf,0.0
ham,urltoken agni,tfidf__urltoken agni,tfidf,0.0
ham,urltoken apply,tfidf__urltoken apply,tfidf,0.0
ham,urltoken blackberry,tfidf__urltoken blackberry,tfidf,0.0
ham,urltoken book,tfidf__urltoken book,tfidf,0.0
ham,urltoken claim,tfidf__urltoken claim,tfidf,0.0
ham,urltoken custcare,tfidf__urltoken custcare,tfidf,0.0
ham,urltoken dear,tfidf__urltoken dear,tfidf,0.0
ham,urltoken download,tfidf__urltoken download,tfidf,0.0
ham,urltoken embody,tfidf__urltoken embody,tfidf,0.0
ham,urltoken itcould,tfidf__urltoken itcould,tfidf,0.0
ham,urltoken lots,tfidf__urltoken lots,tfidf,0.0
ham,urltoken mobile,tfidf__urltoken mobile,tfidf,0.0
ham,urltoken mymoby,tfidf__urltoken mymoby,tfidf,0.0
ham,urltoken original,tfidf__urltoken original,tfidf,0.0
ham,urltoken ph,tfidf__urltoken ph,tfidf,0.0
ham,urltoken pobox36504w45wq,tfidf__urltoken pobox36504w45wq,tfidf,0.0
ham,urltoken replys150,tfidf__urltoken replys150,tfidf,0.0
ham,urltoken share,tfidf__urltoken share,tfidf,0.0
ham,urltoken skillgame,tfidf__urltoken skillgame,tfidf,0.0
ham,urltoken sms,tfidf__urltoken sms,tfidf,0.0
ham,use sauna,tfidf__use sauna,tfidf,0.0
ham,use web2mobile,tfidf__use web2mobile,tfidf,0.0
ham,used phonetoken,tfidf__used phonetoken,tfidf,0.0
ham,using,tfidf__using,tfidf,0.0
ham,valid 12hours,tfidf__valid 12hours,tfidf,0.0
ham,valid house,tfidf__valid house,tfidf,0.0
ham,valued inr,tfidf__valued inr,tfidf,0.0
ham,vary,tfidf__vary,tfidf,0.0
ham,vary mobiles,tfidf__vary mobiles,tfidf,0.0
ham,vary service,tfidf__vary service,tfidf,0.0
ham,vat,tfidf__vat,tfidf,0.0
ham,vat return,tfidf__vat return,tfidf,0.0
ham,vibration,tfidf__vibration,tfidf,0.0
ham,vibration belt,tfidf__vibration belt,tfidf,0.0
ham,vibration sauna,tfidf__vibration sauna,tfidf,0.0
ham,video camera,tfidf__video camera,tfidf,0.0
ham,video clip,tfidf__video clip,tfidf,0.0
ham,video mmsto,tfidf__video mmsto,tfidf,0.0
ham,video mobile,tfidf__video mobile,tfidf,0.0
ham,video phone750,tfidf__video phone750,tfidf,0.0
ham,videos urltoken,tfidf__videos urltoken,tfidf,0.0
ham,viha,tfidf__viha,tfidf,0.0
ham,villa,tfidf__villa,tfidf,0.0
ham,villa 87077,tfidf__villa 87077,tfidf,0.0
ham,village,tfidf__village,tfidf,0.0
ham,village 83118,tfidf__village 83118,tfidf,0.0
ham,violet,tfidf__violet,tfidf,0.0
ham,violet tulip,tfidf__violet tulip,tfidf,0.0
ham,vishal,tfidf__vishal,tfidf,0.0
ham,vishal batra,tfidf__vishal batra,tfidf,0.0
ham,voicemail,tfidf__voicemail,tfidf,0.0
ham,voicemail phonetoken,tfidf__voicemail phonetoken,tfidf,0.0
ham,vote,tfidf__vote,tfidf,0.0
ham,voucher entered,tfidf__voucher entered,tfidf,0.0
ham,voucher phonetoken,tfidf__voucher phonetoken,tfidf,0.0
ham,vouchers text,tfidf__vouchers text,tfidf,0.0
ham,vouchers won,tfidf__vouchers won,tfidf,0.0
ham,vs netherlands,tfidf__vs netherlands,tfidf,0.0
ham,vu,tfidf__vu,tfidf,0.0
ham,vu bcm1896wc1n3xx,tfidf__vu bcm1896wc1n3xx,tfidf,0.0
ham,w1j,tfidf__w1j,tfidf,0.0
ham,w1j 6hl,tfidf__w1j 6hl,tfidf,0.0
ham,w1jhl,tfidf__w1jhl,tfidf,0.0
ham,w1jhl 16,tfidf__w1jhl 16,tfidf,0.0
ham,w4,tfidf__w4,tfidf,0.0
ham,w4 5wq,tfidf__w4 5wq,tfidf,0.0
ham,w8in,tfidf__w8in,tfidf,0.0
ham,w8in 4utxt,tfidf__w8in 4utxt,tfidf,0.0
ham,waiting computer,tfidf__waiting computer,tfidf,0.0
ham,wake,tfidf__wake,tfidf,0.0
ham,walk,tfidf__walk,tfidf,0.0
ham,wallet,tfidf__wallet,tfidf,0.0
ham,wan2 win,tfidf__wan2 win,tfidf,0.0
ham,wanna chat,tfidf__wanna chat,tfidf,0.0
ham,wanna cum,tfidf__wanna cum,tfidf,0.0
ham,want 750,tfidf__want 750,tfidf,0.0
ham,want funk,tfidf__want funk,tfidf,0.0
ham,want xmas,tfidf__want xmas,tfidf,0.0
ham,wap 82468,tfidf__wap 82468,tfidf,0.0
ham,warner,tfidf__warner,tfidf,0.0
ham,warner village,tfidf__warner village,tfidf,0.0
ham,wat doing,tfidf__wat doing,tfidf,0.0
ham,watch 90,tfidf__watch 90,tfidf,0.0
ham,watch live,tfidf__watch live,tfidf,0.0
ham,way today,tfidf__way today,tfidf,0.0
ham,wc1n3xx,tfidf__wc1n3xx,tfidf,0.0
ham,web2mobile,tfidf__web2mobile,tfidf,0.0
ham,web2mobile ur,tfidf__web2mobile ur,tfidf,0.0
ham,week 16,tfidf__week 16,tfidf,0.0
ham,week entry,tfidf__week entry,tfidf,0.0
ham,week initiate,tfidf__week initiate,tfidf,0.0
ham,week phonetoken,tfidf__week phonetoken,tfidf,0.0
ham,week's word,tfidf__week's word,tfidf,0.0
ham,weekend urltoken,tfidf__weekend urltoken,tfidf,0.0
ham,weekend's,tfidf__weekend's,tfidf,0.0
ham,weekly 2006,tfidf__weekly 2006,tfidf,0.0
ham,weekly comp,tfidf__weekly comp,tfidf,0.0
ham,weekly competition,tfidf__weekly competition,tfidf,0.0
ham,weekly cool,tfidf__weekly cool,tfidf,0.0
ham,weekly new,tfidf__weekly new,tfidf,0.0
ham,weeks completely,tfidf__weeks completely,tfidf,0.0
ham,weeks new,tfidf__weeks new,tfidf,0.0
ham,weeks pls,tfidf__weeks pls,tfidf,0.0
ham,weeks prize,tfidf__weeks prize,tfidf,0.0
ham,welcome weekend,tfidf__welcome weekend,tfidf,0.0
ham,what's,tfidf__what's,tfidf,0.0
ham,whats no1,tfidf__whats no1,tfidf,0.0
ham,wicklow,tfidf__wicklow,tfidf,0.0
ham,wicklow eire,tfidf__wicklow eire,tfidf,0.0
ham,wid frnd,tfidf__wid frnd,tfidf,0.0
ham,wid ur,tfidf__wid ur,tfidf,0.0
ham,win 200,tfidf__win 200,tfidf,0.0
ham,win 40gb,tfidf__win 40gb,tfidf,0.0
ham,win 80086,tfidf__win 80086,tfidf,0.0
ham,win ipad,tfidf__win ipad,tfidf,0.0
ham,win lotr,tfidf__win lotr,tfidf,0.0
ham,win meet,tfidf__win meet,tfidf,0.0
ham,win tickets,tfidf__win tickets,tfidf,0.0
ham,wings,tfidf__wings,tfidf,0.0
ham,winner ave,tfidf__winner ave,tfidf,0.0
ham,winner specially,tfidf__winner specially,tfidf,0.0
ham,wiv,tfidf__wiv,tfidf,0.0
ham,wk box139,tfidf__wk box139,tfidf,0.0
ham,wkend,tfidf__wkend,tfidf,0.0
ham,wkend warner,tfidf__wkend warner,tfidf,0.0
ham,won 1450,tfidf__won 1450,tfidf,0.0
ham,won play,tfidf__won play,tfidf,0.0
ham,won't,tfidf__won't,tfidf,0.0
ham,word enter,tfidf__word enter,tfidf,0.0
ham,word i'd,tfidf__word i'd,tfidf,0.0
ham,word win,tfidf__word win,tfidf,0.0
ham,words,tfidf__words,tfidf,0.0
ham,world cup,tfidf__world cup,tfidf,0.0
ham,wow just,tfidf__wow just,tfidf,0.0
ham,wrc,tfidf__wrc,tfidf,0.0
ham,wrc rally,tfidf__wrc rally,tfidf,0.0
ham,www,tfidf__www,tfidf,0.0
ham,www music,tfidf__www music,tfidf,0.0
ham,x29,tfidf__x29,tfidf,0.0
ham,x29 mobile,tfidf__x29 mobile,tfidf,0.0
ham,xmas eve,tfidf__xmas eve,tfidf,0.0
ham,xmas iscoming,tfidf__xmas iscoming,tfidf,0.0
ham,xmas offer,tfidf__xmas offer,tfidf,0.0
ham,xmas prize,tfidf__xmas prize,tfidf,0.0
ham,xmas reward,tfidf__xmas reward,tfidf,0.0
ham,xmas tones,tfidf__xmas tones,tfidf,0.0
ham,xx calls,tfidf__xx calls,tfidf,0.0
ham,xxsp,tfidf__xxsp,tfidf,0.0
ham,xxsp urltoken,tfidf__xxsp urltoken,tfidf,0.0
ham,xxx std,tfidf__xxx std,tfidf,0.0
ham,xxxx,tfidf__xxxx,tfidf,0.0
ham,xxxx selected,tfidf__xxxx selected,tfidf,0.0
ham,yards,tfidf__yards,tfidf,0.0
ham,yards pass,tfidf__yards pass,tfidf,0.0
ham,year special,tfidf__year special,tfidf,0.0
ham,yell customer,tfidf__yell customer,tfidf,0.0
ham,yer,tfidf__yer,tfidf,0.0
ham,yer mobile,tfidf__yer mobile,tfidf,0.0
ham,yes 440,tfidf__yes 440,tfidf,0.0
ham,yes msg,tfidf__yes msg,tfidf,0.0
ham,yhl,tfidf__yhl,tfidf,0.0
ham,yield,tfidf__yield,tfidf,0.0
ham,ynd,tfidf__ynd,tfidf,0.0
ham,ynd 53030,tfidf__ynd 53030,tfidf,0.0
ham,yo,tfidf__yo,tfidf,0.0
ham,yoko,tfidf__yoko,tfidf,0.0
ham,yoko phonetoken,tfidf__yoko phonetoken,tfidf,0.0
ham,you've won,tfidf__you've won,tfidf,0.0
ham,yourinclusive,tfidf__yourinclusive,tfidf,0.0
ham,yourinclusive text,tfidf__yourinclusive text,tfidf,0.0
ham,yr area,tfidf__yr area,tfidf,0.0
ham,yr prize,tfidf__yr prize,tfidf,0.0
ham,yrs free,tfidf__yrs free,tfidf,0.0
ham,zed phonetoken,tfidf__zed phonetoken,tfidf,0.0
smishing,PHONE,numeric__PHONE,structured,0.8386096682162101
smishing,phone_count,numeric__phone_count,structured,0.7140703287082685
smishing,URL,numeric__URL,structured,0.629550327620429
smishing,url_count,numeric__url_count,structured,0.27036595955755083
smishing,claim,tfidf__claim,tfidf,0.06806678177051252
smishing,prize,tfidf__prize,tfidf,0.040302657008828104
smishing,ingest,tfidf__ingest,tfidf,0.035345848970133015
smishing,customer,tfidf__customer,tfidf,0.029925086430749506
smishing,embody,tfidf__embody,tfidf,0.02648928176756085
smishing,phonetoken,tfidf__phonetoken,tfidf,0.02633671203934622
smishing,mobile,tfidf__mobile,tfidf,0.025151157136687082
smishing,contact,tfidf__contact,tfidf,0.023111025974258854
smishing,message,tfidf__message,tfidf,0.02134703605462745
smishing,EMAIL,numeric__EMAIL,structured,0.018423884118350643
smishing,email_count,numeric__email_count,structured,0.018423884118350643
smishing,good,tfidf__good,tfidf,0.018180183307081627
smishing,won,tfidf__won,tfidf,0.018084870906890954
smishing,500,tfidf__500,tfidf,0.01735398139516665
smishing,000,tfidf__000,tfidf,0.01631453790685813
smishing,just,tfidf__just,tfidf,0.015018381968337014
smishing,exist,tfidf__exist,tfidf,0.01358673139352786
smishing,urltoken,tfidf__urltoken,tfidf,0.013118667811382673
smishing,receive,tfidf__receive,tfidf,0.012967678696078004
smishing,ok,tfidf__ok,tfidf,0.012952175734918905
smishing,congratulations,tfidf__congratulations,tfidf,0.012683322747285893
smishing,txt,tfidf__txt,tfidf,0.012388930252757413
smishing,thanks,tfidf__thanks,tfidf,0.011891039573540976
smishing,tone,tfidf__tone,tfidf,0.01157781081139504
smishing,1000,tfidf__1000,tfidf,0.011473280355838621
smishing,cash,tfidf__cash,tfidf,0.011098394851546015
smishing,sms,tfidf__sms,tfidf,0.01081270199836978
smishing,know,tfidf__know,tfidf,0.01077494654433786
smishing,reply,tfidf__reply,tfidf,0.010598234513209905
smishing,update,tfidf__update,tfidf,0.01053025568811356
smishing,send,tfidf__send,tfidf,0.010493685256539705
smishing,opt,tfidf__opt,tfidf,0.010189549124115982
smishing,prize claim,tfidf__prize claim,tfidf,0.009828143193261115
smishing,text,tfidf__text,tfidf,0.00978705014291365
smishing,experience,tfidf__experience,tfidf,0.009628751895988179
smishing,like,tfidf__like,tfidf,0.009193808719518266
smishing,winner,tfidf__winner,tfidf,0.009048613122351475
smishing,apple,tfidf__apple,tfidf,0.008840202444905137
smishing,ur,tfidf__ur,tfidf,0.00883612207144286
smishing,phone,tfidf__phone,tfidf,0.008687921109043161
smishing,hope,tfidf__hope,tfidf,0.008649513176405702
smishing,month,tfidf__month,tfidf,0.008617409808213034
smishing,50,tfidf__50,tfidf,0.008453112124183832
smishing,new,tfidf__new,tfidf,0.00841301305384505
smishing,stop,tfidf__stop,tfidf,0.00827885913094805
smishing,time,tfidf__time,tfidf,0.00792600733093767
smishing,live operator,tfidf__live operator,tfidf,0.007904736187626658
smishing,urgent,tfidf__urgent,tfidf,0.007814191927734238
smishing,card,tfidf__card,tfidf,0.007811527036652444
smishing,holiday,tfidf__holiday,tfidf,0.007656430102454069
smishing,speak live,tfidf__speak live,tfidf,0.007579881604228942
smishing,discount,tfidf__discount,tfidf,0.007573671279020736
smishing,speak,tfidf__speak,tfidf,0.007499382407284006
smishing,account,tfidf__account,tfidf,0.0074368371875474645
smishing,camera,tfidf__camera,tfidf,0.007430589073981504
smishing,operator,tfidf__operator,tfidf,0.0070027328524878965
smishing,nokia,tfidf__nokia,tfidf,0.0069813655815950905
smishing,tones,tfidf__tones,tfidf,0.006910114385523603
smishing,activate,tfidf__activate,tfidf,0.0067988497075291915
smishing,unsubscribe,tfidf__unsubscribe,tfidf,0.006796231678329761
smishing,code,tfidf__code,tfidf,0.006781997539070535
smishing,week,tfidf__week,tfidf,0.006741616959362819
smishing,emailtoken,tfidf__emailtoken,tfidf,0.00667198552060711
smishing,free phonetoken,tfidf__free phonetoken,tfidf,0.006638389430973805
smishing,selected,tfidf__selected,tfidf,0.006553125210609839
smishing,http,tfidf__http,tfidf,0.006544400530593576
smishing,message phonetoken,tfidf__message phonetoken,tfidf,0.006506523913713893
smishing,ready,tfidf__ready,tfidf,0.0064328163913827405
smishing,collect,tfidf__collect,tfidf,0.006420431702180228
smishing,wk,tfidf__wk,tfidf,0.00639726499562813
smishing,friend,tfidf__friend,tfidf,0.006355319895563054
smishing,urltoken urltoken,tfidf__urltoken urltoken,tfidf,0.005989535848697003
smishing,paytm,tfidf__paytm,tfidf,0.005834287765490875
smishing,think,tfidf__think,tfidf,0.005788707647595118
smishing,calls,tfidf__calls,tfidf,0.00578530608555735
smishing,guaranteed,tfidf__guaranteed,tfidf,0.005754307985773047
smishing,msg,tfidf__msg,tfidf,0.005734456007205682
smishing,life,tfidf__life,tfidf,0.005703378608066425
smishing,operator claim,tfidf__operator claim,tfidf,0.005641198000533424
smishing,vouchers,tfidf__vouchers,tfidf,0.005610460897719948
smishing,leave,tfidf__leave,tfidf,0.005532198958272162
smishing,news,tfidf__news,tfidf,0.005276214171304399
smishing,dear,tfidf__dear,tfidf,0.005275854700013755
smishing,delivery,tfidf__delivery,tfidf,0.005251836484438358
smishing,landline,tfidf__landline,tfidf,0.0052107429481260325
smishing,today,tfidf__today,tfidf,0.00516392368722848
smishing,link,tfidf__link,tfidf,0.00510975539300094
smishing,game,tfidf__game,tfidf,0.005069427324319688
smishing,new message,tfidf__new message,tfidf,0.005043848041320174
smishing,come,tfidf__come,tfidf,0.004999646382906138
smishing,going,tfidf__going,tfidf,0.0049577061836802196
smishing,year,tfidf__year,tfidf,0.004853198149196336
smishing,wish,tfidf__wish,tfidf,0.0048362064905374934
smishing,award,tfidf__award,tfidf,0.0048337044739394245
smishing,price,tfidf__price,tfidf,0.004791392721384079
smishing,free,tfidf__free,tfidf,0.004790731071056676
smishing,gift,tfidf__gift,tfidf,0.004746265369541331
smishing,min 18,tfidf__min 18,tfidf,0.004744672170551885
smishing,help,tfidf__help,tfidf,0.004682028527145946
smishing,double,tfidf__double,tfidf,0.00463495218478084
smishing,road,tfidf__road,tfidf,0.004574314225709172
smishing,cs,tfidf__cs,tfidf,0.0045597111794397835
smishing,love,tfidf__love,tfidf,0.004552260424642857
smishing,2000,tfidf__2000,tfidf,0.004516687512062627
smishing,people,tfidf__people,tfidf,0.0044565435562015625
smishing,club,tfidf__club,tfidf,0.00443501620889494
smishing,advance,tfidf__advance,tfidf,0.004430635983292271
smishing,possess,tfidf__possess,tfidf,0.004413246349933075
smishing,attempt,tfidf__attempt,tfidf,0.004408504320837447
smishing,ask,tfidf__ask,tfidf,0.004341685157412612
smishing,dont,tfidf__dont,tfidf,0.004341491179651567
smishing,email emailtoken,tfidf__email emailtoken,tfidf,0.00433207195070892
smishing,days,tfidf__days,tfidf,0.0043226037057906555
smishing,live,tfidf__live,tfidf,0.004313257022606118
smishing,chat,tfidf__chat,tfidf,0.004279382542729983
smishing,night,tfidf__night,tfidf,0.004199423792226634
smishing,want,tfidf__want,tfidf,0.004195627497175588
smishing,need,tfidf__need,tfidf,0.004179852615922054
smishing,hi,tfidf__hi,tfidf,0.004154529181534308
smishing,bring,tfidf__bring,tfidf,0.004122495679845082
smishing,selected receive,tfidf__selected receive,tfidf,0.004101859319337368
smishing,help phonetoken,tfidf__help phonetoken,tfidf,0.004093271335808884
smishing,got,tfidf__got,tfidf,0.004088339980895736
smishing,meet,tfidf__meet,tfidf,0.004073731275334785
smishing,heart,tfidf__heart,tfidf,0.00401854389701428
smishing,latest,tfidf__latest,tfidf,0.004004033166952194
smishing,specially,tfidf__specially,tfidf,0.0039740475916695776
smishing,draw,tfidf__draw,tfidf,0.003965389778891721
smishing,great,tfidf__great,tfidf,0.003936495623969412
smishing,camcorder,tfidf__camcorder,tfidf,0.003906425976419375
smishing,cost,tfidf__cost,tfidf,0.0038733657420733834
smishing,1000 cash,tfidf__1000 cash,tfidf,0.00386859541704706
smishing,grant,tfidf__grant,tfidf,0.003832332870856485
smishing,i'll,tfidf__i'll,tfidf,0.003793660364248316
smishing,secure,tfidf__secure,tfidf,0.003770328897242671
smishing,week just,tfidf__week just,tfidf,0.0037332898728951883
smishing,comp,tfidf__comp,tfidf,0.003725550701852433
smishing,00,tfidf__00,tfidf,0.0036883444255013257
smishing,awarded,tfidf__awarded,tfidf,0.003682750250793184
smishing,noida,tfidf__noida,tfidf,0.003668501887894884
smishing,money,tfidf__money,tfidf,0.0036214018407489897
smishing,texts,tfidf__texts,tfidf,0.003603723778190131
smishing,bt,tfidf__bt,tfidf,0.0035470271687602275
smishing,dear customer,tfidf__dear customer,tfidf,0.003535730738919795
smishing,mins,tfidf__mins,tfidf,0.003501304142217437
smishing,arrogate,tfidf__arrogate,tfidf,0.0034959655780798632
smishing,2nd,tfidf__2nd,tfidf,0.0034631257888311394
smishing,evening,tfidf__evening,tfidf,0.00342351440296744
smishing,video,tfidf__video,tfidf,0.003418662348457403
smishing,texts phonetoken,tfidf__texts phonetoken,tfidf,0.0034150116551225247
smishing,important,tfidf__important,tfidf,0.0033312729628517937
smishing,admirer,tfidf__admirer,tfidf,0.0032602211493981165
smishing,reveal,tfidf__reveal,tfidf,0.0032602211493981165
smishing,secret admirer,tfidf__secret admirer,tfidf,0.0032602211493981165
smishing,special phonetoken,tfidf__special phonetoken,tfidf,0.0032602211493981165
smishing,review,tfidf__review,tfidf,0.0032514722520677894
smishing,atm,tfidf__atm,tfidf,0.0032207301937177122
smishing,new video,tfidf__new video,tfidf,0.0032092661643815484
smishing,sex,tfidf__sex,tfidf,0.0031738542029467786
smishing,job,tfidf__job,tfidf,0.0031586323799823834
smishing,right,tfidf__right,tfidf,0.0031582354499836303
smishing,receive 1000,tfidf__receive 1000,tfidf,0.0031575052666242497
smishing,did,tfidf__did,tfidf,0.0031359978350028374
smishing,08700621170150p,tfidf__08700621170150p,tfidf,0.003128303201439845
smishing,08700621170150p msg,tfidf__08700621170150p msg,tfidf,0.003128303201439845
smishing,netcollex,tfidf__netcollex,tfidf,0.003128303201439845
smishing,netcollex 08700621170150p,tfidf__netcollex 08700621170150p,tfidf,0.003128303201439845
smishing,online,tfidf__online,tfidf,0.003099086564091558
smishing,secret,tfidf__secret,tfidf,0.003086023938100819
smishing,points,tfidf__points,tfidf,0.00306267816899815
smishing,10p min,tfidf__10p min,tfidf,0.003045067929676663
smishing,chance,tfidf__chance,tfidf,0.0030228288750293536
smishing,id,tfidf__id,tfidf,0.003021379500969046
smishing,000 prize,tfidf__000 prize,tfidf,0.0030131149464699535
smishing,1st,tfidf__1st,tfidf,0.0030049777173251566
smishing,cash 000,tfidf__cash 000,tfidf,0.0029927607782029965
smishing,book,tfidf__book,tfidf,0.0029767620985848703
smishing,custcare,tfidf__custcare,tfidf,0.0029644509577347183
smishing,custcare phonetoken,tfidf__custcare phonetoken,tfidf,0.0029644509577347183
smishing,150,tfidf__150,tfidf,0.0029384190123192236
smishing,join,tfidf__join,tfidf,0.0029299233451854346
smishing,content,tfidf__content,tfidf,0.0029065829839401403
smishing,worth,tfidf__worth,tfidf,0.0028683651887279737
smishing,shop,tfidf__shop,tfidf,0.002865209666601604
smishing,18,tfidf__18,tfidf,0.002857732575928133
smishing,final,tfidf__final,tfidf,0.0028470434530507606
smishing,shows,tfidf__shows,tfidf,0.002833045731678288
smishing,don't,tfidf__don't,tfidf,0.002821132445554542
smishing,000 cash,tfidf__000 cash,tfidf,0.0028027664432584776
smishing,start,tfidf__start,tfidf,0.0027785736973742516
smishing,bt national,tfidf__bt national,tfidf,0.0027546869800075227
smishing,rs,tfidf__rs,tfidf,0.0026987282537351514
smishing,flights,tfidf__flights,tfidf,0.0026855412341926094
smishing,national rate,tfidf__national rate,tfidf,0.002675238926469641
smishing,log,tfidf__log,tfidf,0.002672028020750569
smishing,covid,tfidf__covid,tfidf,0.002651251254791705
smishing,covid 19,tfidf__covid 19,tfidf,0.002651251254791705
smishing,weekend,tfidf__weekend,tfidf,0.002649903155656256
smishing,http urltoken,tfidf__http urltoken,tfidf,0.002636336645592616
smishing,150p,tfidf__150p,tfidf,0.0026256001498038643
smishing,straight phone,tfidf__straight phone,tfidf,0.002616606988881707
smishing,you're,tfidf__you're,tfidf,0.002614596988529236
smishing,contact reveal,tfidf__contact reveal,tfidf,0.0026126183285456015
smishing,make contact,tfidf__make contact,tfidf,0.0026126183285456015
smishing,ur special,tfidf__ur special,tfidf,0.0026126183285456015
smishing,stop texts,tfidf__stop texts,tfidf,0.002602624311692883
smishing,gurgaon,tfidf__gurgaon,tfidf,0.0025707201621733614
smishing,oh,tfidf__oh,tfidf,0.00255461947431919
smishing,yesterday,tfidf__yesterday,tfidf,0.0025541857779537314
smishing,real,tfidf__real,tfidf,0.002552652545197024
smishing,survive,tfidf__survive,tfidf,0.002522298630088238
smishing,mr,tfidf__mr,tfidf,0.0025205314279905067
smishing,86688,tfidf__86688,tfidf,0.0025173987528530543
smishing,19,tfidf__19,tfidf,0.0024996902481732998
smishing,don't floppy,tfidf__don't floppy,tfidf,0.0024844264279807074
smishing,floppy,tfidf__floppy,tfidf,0.0024844264279807074
smishing,floppy snappy,tfidf__floppy snappy,tfidf,0.0024844264279807074
smishing,service photo,tfidf__service photo,tfidf,0.0024844264279807074
smishing,revealed,tfidf__revealed,tfidf,0.002475231725805869
smishing,national,tfidf__national,tfidf,0.0024638910191173823
smishing,refund,tfidf__refund,tfidf,0.0024499950705353917
smishing,best,tfidf__best,tfidf,0.0024305472643347914
smishing,16,tfidf__16,tfidf,0.002424996552002869
smishing,survive urltoken,tfidf__survive urltoken,tfidf,0.0024226169525991097
smishing,play,tfidf__play,tfidf,0.002422588445802342
smishing,number,tfidf__number,tfidf,0.0024180553067558383
smishing,numbers,tfidf__numbers,tfidf,0.0024028347749993186
smishing,private,tfidf__private,tfidf,0.0023987986330049667
smishing,double mins,tfidf__double mins,tfidf,0.002397722565108898
smishing,send customer,tfidf__send customer,tfidf,0.0023928976501255196
smishing,finish,tfidf__finish,tfidf,0.002377336318738822
smishing,flights speak,tfidf__flights speak,tfidf,0.0023699043122849934
smishing,holiday flights,tfidf__holiday flights,tfidf,0.0023699043122849934
smishing,straight,tfidf__straight,tfidf,0.0023385951497633603
smishing,specially selected,tfidf__specially selected,tfidf,0.0023323658211784797
smishing,email,tfidf__email,tfidf,0.0023251769877353843
smishing,true,tfidf__true,tfidf,0.002324046566037043
smishing,cd,tfidf__cd,tfidf,0.0023224106524911427
smishing,info,tfidf__info,tfidf,0.0023169886226747454
smishing,look,tfidf__look,tfidf,0.0023015172398108664
smishing,150 worth,tfidf__150 worth,tfidf,0.002278679529458784
smishing,ur 150,tfidf__ur 150,tfidf,0.002278679529458784
smishing,200,tfidf__200,tfidf,0.0022722450430692326
smishing,hmv,tfidf__hmv,tfidf,0.0022642952724987796
smishing,win,tfidf__win,tfidf,0.002239589010095259
smishing,upgrade,tfidf__upgrade,tfidf,0.002219589377415678
smishing,payment,tfidf__payment,tfidf,0.0022185364906186058
smishing,poly,tfidf__poly,tfidf,0.002209334226400497
smishing,bahamas,tfidf__bahamas,tfidf,0.0021855397908067103
smishing,really,tfidf__really,tfidf,0.002174873221184755
smishing,customer service,tfidf__customer service,tfidf,0.0021526418998004705
smishing,pick,tfidf__pick,tfidf,0.0021390886711648727
smishing,300,tfidf__300,tfidf,0.002137647166337738
smishing,lucky,tfidf__lucky,tfidf,0.002128552845424311
smishing,guess,tfidf__guess,tfidf,0.0021098798775337157
smishing,identifier,tfidf__identifier,tfidf,0.0021097645815236466
smishing,identifier code,tfidf__identifier code,tfidf,0.0021097645815236466
smishing,phonetoken identifier,tfidf__phonetoken identifier,tfidf,0.0021097645815236466
smishing,customer care,tfidf__customer care,tfidf,0.0021049955661969293
smishing,gr8,tfidf__gr8,tfidf,0.0021025617333272286
smishing,dating service,tfidf__dating service,tfidf,0.0020911563962532323
smishing,free camcorder,tfidf__free camcorder,tfidf,0.0020801708714947662
smishing,thanx,tfidf__thanx,tfidf,0.0020762829694469702
smishing,free texts,tfidf__free texts,tfidf,0.002070003276642643
smishing,400,tfidf__400,tfidf,0.0020668835896081607
smishing,way,tfidf__way,tfidf,0.0020644719461869986
smishing,loan,tfidf__loan,tfidf,0.0020552836284427963
smishing,click,tfidf__click,tfidf,0.0020513584817857017
smishing,phonetoken landline,tfidf__phonetoken landline,tfidf,0.002042098988020787
smishing,user,tfidf__user,tfidf,0.0020144894215963064
smishing,tell,tfidf__tell,tfidf,0.001994121806726943
smishing,weekly,tfidf__weekly,tfidf,0.0019932819882000907
smishing,enjoy,tfidf__enjoy,tfidf,0.0019819085561323525
smishing,00 000,tfidf__00 000,tfidf,0.001957156741611965
smishing,understand,tfidf__understand,tfidf,0.0019446678370212698
smishing,valued,tfidf__valued,tfidf,0.001943643867476955
smishing,atm card,tfidf__atm card,tfidf,0.001939753923856405
smishing,sec,tfidf__sec,tfidf,0.00193286058297914
smishing,wed,tfidf__wed,tfidf,0.0019222566331071951
smishing,freemsg,tfidf__freemsg,tfidf,0.0019066019628529705
smishing,81618,tfidf__81618,tfidf,0.0018920186410484564
smishing,subpoly,tfidf__subpoly,tfidf,0.0018920186410484564
smishing,subpoly 81618,tfidf__subpoly 81618,tfidf,0.0018920186410484564
smishing,pound,tfidf__pound,tfidf,0.0018901490017950015
smishing,complete,tfidf__complete,tfidf,0.001882614534249842
smishing,150p msg,tfidf__150p msg,tfidf,0.0018801021530095627
smishing,eve,tfidf__eve,tfidf,0.0018747669600447524
smishing,refused,tfidf__refused,tfidf,0.0018611010595943956
smishing,ur mobile,tfidf__ur mobile,tfidf,0.0018605560712737542
smishing,charge,tfidf__charge,tfidf,0.0018506363213690337
smishing,line phonetoken,tfidf__line phonetoken,tfidf,0.0018442824166864638
smishing,apply,tfidf__apply,tfidf,0.0018405982762950742
smishing,750,tfidf__750,tfidf,0.0018333914163037278
smishing,dating,tfidf__dating,tfidf,0.0018294556246225679
smishing,10p,tfidf__10p,tfidf,0.0018201211423298893
smishing,services phonetoken,tfidf__services phonetoken,tfidf,0.0018108009858214898
smishing,babes,tfidf__babes,tfidf,0.0018065944331870053
smishing,85023,tfidf__85023,tfidf,0.0017953463187425072
smishing,discount vouchers,tfidf__discount vouchers,tfidf,0.0017953463187425072
smishing,worth discount,tfidf__worth discount,tfidf,0.0017953463187425072
smishing,04,tfidf__04,tfidf,0.0017952334729087293
smishing,emailtoken phonetoken,tfidf__emailtoken phonetoken,tfidf,0.0017900993885229268
smishing,phone 750,tfidf__phone 750,tfidf,0.0017814044537124531
smishing,wot,tfidf__wot,tfidf,0.0017761316530708138
smishing,pls,tfidf__pls,tfidf,0.001774808956982809
smishing,350,tfidf__350,tfidf,0.001757964292094728
smishing,network,tfidf__network,tfidf,0.0017507269287755296
smishing,chance claim,tfidf__chance claim,tfidf,0.0017411244302086278
smishing,yeah,tfidf__yeah,tfidf,0.0017411144233088938
smishing,phonetoken claim,tfidf__phonetoken claim,tfidf,0.0017401207448170424
smishing,support,tfidf__support,tfidf,0.0017348335973637902
smishing,area,tfidf__area,tfidf,0.0017179779865767607
smishing,that's,tfidf__that's,tfidf,0.0017133591683154512
smishing,0871277810910p,tfidf__0871277810910p,tfidf,0.001711802139452577
smishing,0871277810910p min,tfidf__0871277810910p min,tfidf,0.001711802139452577
smishing,1000 holiday,tfidf__1000 holiday,tfidf,0.001711802139452577
smishing,claim 0871277810910p,tfidf__claim 0871277810910p,tfidf,0.001711802139452577
smishing,gift vouchers,tfidf__gift vouchers,tfidf,0.0017109620758530596
smishing,tonight,tfidf__tonight,tfidf,0.001707448346268898
smishing,ph,tfidf__ph,tfidf,0.0017073787027628246
smishing,search,tfidf__search,tfidf,0.0017065751743306744
smishing,ya,tfidf__ya,tfidf,0.0016855533073967571
smishing,games,tfidf__games,tfidf,0.001681435123082066
smishing,let,tfidf__let,tfidf,0.0016781637902358525
smishing,call09050000327,tfidf__call09050000327,tfidf,0.0016769673745109508
smishing,claim call09050000327,tfidf__claim call09050000327,tfidf,0.0016769673745109508
smishing,collection,tfidf__collection,tfidf,0.0016604127973432051
smishing,lor,tfidf__lor,tfidf,0.00165289944167794
smishing,ur awarded,tfidf__ur awarded,tfidf,0.0016481754361350376
smishing,fantastic,tfidf__fantastic,tfidf,0.0016480724588944851
smishing,camcorder phonetoken,tfidf__camcorder phonetoken,tfidf,0.001639284044445031
smishing,today text,tfidf__today text,tfidf,0.0016252345027471726
smishing,vouchers today,tfidf__vouchers today,tfidf,0.0016252345027471726
smishing,bid,tfidf__bid,tfidf,0.0016246425976036054
smishing,freemsg today's,tfidf__freemsg today's,tfidf,0.001603620693051985
smishing,fun games,tfidf__fun games,tfidf,0.001603620693051985
smishing,games netcollex,tfidf__games netcollex,tfidf,0.001603620693051985
smishing,ready i'm,tfidf__ready i'm,tfidf,0.001603620693051985
smishing,sex fun,tfidf__sex fun,tfidf,0.001603620693051985
smishing,today's day,tfidf__today's day,tfidf,0.001603620693051985
smishing,music 87066,tfidf__music 87066,tfidf,0.0016005397203374334
smishing,word,tfidf__word,tfidf,0.0015979355106785248
smishing,2nd time,tfidf__2nd time,tfidf,0.001586085606539662
smishing,question,tfidf__question,tfidf,0.0015799267675533002
smishing,answer,tfidf__answer,tfidf,0.001577382224573406
smishing,ur cash,tfidf__ur cash,tfidf,0.0015769289130188773
smishing,150ppm,tfidf__150ppm,tfidf,0.0015762537045818914
smishing,psf,tfidf__psf,tfidf,0.001574885258110592
smishing,looking,tfidf__looking,tfidf,0.0015716412668244101
smishing,weekend calls,tfidf__weekend calls,tfidf,0.0015579704248888876
smishing,free msg,tfidf__free msg,tfidf,0.0015527584240085227
smishing,activate customer,tfidf__activate customer,tfidf,0.0015386441422908538
smishing,current,tfidf__current,tfidf,0.001538385063077493
smishing,tenants,tfidf__tenants,tfidf,0.0015339100512744483
smishing,tenants welcome,tfidf__tenants welcome,tfidf,0.0015339100512744483
smishing,10,tfidf__10,tfidf,0.0015334978549363374
smishing,nite,tfidf__nite,tfidf,0.0015325900239942978
smishing,luck,tfidf__luck,tfidf,0.001531587698565258
smishing,rid,tfidf__rid,tfidf,0.0015313706643648724
smishing,today's,tfidf__today's,tfidf,0.001529042458014277
smishing,500 pounds,tfidf__500 pounds,tfidf,0.0015253892339814588
smishing,500 cd,tfidf__500 cd,tfidf,0.0015220223782050188
smishing,cd gift,tfidf__cd gift,tfidf,0.0015220223782050188
smishing,unlimited,tfidf__unlimited,tfidf,0.001513913278087231
smishing,phones,tfidf__phones,tfidf,0.0015122710244943724
smishing,claim ur,tfidf__claim ur,tfidf,0.001511893382147626
smishing,work,tfidf__work,tfidf,0.0015118772366772646
smishing,missing,tfidf__missing,tfidf,0.001508392506014858
smishing,brother,tfidf__brother,tfidf,0.001505573896389218
smishing,anytime,tfidf__anytime,tfidf,0.0015053858551564731
smishing,can't,tfidf__can't,tfidf,0.00149964777070306
smishing,entry,tfidf__entry,tfidf,0.0014948214504274307
smishing,bonus,tfidf__bonus,tfidf,0.0014859043541519813
smishing,balance,tfidf__balance,tfidf,0.0014808927325206365
smishing,link http,tfidf__link http,tfidf,0.0014775045612750329
smishing,1st week,tfidf__1st week,tfidf,0.0014737146927095036
smishing,draw txt,tfidf__draw txt,tfidf,0.001470579848740179
smishing,txt music,tfidf__txt music,tfidf,0.001470579848740179
smishing,entry 100,tfidf__entry 100,tfidf,0.0014664774366366584
smishing,vouchers free,tfidf__vouchers free,tfidf,0.0014664774366366584
smishing,secure link,tfidf__secure link,tfidf,0.0014641784668119313
smishing,happy,tfidf__happy,tfidf,0.0014589316432102725
smishing,8007,tfidf__8007,tfidf,0.001453836843872575
smishing,looking make,tfidf__looking make,tfidf,0.001441559301011311
smishing,tried,tfidf__tried,tfidf,0.0014405571594285325
smishing,vodafone,tfidf__vodafone,tfidf,0.0014394737920226412
smishing,partner,tfidf__partner,tfidf,0.0014179806044272104
smishing,road gurgaon,tfidf__road gurgaon,tfidf,0.0014179043217275018
smishing,price rental,tfidf__price rental,tfidf,0.0014158154028561525
smishing,mobile number,tfidf__mobile number,tfidf,0.0014153167773618414
smishing,colour camera,tfidf__colour camera,tfidf,0.0014117883276628205
smishing,station,tfidf__station,tfidf,0.0014080469462103256
smishing,constitute,tfidf__constitute,tfidf,0.0014074420171243927
smishing,morning,tfidf__morning,tfidf,0.0014027991098950101
smishing,750 pound,tfidf__750 pound,tfidf,0.0014011843653040066
smishing,easy phonetoken,tfidf__easy phonetoken,tfidf,0.0014011843653040066
smishing,pound prize,tfidf__pound prize,tfidf,0.0014011843653040066
smishing,just phonetoken,tfidf__just phonetoken,tfidf,0.00138753171248036
smishing,horny,tfidf__horny,tfidf,0.00138694766742402
smishing,reward,tfidf__reward,tfidf,0.001383863063207725
smishing,phonetoken 10p,tfidf__phonetoken 10p,tfidf,0.0013695988920515963
smishing,sorry,tfidf__sorry,tfidf,0.0013671700097432312
smishing,music,tfidf__music,tfidf,0.0013640683335473737
smishing,min stop,tfidf__min stop,tfidf,0.0013591115054087037
smishing,years,tfidf__years,tfidf,0.0013586131129900945
smishing,pic,tfidf__pic,tfidf,0.0013549181438645879
smishing,records,tfidf__records,tfidf,0.0013533200428269866
smishing,service,tfidf__service,tfidf,0.0013524794493398606
smishing,house,tfidf__house,tfidf,0.0013513899680284752
smishing,kyc,tfidf__kyc,tfidf,0.0013497510143610203
smishing,touch,tfidf__touch,tfidf,0.0013473074894155312
smishing,statement,tfidf__statement,tfidf,0.0013466969502997977
smishing,150p min,tfidf__150p min,tfidf,0.0013442300057474592
smishing,151,tfidf__151,tfidf,0.001343586113584095
smishing,course,tfidf__course,tfidf,0.0013356616281983542
smishing,handset,tfidf__handset,tfidf,0.0013339420954419064
smishing,250,tfidf__250,tfidf,0.001332385586583896
smishing,row,tfidf__row,tfidf,0.0013318020901519321
smishing,jamster,tfidf__jamster,tfidf,0.0013246752685585682
smishing,services,tfidf__services,tfidf,0.0013232780367639456
smishing,place,tfidf__place,tfidf,0.0013197785918968345
smishing,mobileupd8,tfidf__mobileupd8,tfidf,0.001318281948179335
smishing,gay chat,tfidf__gay chat,tfidf,0.0013137404555959794
smishing,photo upload,tfidf__photo upload,tfidf,0.0013137404555959794
smishing,upload phonetoken,tfidf__upload phonetoken,tfidf,0.0013137404555959794
smishing,83600,tfidf__83600,tfidf,0.001310370082242354
smishing,entitled,tfidf__entitled,tfidf,0.0013100702791999353
smishing,worry,tfidf__worry,tfidf,0.0013082951160182305
smishing,activated,tfidf__activated,tfidf,0.0012945018658154991
smishing,800,tfidf__800,tfidf,0.00129401821662323
smishing,min,tfidf__min,tfidf,0.0012915944252055312
smishing,download,tfidf__download,tfidf,0.0012893495339667892
smishing,credits,tfidf__credits,tfidf,0.0012847842150765386
smishing,plan,tfidf__plan,tfidf,0.0012813682229006627
smishing,make,tfidf__make,tfidf,0.00125514591707197
smishing,easy,tfidf__easy,tfidf,0.0012531218715767915
smishing,mins half,tfidf__mins half,tfidf,0.0012523688216643225
smishing,hungry,tfidf__hungry,tfidf,0.0012445014230427316
smishing,cs urltoken,tfidf__cs urltoken,tfidf,0.0012443064368415028
smishing,advance 000,tfidf__advance 000,tfidf,0.0012403374658663702
smishing,free text,tfidf__free text,tfidf,0.0012319575611670782
smishing,mp3,tfidf__mp3,tfidf,0.0012292535792200624
smishing,minutes mobile,tfidf__minutes mobile,tfidf,0.0012289353778449513
smishing,mobile 100,tfidf__mobile 100,tfidf,0.0012289353778449513
smishing,airtel,tfidf__airtel,tfidf,0.0012286449925899454
smishing,points phonetoken,tfidf__points phonetoken,tfidf,0.0012212983890327541
smishing,polyphonic,tfidf__polyphonic,tfidf,0.0012212424864277052
smishing,use,tfidf__use,tfidf,0.0012183675014575631
smishing,100 weekly,tfidf__100 weekly,tfidf,0.001216961456577637
smishing,ad,tfidf__ad,tfidf,0.0012095091290250666
smishing,calls phonetoken,tfidf__calls phonetoken,tfidf,0.0012069642295328136
smishing,camera mobiles,tfidf__camera mobiles,tfidf,0.0012069642295328136
smishing,free oranges,tfidf__free oranges,tfidf,0.0012069642295328136
smishing,mobiles unlimited,tfidf__mobiles unlimited,tfidf,0.0012069642295328136
smishing,oranges,tfidf__oranges,tfidf,0.0012069642295328136
smishing,oranges latest,tfidf__oranges latest,tfidf,0.0012069642295328136
smishing,unlimited weekend,tfidf__unlimited weekend,tfidf,0.0012069642295328136
smishing,videos,tfidf__videos,tfidf,0.0012063249378786636
smishing,handset 750,tfidf__handset 750,tfidf,0.0011940670623820896
smishing,video handset,tfidf__video handset,tfidf,0.0011940670623820896
smishing,upload,tfidf__upload,tfidf,0.0011934837825935032
smishing,additional,tfidf__additional,tfidf,0.001185256723492787
smishing,additional help,tfidf__additional help,tfidf,0.001185256723492787
smishing,help contact,tfidf__help contact,tfidf,0.001185256723492787
smishing,review details,tfidf__review details,tfidf,0.001185256723492787
smishing,redeemed,tfidf__redeemed,tfidf,0.001180581119901144
smishing,redeemed points,tfidf__redeemed points,tfidf,0.001180581119901144
smishing,man,tfidf__man,tfidf,0.0011775167279818991
smishing,help free,tfidf__help free,tfidf,0.0011681811630135965
smishing,homeowners,tfidf__homeowners,tfidf,0.0011681811630135965
smishing,homeowners tenants,tfidf__homeowners tenants,tfidf,0.0011681811630135965
smishing,previously,tfidf__previously,tfidf,0.0011681811630135965
smishing,previously refused,tfidf__previously refused,tfidf,0.0011681811630135965
smishing,refused help,tfidf__refused help,tfidf,0.0011681811630135965
smishing,reply stop,tfidf__reply stop,tfidf,0.0011671152353739296
smishing,land line,tfidf__land line,tfidf,0.0011669453370927278
smishing,food,tfidf__food,tfidf,0.0011620544545162903
smishing,congrats,tfidf__congrats,tfidf,0.0011617487067833894
smishing,claim code,tfidf__claim code,tfidf,0.0011589607183548382
smishing,meant,tfidf__meant,tfidf,0.0011551615825365514
smishing,weekly draw,tfidf__weekly draw,tfidf,0.0011510374513959195
smishing,ave,tfidf__ave,tfidf,0.0011508998160300035
smishing,5000,tfidf__5000,tfidf,0.0011498242133347102
smishing,motorola,tfidf__motorola,tfidf,0.001147173486153647
smishing,digital,tfidf__digital,tfidf,0.001140833368018727
smishing,digital camera,tfidf__digital camera,tfidf,0.001140833368018727
smishing,762,tfidf__762,tfidf,0.0011297330019134145
smishing,need help,tfidf__need help,tfidf,0.0011233408148123016
smishing,feel,tfidf__feel,tfidf,0.0011211505325711877
smishing,300 free,tfidf__300 free,tfidf,0.0011192181614768095
smishing,deliveredtomorrow 300,tfidf__deliveredtomorrow 300,tfidf,0.0011192181614768095
smishing,750 anytime,tfidf__750 anytime,tfidf,0.0011180134955555857
smishing,line,tfidf__line,tfidf,0.0011115526086302274
smishing,natalja,tfidf__natalja,tfidf,0.0011107443401340172
smishing,natalja 25,tfidf__natalja 25,tfidf,0.0011107443401340172
smishing,won 000,tfidf__won 000,tfidf,0.0011101242037747988
smishing,paytm kyc,tfidf__paytm kyc,tfidf,0.0011093800247196923
smishing,service know,tfidf__service know,tfidf,0.0011039570606058296
smishing,pm,tfidf__pm,tfidf,0.001103633032876541
smishing,want new,tfidf__want new,tfidf,0.0011033018076908228
smishing,actually,tfidf__actually,tfidf,0.0011018916487032307
smishing,2000 cash,tfidf__2000 cash,tfidf,0.001101190874243002
smishing,live town,tfidf__live town,tfidf,0.001099325833134796
smishing,phonetoken reply,tfidf__phonetoken reply,tfidf,0.0010989098351217525
smishing,tncs,tfidf__tncs,tfidf,0.0010958462469329911
smishing,text messages,tfidf__text messages,tfidf,0.0010932862954705247
smishing,extra,tfidf__extra,tfidf,0.0010859876860829928
smishing,auction,tfidf__auction,tfidf,0.0010854380408467392
smishing,txt stop,tfidf__txt stop,tfidf,0.001074973984000018
smishing,purpose,tfidf__purpose,tfidf,0.0010734680916508414
smishing,expires,tfidf__expires,tfidf,0.0010734396143124072
smishing,alerts,tfidf__alerts,tfidf,0.0010698933048793409
smishing,yes,tfidf__yes,tfidf,0.0010693958418068227
smishing,visit,tfidf__visit,tfidf,0.0010661077752616504
smishing,saturday,tfidf__saturday,tfidf,0.0010658751396986342
smishing,upgrade atm,tfidf__upgrade atm,tfidf,0.0010655549764492264
smishing,ref,tfidf__ref,tfidf,0.0010620659272722926
smishing,pics,tfidf__pics,tfidf,0.0010601705425322518
smishing,office ph,tfidf__office ph,tfidf,0.0010586216642076655
smishing,double txt,tfidf__double txt,tfidf,0.0010529737359555834
smishing,mins double,tfidf__mins double,tfidf,0.0010529737359555834
smishing,ph phonetoken,tfidf__ph phonetoken,tfidf,0.0010504299389449145
smishing,tickets,tfidf__tickets,tfidf,0.0010465183199176976
smishing,update free,tfidf__update free,tfidf,0.001046021079157815
smishing,princess,tfidf__princess,tfidf,0.0010359202232477875
smishing,prize guaranteed,tfidf__prize guaranteed,tfidf,0.0010326606032459583
smishing,price line,tfidf__price line,tfidf,0.0010311481845656338
smishing,check,tfidf__check,tfidf,0.001025258673508142
smishing,tax,tfidf__tax,tfidf,0.0010241325360783521
smishing,phonetoken phonetoken,tfidf__phonetoken phonetoken,tfidf,0.0010240699262801334
smishing,units,tfidf__units,tfidf,0.0010240643991117856
smishing,pobox84,tfidf__pobox84,tfidf,0.0010207174649837687
smishing,ringtone,tfidf__ringtone,tfidf,0.0010167559031194074
smishing,promise,tfidf__promise,tfidf,0.0010102286280427324
smishing,wallpaper,tfidf__wallpaper,tfidf,0.0010077528186725132
smishing,say,tfidf__say,tfidf,0.0010060557606026308
smishing,god,tfidf__god,tfidf,0.0010053788458008535
smishing,yr,tfidf__yr,tfidf,0.0010017958398055606
smishing,sky,tfidf__sky,tfidf,0.0009999153307211483
smishing,love sex,tfidf__love sex,tfidf,0.000995333723433565
smishing,town love,tfidf__town love,tfidf,0.000995333723433565
smishing,i'm,tfidf__i'm,tfidf,0.0009900158285507904
smishing,sure,tfidf__sure,tfidf,0.0009889222092726647
smishing,mob,tfidf__mob,tfidf,0.000987946673034235
smishing,getting,tfidf__getting,tfidf,0.000983521498804372
smishing,reminder,tfidf__reminder,tfidf,0.0009824120029670394
smishing,stop phonetoken,tfidf__stop phonetoken,tfidf,0.0009821514091411482
smishing,ship,tfidf__ship,tfidf,0.0009776209969428577
smishing,wid,tfidf__wid,tfidf,0.000976682735151158
smishing,hold,tfidf__hold,tfidf,0.0009762540353804682
smishing,apple id,tfidf__apple id,tfidf,0.0009721634540562707
smishing,log urltoken,tfidf__log urltoken,tfidf,0.0009680704306151466
smishing,week free,tfidf__week free,tfidf,0.000967198955794118
smishing,88888 apply,tfidf__88888 apply,tfidf,0.0009606560811919418
smishing,apply 16,tfidf__apply 16,tfidf,0.0009606560811919418
smishing,free wallpaper,tfidf__free wallpaper,tfidf,0.0009606560811919418
smishing,heart 88888,tfidf__heart 88888,tfidf,0.0009606560811919418
smishing,text heart,tfidf__text heart,tfidf,0.0009606560811919418
smishing,wallpaper text,tfidf__wallpaper text,tfidf,0.0009606560811919418
smishing,rs 00,tfidf__rs 00,tfidf,0.0009555867407766549
smishing,rental camcorder,tfidf__rental camcorder,tfidf,0.0009550678376679003
smishing,caller,tfidf__caller,tfidf,0.0009532360235638435
smishing,til,tfidf__til,tfidf,0.0009521363623573177
smishing,near,tfidf__near,tfidf,0.0009390839776283734
smishing,sample contact,tfidf__sample contact,tfidf,0.0009379074822564736
smishing,it's,tfidf__it's,tfidf,0.0009360264657553189
smishing,old,tfidf__old,tfidf,0.0009345424369237845
smishing,recent,tfidf__recent,tfidf,0.0009329426220499688
smishing,access,tfidf__access,tfidf,0.0009327530811251196
smishing,text yes,tfidf__text yes,tfidf,0.0009296287803808355
smishing,text stop,tfidf__text stop,tfidf,0.0009222764565448151
smishing,claim refund,tfidf__claim refund,tfidf,0.0009192468503763848
smishing,airtel live,tfidf__airtel live,tfidf,0.0009189234024975497
smishing,50 msg,tfidf__50 msg,tfidf,0.0009181452191082826
smishing,250 wkly,tfidf__250 wkly,tfidf,0.0009154617252436532
smishing,11mths,tfidf__11mths,tfidf,0.0009144376379756157
smishing,important information,tfidf__important information,tfidf,0.0009144262195066423
smishing,lucky day,tfidf__lucky day,tfidf,0.0009144262195066423
smishing,information,tfidf__information,tfidf,0.0009124295131158988
smishing,guys,tfidf__guys,tfidf,0.0009114049021924888
smishing,voucher,tfidf__voucher,tfidf,0.0009076298918291463
smishing,88888,tfidf__88888,tfidf,0.0009070667852123411
smishing,claim easy,tfidf__claim easy,tfidf,0.0008978062357613205
smishing,block,tfidf__block,tfidf,0.0008963637867203243
smishing,pounds,tfidf__pounds,tfidf,0.000894916367521047
smishing,shortly,tfidf__shortly,tfidf,0.0008899204827293669
smishing,december,tfidf__december,tfidf,0.0008831936090934098
smishing,babe,tfidf__babe,tfidf,0.000882614571321197
smishing,good luck,tfidf__good luck,tfidf,0.0008807328159635379
smishing,free polyphonic,tfidf__free polyphonic,tfidf,0.0008762541119041168
smishing,xxx,tfidf__xxx,tfidf,0.0008747559986520575
smishing,100 free,tfidf__100 free,tfidf,0.0008745928070041811
smishing,quiz,tfidf__quiz,tfidf,0.0008743104160916992
smishing,500 free,tfidf__500 free,tfidf,0.0008739547105546704
smishing,free ringtone,tfidf__free ringtone,tfidf,0.0008718036688886817
smishing,claim phonetoken,tfidf__claim phonetoken,tfidf,0.000870264447403518
smishing,alert,tfidf__alert,tfidf,0.0008683043895299675
smishing,plot,tfidf__plot,tfidf,0.0008650788884650989
smishing,girl,tfidf__girl,tfidf,0.0008610815949502633
smishing,click urltoken,tfidf__click urltoken,tfidf,0.0008600861256744286
smishing,reply sms,tfidf__reply sms,tfidf,0.0008582774072831832
smishing,ringtone order,tfidf__ringtone order,tfidf,0.0008569282836941805
smishing,orange tariffs,tfidf__orange tariffs,tfidf,0.0008561538934177123
smishing,tariffs,tfidf__tariffs,tfidf,0.0008561538934177123
smishing,awarded 500,tfidf__awarded 500,tfidf,0.0008551477737152653
smishing,account statement,tfidf__account statement,tfidf,0.0008511658439740846
smishing,aight,tfidf__aight,tfidf,0.000849632209208033
smishing,wat,tfidf__wat,tfidf,0.0008489121899759399
smishing,starts,tfidf__starts,tfidf,0.000848824532274626
smishing,shopping spree,tfidf__shopping spree,tfidf,0.0008482849820183048
smishing,spree,tfidf__spree,tfidf,0.0008482849820183048
smishing,little,tfidf__little,tfidf,0.0008361367727443501
smishing,link picture,tfidf__link picture,tfidf,0.000835087595798748
smishing,just txt,tfidf__just txt,tfidf,0.0008298148735857887
smishing,tone ur,tfidf__tone ur,tfidf,0.0008298148735857887
smishing,internet,tfidf__internet,tfidf,0.0008298063407269934
smishing,queries,tfidf__queries,tfidf,0.0008288233305898617
smishing,rental,tfidf__rental,tfidf,0.000828406637960871
smishing,update latest,tfidf__update latest,tfidf,0.0008259206385942852
smishing,84128,tfidf__84128,tfidf,0.0008250453928498003
smishing,late,tfidf__late,tfidf,0.0008239715656134581
smishing,urltoken txt,tfidf__urltoken txt,tfidf,0.0008183166509935909
smishing,okie,tfidf__okie,tfidf,0.0008177465214667452
smishing,india,tfidf__india,tfidf,0.0008151140706133169
smishing,soon,tfidf__soon,tfidf,0.0008089100949983266
smishing,cash 2000,tfidf__cash 2000,tfidf,0.0008075726091198343
smishing,150p mtmsgrcvd18,tfidf__150p mtmsgrcvd18,tfidf,0.0008068302089494118
smishing,500 prize,tfidf__500 prize,tfidf,0.0008068302089494118
smishing,83355 ibhltd,tfidf__83355 ibhltd,tfidf,0.0008068302089494118
smishing,collect 83355,tfidf__collect 83355,tfidf,0.0008068302089494118
smishing,ibhltd,tfidf__ibhltd,tfidf,0.0008068302089494118
smishing,ibhltd ldnw15h,tfidf__ibhltd ldnw15h,tfidf,0.0008068302089494118
smishing,ldnw15h,tfidf__ldnw15h,tfidf,0.0008068302089494118
smishing,ldnw15h 150p,tfidf__ldnw15h 150p,tfidf,0.0008068302089494118
smishing,phone 40gb,tfidf__phone 40gb,tfidf,0.0008068302089494118
smishing,player 500,tfidf__player 500,tfidf,0.0008068302089494118
smishing,prize txt,tfidf__prize txt,tfidf,0.0008068302089494118
smishing,word collect,tfidf__word collect,tfidf,0.0008068302089494118
smishing,matches,tfidf__matches,tfidf,0.0008065625115511139
smishing,borin,tfidf__borin,tfidf,0.0008032608602337064
smishing,kinda,tfidf__kinda,tfidf,0.0008029496355332826
smishing,25p,tfidf__25p,tfidf,0.0008025683577837725
smishing,unable,tfidf__unable,tfidf,0.0007994480186694011
smishing,friends,tfidf__friends,tfidf,0.000795999954516822
smishing,sam,tfidf__sam,tfidf,0.000795779110994419
smishing,auction send,tfidf__auction send,tfidf,0.000794726883465241
smishing,enter,tfidf__enter,tfidf,0.0007937664825491155
smishing,won 750,tfidf__won 750,tfidf,0.0007921381225512106
smishing,offer,tfidf__offer,tfidf,0.0007903861109860933
smishing,b4,tfidf__b4,tfidf,0.0007856360153298826
smishing,photo,tfidf__photo,tfidf,0.0007821216571395219
smishing,wkly comp,tfidf__wkly comp,tfidf,0.0007774489640970776
smishing,tomorrow,tfidf__tomorrow,tfidf,0.0007686613342471215
smishing,half price,tfidf__half price,tfidf,0.0007674151276586451
smishing,rply,tfidf__rply,tfidf,0.0007659024603584099
smishing,comes,tfidf__comes,tfidf,0.0007656359958122442
smishing,guaranteed phonetoken,tfidf__guaranteed phonetoken,tfidf,0.0007629474960697719
smishing,bahamas callfreefone,tfidf__bahamas callfreefone,tfidf,0.000762376137443113
smishing,bahamas cruise,tfidf__bahamas cruise,tfidf,0.000762376137443113
smishing,callfreefone,tfidf__callfreefone,tfidf,0.000762376137443113
smishing,callfreefone phonetoken,tfidf__callfreefone phonetoken,tfidf,0.000762376137443113
smishing,cash 18,tfidf__cash 18,tfidf,0.000762376137443113
smishing,cruise,tfidf__cruise,tfidf,0.000762376137443113
smishing,cruise 2000,tfidf__cruise 2000,tfidf,0.000762376137443113
smishing,better,tfidf__better,tfidf,0.0007615920509692788
smishing,welcome,tfidf__welcome,tfidf,0.0007565842343604291
smishing,day,tfidf__day,tfidf,0.0007564144053395919
smishing,haha,tfidf__haha,tfidf,0.0007524628848178311
smishing,plus free,tfidf__plus free,tfidf,0.0007516902923791316
smishing,survey,tfidf__survey,tfidf,0.0007511523063270768
smishing,no1,tfidf__no1,tfidf,0.0007506590514820988
smishing,caller prize,tfidf__caller prize,tfidf,0.0007489686194840503
smishing,new nokia,tfidf__new nokia,tfidf,0.0007460534074228932
smishing,details,tfidf__details,tfidf,0.0007428456559348996
smishing,succeed,tfidf__succeed,tfidf,0.0007418861158692729
smishing,phonetoken stop,tfidf__phonetoken stop,tfidf,0.0007411152984755654
smishing,camcorder reply,tfidf__camcorder reply,tfidf,0.0007402033821662194
smishing,does,tfidf__does,tfidf,0.0007397707416827634
smishing,rate,tfidf__rate,tfidf,0.0007373215586755905
smishing,guaranteed 1000,tfidf__guaranteed 1000,tfidf,0.0007371576365655096
smishing,picture,tfidf__picture,tfidf,0.0007363357827715951
smishing,shopping,tfidf__shopping,tfidf,0.0007362505916980599
smishing,free 1st,tfidf__free 1st,tfidf,0.0007337271872440899
smishing,3510i,tfidf__3510i,tfidf,0.0007319699363960635
smishing,3510i colour,tfidf__3510i colour,tfidf,0.0007319699363960635
smishing,colour phone,tfidf__colour phone,tfidf,0.0007319699363960635
smishing,nokia 3510i,tfidf__nokia 3510i,tfidf,0.0007319699363960635
smishing,pay,tfidf__pay,tfidf,0.0007299149240310969
smishing,29,tfidf__29,tfidf,0.0007287574570119276
smishing,datebox1282essexcm61xn,tfidf__datebox1282essexcm61xn,tfidf,0.000714420161127564
smishing,datebox1282essexcm61xn 150p,tfidf__datebox1282essexcm61xn 150p,tfidf,0.000714420161127564
smishing,fancies wanna,tfidf__fancies wanna,tfidf,0.000714420161127564
smishing,guess somebody,tfidf__guess somebody,tfidf,0.000714420161127564
smishing,landline datebox1282essexcm61xn,tfidf__landline datebox1282essexcm61xn,tfidf,0.000714420161127564
smishing,secretly,tfidf__secretly,tfidf,0.000714420161127564
smishing,secretly fancies,tfidf__secretly fancies,tfidf,0.000714420161127564
smishing,asked,tfidf__asked,tfidf,0.0007118681209362484
smishing,free message,tfidf__free message,tfidf,0.000710618558303793
smishing,code rp176781,tfidf__code rp176781,tfidf,0.0007089203826911741
smishing,discount code,tfidf__discount code,tfidf,0.0007089203826911741
smishing,rp176781,tfidf__rp176781,tfidf,0.0007089203826911741
smishing,stop urltoken,tfidf__stop urltoken,tfidf,0.0007089203826911741
smishing,urltoken customer,tfidf__urltoken customer,tfidf,0.0007089203826911741
smishing,msg mobile,tfidf__msg mobile,tfidf,0.000706629373774799
smishing,run,tfidf__run,tfidf,0.0007055728565681891
smishing,87066,tfidf__87066,tfidf,0.0007005827854726772
smishing,28,tfidf__28,tfidf,0.0007002586496276396
smishing,plus,tfidf__plus,tfidf,0.0006988546324855127
smishing,conditions visit,tfidf__conditions visit,tfidf,0.0006983654036812347
smishing,free terms,tfidf__free terms,tfidf,0.0006983654036812347
smishing,message word,tfidf__message word,tfidf,0.0006983654036812347
smishing,word free,tfidf__word free,tfidf,0.0006983654036812347
smishing,fancies,tfidf__fancies,tfidf,0.0006947217551246312
smishing,thats,tfidf__thats,tfidf,0.0006945909598319387
smishing,msg reply,tfidf__msg reply,tfidf,0.0006935443571285544
smishing,ur mob,tfidf__ur mob,tfidf,0.0006933565132897268
smishing,girls,tfidf__girls,tfidf,0.0006875475426006328
smishing,paytm office,tfidf__paytm office,tfidf,0.000682912770830656
smishing,latest news,tfidf__latest news,tfidf,0.0006822296561930224
smishing,conditions,tfidf__conditions,tfidf,0.0006818488686583134
smishing,terms conditions,tfidf__terms conditions,tfidf,0.0006818488686583134
smishing,wif,tfidf__wif,tfidf,0.0006803129257232621
smishing,fine,tfidf__fine,tfidf,0.0006796626209597461
smishing,dial,tfidf__dial,tfidf,0.000677593406949238
smishing,shop 85023,tfidf__shop 85023,tfidf,0.0006773920873340275
smishing,text shop,tfidf__text shop,tfidf,0.0006773920873340275
smishing,probably,tfidf__probably,tfidf,0.0006769468869853304
smishing,minutes,tfidf__minutes,tfidf,0.0006766033810260584
smishing,congratulations ur,tfidf__congratulations ur,tfidf,0.0006759207789742781
smishing,recently,tfidf__recently,tfidf,0.0006758165392280032
smishing,send stop,tfidf__send stop,tfidf,0.000675369086871618
smishing,contact won,tfidf__contact won,tfidf,0.0006739689761087639
smishing,paris,tfidf__paris,tfidf,0.0006738484499470362
smishing,weeks,tfidf__weeks,tfidf,0.0006674893182377835
smishing,let know,tfidf__let know,tfidf,0.0006652107274836112
smishing,phonetoken just,tfidf__phonetoken just,tfidf,0.0006650281082238545
smishing,complete paytm,tfidf__complete paytm,tfidf,0.0006644310753507675
smishing,kyc paytm,tfidf__kyc paytm,tfidf,0.0006644310753507675
smishing,paytm complete,tfidf__paytm complete,tfidf,0.0006644310753507675
smishing,po,tfidf__po,tfidf,0.0006638747015403262
smishing,nokia phone,tfidf__nokia phone,tfidf,0.0006628746013599149
smishing,arrive,tfidf__arrive,tfidf,0.0006597632944569763
smishing,mobile 11mths,tfidf__mobile 11mths,tfidf,0.0006588394761962208
smishing,cash prize,tfidf__cash prize,tfidf,0.0006566498969698841
smishing,2004,tfidf__2004,tfidf,0.0006565379372995108
smishing,lol,tfidf__lol,tfidf,0.0006563498585797862
smishing,50 tone,tfidf__50 tone,tfidf,0.0006550000688541747
smishing,thanks ringtone,tfidf__thanks ringtone,tfidf,0.0006550000688541747
smishing,tone arrive,tfidf__tone arrive,tfidf,0.0006550000688541747
smishing,68866,tfidf__68866,tfidf,0.0006533293174562836
smishing,68866 subscriptn3gbp,tfidf__68866 subscriptn3gbp,tfidf,0.0006533293174562836
smishing,freemsg month,tfidf__freemsg month,tfidf,0.0006533293174562836
smishing,landlineonly,tfidf__landlineonly,tfidf,0.0006533293174562836
smishing,month unlimited,tfidf__month unlimited,tfidf,0.0006533293174562836
smishing,smartcall,tfidf__smartcall,tfidf,0.0006533293174562836
smishing,smartcall txt,tfidf__smartcall txt,tfidf,0.0006533293174562836
smishing,stop landlineonly,tfidf__stop landlineonly,tfidf,0.0006533293174562836
smishing,subscriptn3gbp,tfidf__subscriptn3gbp,tfidf,0.0006533293174562836
smishing,subscriptn3gbp wk,tfidf__subscriptn3gbp wk,tfidf,0.0006533293174562836
smishing,txt 68866,tfidf__txt 68866,tfidf,0.0006533293174562836
smishing,wk unlimited,tfidf__wk unlimited,tfidf,0.0006533293174562836
smishing,suffice,tfidf__suffice,tfidf,0.000653278528400119
smishing,comin,tfidf__comin,tfidf,0.0006516370936733651
smishing,cs apply,tfidf__cs apply,tfidf,0.0006489256483701611
smishing,announcement,tfidf__announcement,tfidf,0.0006439301267978255
smishing,service announcement,tfidf__service announcement,tfidf,0.0006439301267978255
smishing,3g videophones,tfidf__3g videophones,tfidf,0.00064215957739755
smishing,congrats mobile,tfidf__congrats mobile,tfidf,0.00064215957739755
smishing,dload,tfidf__dload,tfidf,0.00064215957739755
smishing,dload polyph,tfidf__dload polyph,tfidf,0.00064215957739755
smishing,games dload,tfidf__games dload,tfidf,0.00064215957739755
smishing,java,tfidf__java,tfidf,0.00064215957739755
smishing,java games,tfidf__java games,tfidf,0.00064215957739755
smishing,mobile 3g,tfidf__mobile 3g,tfidf,0.00064215957739755
smishing,music noline,tfidf__music noline,tfidf,0.00064215957739755
smishing,noline,tfidf__noline,tfidf,0.00064215957739755
smishing,noline rentl,tfidf__noline rentl,tfidf,0.00064215957739755
smishing,phonetoken videochat,tfidf__phonetoken videochat,tfidf,0.00064215957739755
smishing,polyph,tfidf__polyph,tfidf,0.00064215957739755
smishing,polyph music,tfidf__polyph music,tfidf,0.00064215957739755
smishing,rentl,tfidf__rentl,tfidf,0.00064215957739755
smishing,videochat,tfidf__videochat,tfidf,0.00064215957739755
smishing,videochat wid,tfidf__videochat wid,tfidf,0.00064215957739755
smishing,videophones,tfidf__videophones,tfidf,0.00064215957739755
smishing,videophones phonetoken,tfidf__videophones phonetoken,tfidf,0.00064215957739755
smishing,k718,tfidf__k718,tfidf,0.0006417653538819617
smishing,k718 mobile,tfidf__k718 mobile,tfidf,0.0006417653538819617
smishing,number k718,tfidf__number k718,tfidf,0.0006417653538819617
smishing,order ref,tfidf__order ref,tfidf,0.0006417653538819617
smishing,ref number,tfidf__ref number,tfidf,0.0006417653538819617
smishing,standard rates,tfidf__standard rates,tfidf,0.0006377114583450764
smishing,representative,tfidf__representative,tfidf,0.0006372500274562979
smishing,service representative,tfidf__service representative,tfidf,0.0006372500274562979
smishing,500 75,tfidf__500 75,tfidf,0.0006361305937370146
smishing,no1 nokia,tfidf__no1 nokia,tfidf,0.0006340443038892078
smishing,week no1,tfidf__week no1,tfidf,0.0006340443038892078
smishing,todays vodafone,tfidf__todays vodafone,tfidf,0.0006336998462256421
smishing,vodafone numbers,tfidf__vodafone numbers,tfidf,0.0006336998462256421
smishing,urgent mobile,tfidf__urgent mobile,tfidf,0.0006328664850737058
smishing,somebody,tfidf__somebody,tfidf,0.0006310702927602705
smishing,finally,tfidf__finally,tfidf,0.000631001976754142
smishing,nokia tone,tfidf__nokia tone,tfidf,0.0006279498554929688
smishing,team,tfidf__team,tfidf,0.0006274424354643042
smishing,txt phonetoken,tfidf__txt phonetoken,tfidf,0.000627370797908834
smishing,20p,tfidf__20p,tfidf,0.0006271317714757416
smishing,20p min,tfidf__20p min,tfidf,0.0006271317714757416
smishing,activate smartcall,tfidf__activate smartcall,tfidf,0.0006256006061655829
smishing,calls activate,tfidf__calls activate,tfidf,0.0006256006061655829
smishing,100,tfidf__100,tfidf,0.0006253573826054802
smishing,cash balance,tfidf__cash balance,tfidf,0.0006248737797953329
smishing,currently 500,tfidf__currently 500,tfidf,0.0006248737797953329
smishing,350 award,tfidf__350 award,tfidf,0.0006231992760770316
smishing,offer new,tfidf__offer new,tfidf,0.0006201123647101961
smishing,store,tfidf__store,tfidf,0.000619457880032858
smishing,claims,tfidf__claims,tfidf,0.0006183498103778113
smishing,wait,tfidf__wait,tfidf,0.0006171083274787338
smishing,24,tfidf__24,tfidf,0.000615086670177254
smishing,chance win,tfidf__chance win,tfidf,0.000612040519913137
smishing,reveal cerebrate,tfidf__reveal cerebrate,tfidf,0.0006087836735319465
smishing,reply phonetoken,tfidf__reply phonetoken,tfidf,0.0006050432313863531
smishing,800 redeemed,tfidf__800 redeemed,tfidf,0.0006040348394767124
smishing,shows 800,tfidf__shows 800,tfidf,0.0006040348394767124
smishing,call2optout lf56,tfidf__call2optout lf56,tfidf,0.0006034843069804459
smishing,latest offers,tfidf__latest offers,tfidf,0.0006034843069804459
smishing,lf56,tfidf__lf56,tfidf,0.0006034843069804459
smishing,mobileupd8 latest,tfidf__mobileupd8 latest,tfidf,0.0006034843069804459
smishing,offers phonetoken,tfidf__offers phonetoken,tfidf,0.0006034843069804459
smishing,txt price,tfidf__txt price,tfidf,0.0006034843069804459
smishing,charge help,tfidf__charge help,tfidf,0.0006006024056503522
smishing,credits pls,tfidf__credits pls,tfidf,0.0006006024056503522
smishing,extra charge,tfidf__extra charge,tfidf,0.0006006024056503522
smishing,stop extra,tfidf__stop extra,tfidf,0.0006006024056503522
smishing,text credits,tfidf__text credits,tfidf,0.0006006024056503522
smishing,unsubscribe stop,tfidf__unsubscribe stop,tfidf,0.0006006024056503522
smishing,urltoken login,tfidf__urltoken login,tfidf,0.0006006024056503522
smishing,83355,tfidf__83355,tfidf,0.0005999623639265904
smishing,ipod mp3,tfidf__ipod mp3,tfidf,0.0005999623639265904
smishing,latest nokia,tfidf__latest nokia,tfidf,0.0005999623639265904
smishing,mtmsgrcvd18,tfidf__mtmsgrcvd18,tfidf,0.0005999623639265904
smishing,todays,tfidf__todays,tfidf,0.0005980110799053222
smishing,buy,tfidf__buy,tfidf,0.0005964755073143965
smishing,mobiles,tfidf__mobiles,tfidf,0.0005956113270170897
smishing,said,tfidf__said,tfidf,0.0005953549537284143
smishing,contacted,tfidf__contacted,tfidf,0.0005918522416821999
smishing,blu,tfidf__blu,tfidf,0.0005911086336136304
smishing,hp,tfidf__hp,tfidf,0.0005890663390676964
smishing,hot,tfidf__hot,tfidf,0.0005876303204215923
smishing,mp3 player,tfidf__mp3 player,tfidf,0.0005857938855524765
smishing,cerebrate,tfidf__cerebrate,tfidf,0.0005848634707465889
smishing,bonus prize,tfidf__bonus prize,tfidf,0.0005845952812675051
smishing,prize phonetoken,tfidf__prize phonetoken,tfidf,0.0005845952812675051
smishing,valued customer,tfidf__valued customer,tfidf,0.0005845952812675051
smishing,care,tfidf__care,tfidf,0.000580485670963105
smishing,credit,tfidf__credit,tfidf,0.0005799285399291579
smishing,chat private,tfidf__chat private,tfidf,0.0005764305293206853
smishing,phonetoken cum,tfidf__phonetoken cum,tfidf,0.0005764305293206853
smishing,private line,tfidf__private line,tfidf,0.0005764305293206853
smishing,rude,tfidf__rude,tfidf,0.0005764305293206853
smishing,rude chat,tfidf__rude chat,tfidf,0.0005764305293206853
smishing,u4,tfidf__u4,tfidf,0.0005764305293206853
smishing,u4 rude,tfidf__u4 rude,tfidf,0.0005764305293206853
smishing,choice,tfidf__choice,tfidf,0.0005761094912373455
smishing,offer video,tfidf__offer video,tfidf,0.0005756140878425739
smishing,mins unlimited,tfidf__mins unlimited,tfidf,0.0005749898529575855
smishing,unlimited text,tfidf__unlimited text,tfidf,0.0005749898529575855
smishing,mates play,tfidf__mates play,tfidf,0.0005734329850893884
smishing,play java,tfidf__play java,tfidf,0.0005734329850893884
smishing,activate 500,tfidf__activate 500,tfidf,0.0005703535252973799
smishing,message activate,tfidf__message activate,tfidf,0.0005703535252973799
smishing,mms,tfidf__mms,tfidf,0.0005695833078612346
smishing,sub,tfidf__sub,tfidf,0.000569232609096432
smishing,fact,tfidf__fact,tfidf,0.0005659588331734736
smishing,long,tfidf__long,tfidf,0.0005657644677571848
smishing,logo,tfidf__logo,tfidf,0.0005640503856642334
smishing,having,tfidf__having,tfidf,0.0005639920803529716
smishing,fa,tfidf__fa,tfidf,0.0005579318931288387
smishing,office,tfidf__office,tfidf,0.000556618694345351
smishing,match phonetoken,tfidf__match phonetoken,tfidf,0.0005562245853052017
smishing,87066 tncs,tfidf__87066 tncs,tfidf,0.000553767940426602
smishing,tncs urltoken,tfidf__tncs urltoken,tfidf,0.000553767940426602
smishing,da,tfidf__da,tfidf,0.0005537344670391068
smishing,unsub,tfidf__unsub,tfidf,0.0005533085051885211
smishing,phonetoken speak,tfidf__phonetoken speak,tfidf,0.0005505049995818773
smishing,means,tfidf__means,tfidf,0.0005502043887877679
smishing,win 1000,tfidf__win 1000,tfidf,0.0005495710140031142
smishing,local,tfidf__local,tfidf,0.0005470478952078984
smishing,car,tfidf__car,tfidf,0.0005469504303116393
smishing,7pm cost,tfidf__7pm cost,tfidf,0.0005426501287227475
smishing,cost 10p,tfidf__cost 10p,tfidf,0.0005426501287227475
smishing,waiting,tfidf__waiting,tfidf,0.000542115973040498
smishing,messages replying,tfidf__messages replying,tfidf,0.0005419039751095285
smishing,replying message,tfidf__replying message,tfidf,0.0005419039751095285
smishing,cerebrate ur,tfidf__cerebrate ur,tfidf,0.0005408002885308732
smishing,going bahamas,tfidf__going bahamas,tfidf,0.0005397466972741345
smishing,ur going,tfidf__ur going,tfidf,0.0005397466972741345
smishing,statement shows,tfidf__statement shows,tfidf,0.0005351067264844721
smishing,went,tfidf__went,tfidf,0.0005331145699579902
smishing,dvd,tfidf__dvd,tfidf,0.0005325775801410284
smishing,land,tfidf__land,tfidf,0.0005316258244638243
smishing,admirer looking,tfidf__admirer looking,tfidf,0.0005295709022775106
smishing,member,tfidf__member,tfidf,0.0005288610013413543
smishing,mobile 11,tfidf__mobile 11,tfidf,0.0005281451948586908
smishing,entitled update,tfidf__entitled update,tfidf,0.0005279719609669886
smishing,employ,tfidf__employ,tfidf,0.0005278533436115563
smishing,inclusive text,tfidf__inclusive text,tfidf,0.0005262800640169748
smishing,services inclusive,tfidf__services inclusive,tfidf,0.0005262800640169748
smishing,sms services,tfidf__sms services,tfidf,0.0005262800640169748
smishing,received,tfidf__received,tfidf,0.0005249707746767866
smishing,7pm,tfidf__7pm,tfidf,0.0005248654304663241
smishing,messages,tfidf__messages,tfidf,0.0005242391936619208
smishing,ipod,tfidf__ipod,tfidf,0.0005223146011173323
smishing,ladies,tfidf__ladies,tfidf,0.0005178169848444945
smishing,lot,tfidf__lot,tfidf,0.0005104051023192406
smishing,nhs,tfidf__nhs,tfidf,0.000509084945363977
smishing,occasions,tfidf__occasions,tfidf,0.000509084945363977
smishing,penalty,tfidf__penalty,tfidf,0.000509084945363977
smishing,protect nhs,tfidf__protect nhs,tfidf,0.000509084945363977
smishing,phonetoken delivery,tfidf__phonetoken delivery,tfidf,0.0005088464131000235
smishing,000 bonus,tfidf__000 bonus,tfidf,0.0005076814440164013
smishing,doin,tfidf__doin,tfidf,0.0005062994287010844
smishing,street,tfidf__street,tfidf,0.0005059868420596599
smishing,sae,tfidf__sae,tfidf,0.0005043716767162552
smishing,86688 150p,tfidf__86688 150p,tfidf,0.0005028018709692485
smishing,phonetoken quoting,tfidf__phonetoken quoting,tfidf,0.0005023131933847893
smishing,quoting,tfidf__quoting,tfidf,0.0005023131933847893
smishing,quoting claim,tfidf__quoting claim,tfidf,0.0005023131933847893
smishing,forwarded,tfidf__forwarded,tfidf,0.0004997614540175441
smishing,charged,tfidf__charged,tfidf,0.0004984776412077688
smishing,18 opt,tfidf__18 opt,tfidf,0.0004981026796800792
smishing,opt txt,tfidf__opt txt,tfidf,0.0004981026796800792
smishing,remove,tfidf__remove,tfidf,0.0004968320142274858
smishing,questions,tfidf__questions,tfidf,0.0004953531742197006
smishing,embody specially,tfidf__embody specially,tfidf,0.000494690023448606
smishing,08712400602450p,tfidf__08712400602450p,tfidf,0.000493851542649317
smishing,61610,tfidf__61610,tfidf,0.000493851542649317
smishing,61610 unsubscribe,tfidf__61610 unsubscribe,tfidf,0.000493851542649317
smishing,content text,tfidf__content text,tfidf,0.000493851542649317
smishing,help 08712400602450p,tfidf__help 08712400602450p,tfidf,0.000493851542649317
smishing,new content,tfidf__new content,tfidf,0.000493851542649317
smishing,stop 61610,tfidf__stop 61610,tfidf,0.000493851542649317
smishing,unsubscribe help,tfidf__unsubscribe help,tfidf,0.000493851542649317
smishing,told,tfidf__told,tfidf,0.0004938168605496331
smishing,big,tfidf__big,tfidf,0.0004934276849503438
smishing,phonetoken pobox45w2tg150p,tfidf__phonetoken pobox45w2tg150p,tfidf,0.0004932862947742744
smishing,pobox45w2tg150p,tfidf__pobox45w2tg150p,tfidf,0.0004932862947742744
smishing,recent review,tfidf__recent review,tfidf,0.0004882345508173989
smishing,prevent,tfidf__prevent,tfidf,0.00048800393626153313
smishing,line rental,tfidf__line rental,tfidf,0.00048585590968990195
smishing,atm block,tfidf__atm block,tfidf,0.0004848508568643936
smishing,block dear,tfidf__block dear,tfidf,0.0004848508568643936
smishing,haven't,tfidf__haven't,tfidf,0.00048376688644871153
smishing,things,tfidf__things,tfidf,0.0004809538266107597
smishing,hide,tfidf__hide,tfidf,0.0004803069285053414
smishing,thank,tfidf__thank,tfidf,0.00047969213028204653
smishing,police,tfidf__police,tfidf,0.00047940931723931514
smishing,cheap,tfidf__cheap,tfidf,0.00047894663283197503
smishing,txt nokia,tfidf__txt nokia,tfidf,0.0004779919711915831
smishing,fuck,tfidf__fuck,tfidf,0.00047765198992637834
smishing,person,tfidf__person,tfidf,0.0004759671232287118
smishing,hear,tfidf__hear,tfidf,0.0004743985377304214
smishing,wanna phonetoken,tfidf__wanna phonetoken,tfidf,0.0004725961722106246
smishing,86688 info,tfidf__86688 info,tfidf,0.0004695422759797844
smishing,bonus special,tfidf__bonus special,tfidf,0.0004695422759797844
smishing,genuine,tfidf__genuine,tfidf,0.0004695422759797844
smishing,genuine hmv,tfidf__genuine hmv,tfidf,0.0004695422759797844
smishing,hmv 86688,tfidf__hmv 86688,tfidf,0.0004695422759797844
smishing,hmv bonus,tfidf__hmv bonus,tfidf,0.0004695422759797844
smishing,hmv vouchers,tfidf__hmv vouchers,tfidf,0.0004695422759797844
smishing,info urltoken,tfidf__info urltoken,tfidf,0.0004695422759797844
smishing,pounds genuine,tfidf__pounds genuine,tfidf,0.0004695422759797844
smishing,send hmv,tfidf__send hmv,tfidf,0.0004695422759797844
smishing,special 500,tfidf__special 500,tfidf,0.0004695422759797844
smishing,cc,tfidf__cc,tfidf,0.0004682678372276756
smishing,cc phonetoken,tfidf__cc phonetoken,tfidf,0.0004682678372276756
smishing,msg cc,tfidf__msg cc,tfidf,0.0004682678372276756
smishing,reply delivery,tfidf__reply delivery,tfidf,0.00046772942468127626
smishing,representative phonetoken,tfidf__representative phonetoken,tfidf,0.0004661676840076817
smishing,free auction,tfidf__free auction,tfidf,0.0004634866546689322
smishing,today urltoken,tfidf__today urltoken,tfidf,0.0004634757897862
smishing,replying,tfidf__replying,tfidf,0.000462945122742199
smishing,terms,tfidf__terms,tfidf,0.0004618694133468519
smishing,10am,tfidf__10am,tfidf,0.0004580988149598481
smishing,phonetoken 10am,tfidf__phonetoken 10am,tfidf,0.0004580988149598481
smishing,information orange,tfidf__information orange,tfidf,0.00045796772763307146
smishing,orange user,tfidf__orange user,tfidf,0.00045796772763307146
smishing,baby,tfidf__baby,tfidf,0.00045769816179368916
smishing,protect,tfidf__protect,tfidf,0.0004520913487917363
smishing,wkly,tfidf__wkly,tfidf,0.0004517879417409168
smishing,gay,tfidf__gay,tfidf,0.00045151808334478375
smishing,balance currently,tfidf__balance currently,tfidf,0.00045108599913904867
smishing,nights,tfidf__nights,tfidf,0.0004503564211986321
smishing,yell,tfidf__yell,tfidf,0.0004493198409765011
smishing,phonetoken shows,tfidf__phonetoken shows,tfidf,0.0004485126756957899
smishing,statement phonetoken,tfidf__statement phonetoken,tfidf,0.0004485126756957899
smishing,receive 350,tfidf__receive 350,tfidf,0.0004481094732391091
smishing,ur area,tfidf__ur area,tfidf,0.00044751256266285853
smishing,ingest embody,tfidf__ingest embody,tfidf,0.000446256347778946
smishing,gbp,tfidf__gbp,tfidf,0.0004446101345913242
smishing,delivery tomorrow,tfidf__delivery tomorrow,tfidf,0.00044372188706111825
smishing,sexy,tfidf__sexy,tfidf,0.0004429008559199373
smishing,stop txt,tfidf__stop txt,tfidf,0.0004414237101426077
smishing,computer,tfidf__computer,tfidf,0.0004407978034900983
smishing,txtauction,tfidf__txtauction,tfidf,0.0004402896043574213
smishing,stay,tfidf__stay,tfidf,0.0004396304644303681
smishing,2005,tfidf__2005,tfidf,0.00043951225961934233
smishing,wan,tfidf__wan,tfidf,0.00043945895083524327
smishing,ingest secret,tfidf__ingest secret,tfidf,0.0004390643684054555
smishing,anytime network,tfidf__anytime network,tfidf,0.0004358974404855596
smishing,hold paytm,tfidf__hold paytm,tfidf,0.00043270892937852056
smishing,embody winner,tfidf__embody winner,tfidf,0.0004320134046301418
smishing,care help,tfidf__care help,tfidf,0.00043052903630684704
smishing,problem,tfidf__problem,tfidf,0.000429734333227335
smishing,accumulate,tfidf__accumulate,tfidf,0.00042972053323011796
smishing,free reply,tfidf__free reply,tfidf,0.000429344363258684
smishing,claim bahamas,tfidf__claim bahamas,tfidf,0.0004279261832105253
smishing,calls help,tfidf__calls help,tfidf,0.00042748149895854647
smishing,unlimited calls,tfidf__unlimited calls,tfidf,0.00042748149895854647
smishing,ls15hb,tfidf__ls15hb,tfidf,0.00042634380457825616
smishing,ls15hb 150p,tfidf__ls15hb 150p,tfidf,0.00042634380457825616
smishing,pobox ls15hb,tfidf__pobox ls15hb,tfidf,0.00042634380457825616
smishing,12hrs,tfidf__12hrs,tfidf,0.000425917572862375
smishing,valid 12hrs,tfidf__valid 12hrs,tfidf,0.000425917572862375
smishing,goes,tfidf__goes,tfidf,0.0004245544050456018
smishing,free calls,tfidf__free calls,tfidf,0.0004214937846596183
smishing,unlimited free,tfidf__unlimited free,tfidf,0.0004214937846596183
smishing,wid mates,tfidf__wid mates,tfidf,0.0004205374171115641
smishing,mobile update,tfidf__mobile update,tfidf,0.0004203895021735417
smishing,currently,tfidf__currently,tfidf,0.0004201423191619454
smishing,school,tfidf__school,tfidf,0.00042012204595952437
smishing,subscribed,tfidf__subscribed,tfidf,0.0004162458107032961
smishing,sell,tfidf__sell,tfidf,0.00041488574884283966
smishing,saying,tfidf__saying,tfidf,0.00041487151164519326
smishing,lets,tfidf__lets,tfidf,0.0004148553961880099
smishing,talk,tfidf__talk,tfidf,0.00041472893373605587
smishing,nab,tfidf__nab,tfidf,0.0004121048291208097
smishing,910,tfidf__910,tfidf,0.0004112483603342041
smishing,deliveredtomorrow,tfidf__deliveredtomorrow,tfidf,0.0004075360357152608
smishing,phone deliveredtomorrow,tfidf__phone deliveredtomorrow,tfidf,0.0004075360357152608
smishing,uk's,tfidf__uk's,tfidf,0.0004070490925020381
smishing,90,tfidf__90,tfidf,0.00040609656461132053
smishing,bought,tfidf__bought,tfidf,0.000406037319022473
smishing,dream,tfidf__dream,tfidf,0.00040510312857514226
smishing,town,tfidf__town,tfidf,0.0004050836886515091
smishing,friendship,tfidf__friendship,tfidf,0.0004050165314156161
smishing,orange,tfidf__orange,tfidf,0.00040431939457960303
smishing,we're,tfidf__we're,tfidf,0.00040409517727512805
smishing,just 25p,tfidf__just 25p,tfidf,0.0004026469651745832
smishing,2003,tfidf__2003,tfidf,0.0004012809838627005
smishing,2003 account,tfidf__2003 account,tfidf,0.0004012809838627005
smishing,private 2003,tfidf__private 2003,tfidf,0.0004012809838627005
smishing,makes,tfidf__makes,tfidf,0.00040032460383237226
smishing,commercial,tfidf__commercial,tfidf,0.00039642301476835133
smishing,maximize,tfidf__maximize,tfidf,0.00039605819479109674
smishing,maximize ur,tfidf__maximize ur,tfidf,0.00039605819479109674
smishing,reply offer,tfidf__reply offer,tfidf,0.0003934393716580096
smishing,zed,tfidf__zed,tfidf,0.0003931148983603378
smishing,price mobileupd8,tfidf__price mobileupd8,tfidf,0.00039145911388344096
smishing,delhi,tfidf__delhi,tfidf,0.00039072245372763785
smishing,uk,tfidf__uk,tfidf,0.0003905298221513851
smishing,3qxj9,tfidf__3qxj9,tfidf,0.00038823718192550877
smishing,3qxj9 unsubscribe,tfidf__3qxj9 unsubscribe,tfidf,0.00038823718192550877
smishing,9ae,tfidf__9ae,tfidf,0.00038823718192550877
smishing,login 3qxj9,tfidf__login 3qxj9,tfidf,0.00038823718192550877
smishing,cater,tfidf__cater,tfidf,0.0003880145471536738
smishing,important message,tfidf__important message,tfidf,0.00038536014440351417
smishing,half,tfidf__half,tfidf,0.000384287055292891
smishing,know secretly,tfidf__know secretly,tfidf,0.000383687046779269
smishing,ts,tfidf__ts,tfidf,0.0003828256109688203
smishing,ts cs,tfidf__ts cs,tfidf,0.0003828256109688203
smishing,tot,tfidf__tot,tfidf,0.0003827561136610952
smishing,king,tfidf__king,tfidf,0.00038249971621729653
smishing,family,tfidf__family,tfidf,0.0003812940124098201
smishing,sir,tfidf__sir,tfidf,0.0003793002722635117
smishing,plots,tfidf__plots,tfidf,0.0003747868226803605
smishing,8th,tfidf__8th,tfidf,0.0003738091885985249
smishing,win free,tfidf__win free,tfidf,0.00037303326712076533
smishing,03,tfidf__03,tfidf,0.00037262143677108806
smishing,watching,tfidf__watching,tfidf,0.0003715055688658321
smishing,mobile 10,tfidf__mobile 10,tfidf,0.00037096659131998346
smishing,camera phonetoken,tfidf__camera phonetoken,tfidf,0.0003699714279579673
smishing,landline delivery,tfidf__landline delivery,tfidf,0.0003699714279579673
smishing,sipix,tfidf__sipix,tfidf,0.0003699714279579673
smishing,sipix digital,tfidf__sipix digital,tfidf,0.0003699714279579673
smishing,al,tfidf__al,tfidf,0.0003694038814400289
smishing,enjoyed,tfidf__enjoyed,tfidf,0.00036889199397646634
smishing,txts,tfidf__txts,tfidf,0.0003688027556027834
smishing,movie,tfidf__movie,tfidf,0.0003677083460797055
smishing,announcement freephone,tfidf__announcement freephone,tfidf,0.0003676474408327997
smishing,tell ur,tfidf__tell ur,tfidf,0.00036758543115236606
smishing,hello,tfidf__hello,tfidf,0.0003671164166362166
smishing,lives,tfidf__lives,tfidf,0.0003670885079958297
smishing,21st,tfidf__21st,tfidf,0.0003665605365048213
smishing,login,tfidf__login,tfidf,0.0003656215688336844
smishing,w1,tfidf__w1,tfidf,0.00036561927424099224
smishing,wk txt,tfidf__wk txt,tfidf,0.0003653789159789537
smishing,2nd attempt,tfidf__2nd attempt,tfidf,0.00036507457568955024
smishing,working,tfidf__working,tfidf,0.00036390402014365044
smishing,you've,tfidf__you've,tfidf,0.00036384900527802505
smishing,enjoyed new,tfidf__enjoyed new,tfidf,0.00036267860001413653
smishing,lar,tfidf__lar,tfidf,0.0003618610311790842
smishing,settings,tfidf__settings,tfidf,0.00036062370024418275
smishing,select,tfidf__select,tfidf,0.00035877871517616273
smishing,linerental,tfidf__linerental,tfidf,0.0003578971604753114
smishing,forget,tfidf__forget,tfidf,0.0003568741719202434
smishing,contract,tfidf__contract,tfidf,0.0003568738661950956
smishing,player,tfidf__player,tfidf,0.0003557138212109095
smishing,box,tfidf__box,tfidf,0.00035552514366860645
smishing,11 04,tfidf__11 04,tfidf,0.00035455886769623007
smishing,fancy,tfidf__fancy,tfidf,0.0003535218468998318
smishing,stop opt,tfidf__stop opt,tfidf,0.000352084734268373
smishing,hope enjoyed,tfidf__hope enjoyed,tfidf,0.00035201709002991526
smishing,mean,tfidf__mean,tfidf,0.0003500981717397828
smishing,http phonetoken,tfidf__http phonetoken,tfidf,0.00034946088112878176
smishing,mobile week,tfidf__mobile week,tfidf,0.00034826129931535944
smishing,orange line,tfidf__orange line,tfidf,0.000347546833037765
smishing,price orange,tfidf__price orange,tfidf,0.000347546833037765
smishing,im,tfidf__im,tfidf,0.00034740367689092876
smishing,gold,tfidf__gold,tfidf,0.00034701015180257856
smishing,minute,tfidf__minute,tfidf,0.0003451340558048458
smishing,min bt,tfidf__min bt,tfidf,0.0003445157111295632
smishing,exciting,tfidf__exciting,tfidf,0.0003434321839225085
smishing,somebody know,tfidf__somebody know,tfidf,0.00034329137649075894
smishing,free minutes,tfidf__free minutes,tfidf,0.00034303641520786794
smishing,1st wk,tfidf__1st wk,tfidf,0.0003424317044426497
smishing,wk free,tfidf__wk free,tfidf,0.0003424317044426497
smishing,colour,tfidf__colour,tfidf,0.00034233026013632216
smishing,ingest won,tfidf__ingest won,tfidf,0.0003422440248311485
smishing,sign,tfidf__sign,tfidf,0.0003419471265568972
smishing,contacted dating,tfidf__contacted dating,tfidf,0.0003408802347531348
smishing,send nokia,tfidf__send nokia,tfidf,0.00033901308694728644
smishing,savamob,tfidf__savamob,tfidf,0.0003385513062535465
smishing,won nokia,tfidf__won nokia,tfidf,0.00033643635277312925
smishing,address,tfidf__address,tfidf,0.00033621973815302515
smishing,phonetoken po,tfidf__phonetoken po,tfidf,0.0003361398878500595
smishing,10 04,tfidf__10 04,tfidf,0.00033611267060771455
smishing,need new,tfidf__need new,tfidf,0.0003356035885913832
smishing,nationwide,tfidf__nationwide,tfidf,0.00033489538214493563
smishing,app,tfidf__app,tfidf,0.0003339094379255925
smishing,embody selected,tfidf__embody selected,tfidf,0.0003320095750301941
smishing,fancies phonetoken,tfidf__fancies phonetoken,tfidf,0.0003301381746589744
smishing,offers,tfidf__offers,tfidf,0.0003285285384391065
smishing,filthy,tfidf__filthy,tfidf,0.0003278337762674538
smishing,good morning,tfidf__good morning,tfidf,0.00032706045812375345
smishing,gentle,tfidf__gentle,tfidf,0.00032677402880480777
smishing,landline phonetoken,tfidf__landline phonetoken,tfidf,0.00032676524051527444
smishing,12mths,tfidf__12mths,tfidf,0.0003244027304858058
smishing,polys,tfidf__polys,tfidf,0.00032349003664631517
smishing,missed,tfidf__missed,tfidf,0.0003227940569665625
smishing,customers,tfidf__customers,tfidf,0.00032161474924228775
smishing,cash send,tfidf__cash send,tfidf,0.0003212305925296712
smishing,81618 week,tfidf__81618 week,tfidf,0.00032112029364460905
smishing,send subpoly,tfidf__send subpoly,tfidf,0.00032112029364460905
smishing,week stop,tfidf__week stop,tfidf,0.00032112029364460905
smishing,weekly ringtone,tfidf__weekly ringtone,tfidf,0.00032112029364460905
smishing,1327,tfidf__1327,tfidf,0.0003208506754100746
smishing,box 1327,tfidf__box 1327,tfidf,0.0003208506754100746
smishing,hot live,tfidf__hot live,tfidf,0.0003208506754100746
smishing,just 20p,tfidf__just 20p,tfidf,0.0003208506754100746
smishing,live fantasies,tfidf__live fantasies,tfidf,0.0003208506754100746
smishing,min ntt,tfidf__min ntt,tfidf,0.0003208506754100746
smishing,amass,tfidf__amass,tfidf,0.0003204276585300195
smishing,reveal thinks,tfidf__reveal thinks,tfidf,0.0003197159610398699
smishing,unclaimed,tfidf__unclaimed,tfidf,0.00031905209127474385
smishing,unsubscribe txt,tfidf__unsubscribe txt,tfidf,0.0003187443428775614
smishing,talk time,tfidf__talk time,tfidf,0.0003183733547610945
smishing,pete,tfidf__pete,tfidf,0.0003174481562211796
smishing,text phonetoken,tfidf__text phonetoken,tfidf,0.0003173202635661408
smishing,successfully,tfidf__successfully,tfidf,0.0003170224985205233
smishing,xx,tfidf__xx,tfidf,0.00031535809875452307
smishing,latest camera,tfidf__latest camera,tfidf,0.0003145123557327769
smishing,i've,tfidf__i've,tfidf,0.00031438803646624157
smishing,supply,tfidf__supply,tfidf,0.00031386702477959733
smishing,supply cds,tfidf__supply cds,tfidf,0.00031386702477959733
smishing,coming,tfidf__coming,tfidf,0.00031376165679180293
smishing,2optout,tfidf__2optout,tfidf,0.00031363178312650264
smishing,love life,tfidf__love life,tfidf,0.0003134928163563292
smishing,postcode,tfidf__postcode,tfidf,0.00031047181036557357
smishing,reply real,tfidf__reply real,tfidf,0.00031009703764983974
smishing,tmr,tfidf__tmr,tfidf,0.0003097362803412376
smishing,bus,tfidf__bus,tfidf,0.0003096912348303461
smishing,40,tfidf__40,tfidf,0.0003084395871904567
smishing,2lands,tfidf__2lands,tfidf,0.000307055451845191
smishing,2lands row,tfidf__2lands row,tfidf,0.000307055451845191
smishing,hg,tfidf__hg,tfidf,0.000307055451845191
smishing,hg suite342,tfidf__hg suite342,tfidf,0.000307055451845191
smishing,suite342,tfidf__suite342,tfidf,0.000307055451845191
smishing,suite342 2lands,tfidf__suite342 2lands,tfidf,0.000307055451845191
smishing,ice,tfidf__ice,tfidf,0.00030629968312720053
smishing,thinks,tfidf__thinks,tfidf,0.000305905510714613
smishing,25p free,tfidf__25p free,tfidf,0.00030450130200817714
smishing,89693,tfidf__89693,tfidf,0.00030450130200817714
smishing,area just,tfidf__area just,tfidf,0.00030450130200817714
smishing,free receive,tfidf__free receive,tfidf,0.00030450130200817714
smishing,guys ur,tfidf__guys ur,tfidf,0.00030450130200817714
smishing,new textbuddy,tfidf__new textbuddy,tfidf,0.00030450130200817714
smishing,postcode urltoken,tfidf__postcode urltoken,tfidf,0.00030450130200817714
smishing,receive search,tfidf__receive search,tfidf,0.00030450130200817714
smishing,search postcode,tfidf__search postcode,tfidf,0.00030450130200817714
smishing,textbuddy,tfidf__textbuddy,tfidf,0.00030450130200817714
smishing,textbuddy chat,tfidf__textbuddy chat,tfidf,0.00030450130200817714
smishing,txt 89693,tfidf__txt 89693,tfidf,0.00030450130200817714
smishing,87077,tfidf__87077,tfidf,0.00030328009526501334
smishing,await,tfidf__await,tfidf,0.00030124946264946574
smishing,hey,tfidf__hey,tfidf,0.0003003070270773816
smishing,date,tfidf__date,tfidf,0.00029868079487942314
smishing,reply date,tfidf__reply date,tfidf,0.00029738114236327703
smishing,deal,tfidf__deal,tfidf,0.0002972561076655412
smishing,holder,tfidf__holder,tfidf,0.0002944061066338408
smishing,friend reply,tfidf__friend reply,tfidf,0.0002938247020679894
smishing,bid phonetoken,tfidf__bid phonetoken,tfidf,0.00029292774596514573
smishing,inform,tfidf__inform,tfidf,0.00029240525399652827
smishing,220cm2,tfidf__220cm2,tfidf,0.00028903217192959225
smishing,220cm2 9ae,tfidf__220cm2 9ae,tfidf,0.00028903217192959225
smishing,comuk,tfidf__comuk,tfidf,0.00028903217192959225
smishing,comuk 220cm2,tfidf__comuk 220cm2,tfidf,0.00028903217192959225
smishing,gotto,tfidf__gotto,tfidf,0.00028903217192959225
smishing,gotto urltoken,tfidf__gotto urltoken,tfidf,0.00028903217192959225
smishing,phonetoken comuk,tfidf__phonetoken comuk,tfidf,0.00028903217192959225
smishing,pls gotto,tfidf__pls gotto,tfidf,0.00028903217192959225
smishing,customer computer,tfidf__customer computer,tfidf,0.00028871263039223255
smishing,vodafone customer,tfidf__vodafone customer,tfidf,0.00028871263039223255
smishing,rates apply,tfidf__rates apply,tfidf,0.0002882703162022967
smishing,female live,tfidf__female live,tfidf,0.00028783469725864524
smishing,freemsg haven't,tfidf__freemsg haven't,tfidf,0.00028783469725864524
smishing,live local,tfidf__live local,tfidf,0.00028783469725864524
smishing,local luv,tfidf__local luv,tfidf,0.00028783469725864524
smishing,reveal recall,tfidf__reveal recall,tfidf,0.0002861310610424162
smishing,attempt touch,tfidf__attempt touch,tfidf,0.00028607392173925455
smishing,chat guys,tfidf__chat guys,tfidf,0.00028378872914499697
smishing,phonetoken land,tfidf__phonetoken land,tfidf,0.000283561224017449
smishing,didn't,tfidf__didn't,tfidf,0.00028298180261401775
smishing,wanna,tfidf__wanna,tfidf,0.000282773382630255
smishing,fast,tfidf__fast,tfidf,0.0002825033620606838
smishing,busy,tfidf__busy,tfidf,0.00028219214337670055
smishing,await collection,tfidf__await collection,tfidf,0.00028207430443851866
smishing,home,tfidf__home,tfidf,0.0002808430268525573
smishing,answer easy,tfidf__answer easy,tfidf,0.0002799654522406925
smishing,easy questions,tfidf__easy questions,tfidf,0.0002799654522406925
smishing,won just,tfidf__won just,tfidf,0.0002799654522406925
smishing,bears,tfidf__bears,tfidf,0.0002799363145524956
smishing,ill,tfidf__ill,tfidf,0.00027982770136847845
smishing,female,tfidf__female,tfidf,0.00027892733323126853
smishing,fantasies,tfidf__fantasies,tfidf,0.00027871514618506586
smishing,mates,tfidf__mates,tfidf,0.0002786041320738463
smishing,text i'm,tfidf__text i'm,tfidf,0.00027758872615191084
smishing,8077,tfidf__8077,tfidf,0.00027756596830448923
smishing,nokia 8077,tfidf__nokia 8077,tfidf,0.00027756596830448923
smishing,experience embody,tfidf__experience embody,tfidf,0.00027735047941882034
smishing,urltoken reply,tfidf__urltoken reply,tfidf,0.00027694505344593156
smishing,standard,tfidf__standard,tfidf,0.0002760430758527305
smishing,ur chance,tfidf__ur chance,tfidf,0.0002753914383836204
smishing,free camera,tfidf__free camera,tfidf,0.000273830887794157
smishing,900,tfidf__900,tfidf,0.000273245487417308
smishing,phonetoken text,tfidf__phonetoken text,tfidf,0.00027193127830341546
smishing,text help,tfidf__text help,tfidf,0.00027193127830341546
smishing,feb,tfidf__feb,tfidf,0.00027176153956875223
smishing,pounds maximize,tfidf__pounds maximize,tfidf,0.0002711104344135467
smishing,mob week,tfidf__mob week,tfidf,0.0002697099378804399
smishing,prizes,tfidf__prizes,tfidf,0.00026815818701652244
smishing,watch,tfidf__watch,tfidf,0.0002670088313511064
smishing,frnd,tfidf__frnd,tfidf,0.00026628795609697533
smishing,age23,tfidf__age23,tfidf,0.00026529903489907623
smishing,age23 blonde,tfidf__age23 blonde,tfidf,0.00026529903489907623
smishing,blonde,tfidf__blonde,tfidf,0.00026529903489907623
smishing,blonde new,tfidf__blonde new,tfidf,0.00026529903489907623
smishing,fun text,tfidf__fun text,tfidf,0.00026529903489907623
smishing,guys like,tfidf__guys like,tfidf,0.00026529903489907623
smishing,mila,tfidf__mila,tfidf,0.00026529903489907623
smishing,mila age23,tfidf__mila age23,tfidf,0.00026529903489907623
smishing,mtalk,tfidf__mtalk,tfidf,0.00026529903489907623
smishing,new uk,tfidf__new uk,tfidf,0.00026529903489907623
smishing,sex uk,tfidf__sex uk,tfidf,0.00026529903489907623
smishing,text mtalk,tfidf__text mtalk,tfidf,0.00026529903489907623
smishing,uk guys,tfidf__uk guys,tfidf,0.00026529903489907623
smishing,account suspension,tfidf__account suspension,tfidf,0.00026526219593053427
smishing,activity,tfidf__activity,tfidf,0.00026526219593053427
smishing,log secure,tfidf__log secure,tfidf,0.00026526219593053427
smishing,suspension,tfidf__suspension,tfidf,0.00026526219593053427
smishing,unusual activity,tfidf__unusual activity,tfidf,0.00026526219593053427
smishing,wont,tfidf__wont,tfidf,0.00026486612116848784
smishing,10am 9pm,tfidf__10am 9pm,tfidf,0.00026425514482261307
smishing,line claim,tfidf__line claim,tfidf,0.00026407959606764936
smishing,02,tfidf__02,tfidf,0.0002640755590241078
smishing,randy,tfidf__randy,tfidf,0.00026392205316868764
smishing,locations,tfidf__locations,tfidf,0.0002631915610712418
smishing,lover,tfidf__lover,tfidf,0.0002626278251432413
smishing,15,tfidf__15,tfidf,0.0002625400794941054
smishing,recall,tfidf__recall,tfidf,0.0002623406464288124
smishing,cool,tfidf__cool,tfidf,0.0002620615214751326
smishing,xxx pics,tfidf__xxx pics,tfidf,0.0002616000050622401
smishing,launch,tfidf__launch,tfidf,0.0002615647515395451
smishing,beautiful,tfidf__beautiful,tfidf,0.0002613213511738104
smishing,advise,tfidf__advise,tfidf,0.00026118377472789404
smishing,inviting,tfidf__inviting,tfidf,0.00026070186007534244
smishing,couple,tfidf__couple,tfidf,0.0002599250044687397
smishing,wks,tfidf__wks,tfidf,0.00025943182736089704
smishing,chat 86688,tfidf__chat 86688,tfidf,0.0002594268498061709
smishing,1d,tfidf__1d,tfidf,0.00025934963211319157
smishing,apple 1d,tfidf__apple 1d,tfidf,0.00025934963211319157
smishing,today prevent,tfidf__today prevent,tfidf,0.00025934963211319157
smishing,2000 prize,tfidf__2000 prize,tfidf,0.00025901769784581114
smishing,chat date,tfidf__chat date,tfidf,0.00025812753216126376
smishing,direct,tfidf__direct,tfidf,0.00025792413193096743
smishing,unusual,tfidf__unusual,tfidf,0.0002572279891342749
smishing,calling,tfidf__calling,tfidf,0.000257121641863788
smishing,lodge,tfidf__lodge,tfidf,0.0002563039934851435
smishing,9pm,tfidf__9pm,tfidf,0.0002560153102298129
smishing,just text,tfidf__just text,tfidf,0.00025596381447484846
smishing,just answer,tfidf__just answer,tfidf,0.00025576031447737134
smishing,collect phonetoken,tfidf__collect phonetoken,tfidf,0.00025501719505145515
smishing,exit,tfidf__exit,tfidf,0.00025479816786228574
smishing,84128 custcare,tfidf__84128 custcare,tfidf,0.00025417687897431553
smishing,charged 150p,tfidf__charged 150p,tfidf,0.00025417687897431553
smishing,comp 1st,tfidf__comp 1st,tfidf,0.00025417687897431553
smishing,follows,tfidf__follows,tfidf,0.00025417687897431553
smishing,follows subsequent,tfidf__follows subsequent,tfidf,0.00025417687897431553
smishing,free question,tfidf__free question,tfidf,0.00025417687897431553
smishing,msg unsubscribe,tfidf__msg unsubscribe,tfidf,0.00025417687897431553
smishing,question follows,tfidf__question follows,tfidf,0.00025417687897431553
smishing,subsequent,tfidf__subsequent,tfidf,0.00025417687897431553
smishing,subsequent wks,tfidf__subsequent wks,tfidf,0.00025417687897431553
smishing,textcomp,tfidf__textcomp,tfidf,0.00025417687897431553
smishing,textcomp 250,tfidf__textcomp 250,tfidf,0.00025417687897431553
smishing,wks charged,tfidf__wks charged,tfidf,0.00025417687897431553
smishing,xmas,tfidf__xmas,tfidf,0.00025327245362807046
smishing,uk mobile,tfidf__uk mobile,tfidf,0.0002526356797007397
smishing,send chat,tfidf__send chat,tfidf,0.00025194275094215975
smishing,feeling,tfidf__feeling,tfidf,0.0002516681097979496
smishing,football,tfidf__football,tfidf,0.0002512374396178548
smishing,daily,tfidf__daily,tfidf,0.00025101291360782053
smishing,po box,tfidf__po box,tfidf,0.0002502896628393074
smishing,friendly,tfidf__friendly,tfidf,0.0002492830684900069
smishing,friendly reminder,tfidf__friendly reminder,tfidf,0.0002492830684900069
smishing,reminder don't,tfidf__reminder don't,tfidf,0.0002492830684900069
smishing,sam update,tfidf__sam update,tfidf,0.0002492830684900069
smishing,update day,tfidf__update day,tfidf,0.0002492830684900069
smishing,10 days,tfidf__10 days,tfidf,0.0002488611504758382
smishing,rock,tfidf__rock,tfidf,0.00024873463310381234
smishing,westpac,tfidf__westpac,tfidf,0.00024675788346618975
smishing,hav,tfidf__hav,tfidf,0.0002461086858326838
smishing,25,tfidf__25,tfidf,0.0002460887419383705
smishing,250k,tfidf__250k,tfidf,0.00024592864854279875
smishing,250k dream,tfidf__250k dream,tfidf,0.00024592864854279875
smishing,88088,tfidf__88088,tfidf,0.00024592864854279875
smishing,active,tfidf__active,tfidf,0.00024592864854279875
smishing,dream team,tfidf__dream team,tfidf,0.00024592864854279875
smishing,fantasy,tfidf__fantasy,tfidf,0.00024592864854279875
smishing,fantasy football,tfidf__fantasy football,tfidf,0.00024592864854279875
smishing,gamestar,tfidf__gamestar,tfidf,0.00024592864854279875
smishing,gamestar sky,tfidf__gamestar sky,tfidf,0.00024592864854279875
smishing,register,tfidf__register,tfidf,0.00024592864854279875
smishing,register sky,tfidf__register sky,tfidf,0.00024592864854279875
smishing,sky active,tfidf__sky active,tfidf,0.00024592864854279875
smishing,convey,tfidf__convey,tfidf,0.0002458720822439042
smishing,dear voucher,tfidf__dear voucher,tfidf,0.00024461460170913785
smishing,voucher holder,tfidf__voucher holder,tfidf,0.00024461460170913785
smishing,single,tfidf__single,tfidf,0.0002442466809544931
smishing,visit urltoken,tfidf__visit urltoken,tfidf,0.0002430173250458607
smishing,000 award,tfidf__000 award,tfidf,0.00024224736747960332
smishing,u've,tfidf__u've,tfidf,0.00024201316146577458
smishing,150p daily,tfidf__150p daily,tfidf,0.00024093636947582358
smishing,89123,tfidf__89123,tfidf,0.00024093636947582358
smishing,date msg,tfidf__date msg,tfidf,0.00024093636947582358
smishing,future mgs,tfidf__future mgs,tfidf,0.00024093636947582358
smishing,mgs,tfidf__mgs,tfidf,0.00024093636947582358
smishing,mobile date,tfidf__mobile date,tfidf,0.00024093636947582358
smishing,phonetoken future,tfidf__phonetoken future,tfidf,0.00024093636947582358
smishing,stop 89123,tfidf__stop 89123,tfidf,0.00024093636947582358
smishing,welcome uk,tfidf__welcome uk,tfidf,0.00024093636947582358
smishing,win 250,tfidf__win 250,tfidf,0.00024023769697030365
smishing,11500,tfidf__11500,tfidf,0.00023994283414955137
smishing,11500 psf,tfidf__11500 psf,tfidf,0.00023994283414955137
smishing,124,tfidf__124,tfidf,0.00023994283414955137
smishing,124 8200,tfidf__124 8200,tfidf,0.00023994283414955137
smishing,12500,tfidf__12500,tfidf,0.00023994283414955137
smishing,12500 psf,tfidf__12500 psf,tfidf,0.00023994283414955137
smishing,18 silver,tfidf__18 silver,tfidf,0.00023994283414955137
smishing,8200,tfidf__8200,tfidf,0.00023994283414955137
smishing,8200 psf,tfidf__8200 psf,tfidf,0.00023994283414955137
smishing,best deal,tfidf__best deal,tfidf,0.00023994283414955137
smishing,commercial wave,tfidf__commercial wave,tfidf,0.00023994283414955137
smishing,deal phonetoken,tfidf__deal phonetoken,tfidf,0.00023994283414955137
smishing,gold 12500,tfidf__gold 12500,tfidf,0.00023994283414955137
smishing,logix,tfidf__logix,tfidf,0.00023994283414955137
smishing,logix sec,tfidf__logix sec,tfidf,0.00023994283414955137
smishing,noida commercial,tfidf__noida commercial,tfidf,0.00023994283414955137
smishing,psf best,tfidf__psf best,tfidf,0.00023994283414955137
smishing,psf gold,tfidf__psf gold,tfidf,0.00023994283414955137
smishing,psf logix,tfidf__psf logix,tfidf,0.00023994283414955137
smishing,sec 124,tfidf__sec 124,tfidf,0.00023994283414955137
smishing,sec 18,tfidf__sec 18,tfidf,0.00023994283414955137
smishing,silver 11500,tfidf__silver 11500,tfidf,0.00023994283414955137
smishing,wave,tfidf__wave,tfidf,0.00023994283414955137
smishing,wave sec,tfidf__wave sec,tfidf,0.00023994283414955137
smishing,40gb,tfidf__40gb,tfidf,0.00023910633522699395
smishing,40gb ipod,tfidf__40gb ipod,tfidf,0.00023910633522699395
smishing,20,tfidf__20,tfidf,0.00023910503806635642
smishing,free send,tfidf__free send,tfidf,0.0002389079271718331
smishing,ringtone 1st,tfidf__ringtone 1st,tfidf,0.0002389079271718331
smishing,review mob,tfidf__review mob,tfidf,0.00023772853955559872
smishing,beware,tfidf__beware,tfidf,0.00023729887862201015
smishing,wil,tfidf__wil,tfidf,0.00023624181581592335
smishing,guaranteed caller,tfidf__guaranteed caller,tfidf,0.0002355040613215793
smishing,winner guaranteed,tfidf__winner guaranteed,tfidf,0.0002355040613215793
smishing,admirer exist,tfidf__admirer exist,tfidf,0.0002345109018418964
smishing,80062,tfidf__80062,tfidf,0.0002342016760124226
smishing,opt 88088,tfidf__opt 88088,tfidf,0.00023388572832658576
smishing,sky opt,tfidf__sky opt,tfidf,0.00023388572832658576
smishing,inviting friend,tfidf__inviting friend,tfidf,0.0002337993971407113
smishing,miss,tfidf__miss,tfidf,0.00023304857086689696
smishing,experience won,tfidf__experience won,tfidf,0.00023251628916745598
smishing,recall ur,tfidf__recall ur,tfidf,0.00023124676270960535
smishing,del,tfidf__del,tfidf,0.00023090016547695023
smishing,suite,tfidf__suite,tfidf,0.00023007477783246338
smishing,matches phonetoken,tfidf__matches phonetoken,tfidf,0.00022809600691845526
smishing,sony,tfidf__sony,tfidf,0.0002257723108472833
smishing,wit,tfidf__wit,tfidf,0.0002255442288498113
smishing,0870,tfidf__0870,tfidf,0.00022489670747038488
smishing,forwarded phonetoken,tfidf__forwarded phonetoken,tfidf,0.00022420765330252764
smishing,mailbox,tfidf__mailbox,tfidf,0.00022420765330252764
smishing,messages matches,tfidf__messages matches,tfidf,0.00022420765330252764
smishing,phonetoken hi,tfidf__phonetoken hi,tfidf,0.00022420765330252764
smishing,sms alert,tfidf__sms alert,tfidf,0.00022420765330252764
smishing,mobile content,tfidf__mobile content,tfidf,0.00022337698478468724
smishing,cancel,tfidf__cancel,tfidf,0.0002219100746237097
smishing,starts saturday,tfidf__starts saturday,tfidf,0.00022180691255890915
smishing,key,tfidf__key,tfidf,0.00022156177522095194
smishing,try,tfidf__try,tfidf,0.00022130584169068873
smishing,camera phone,tfidf__camera phone,tfidf,0.0002211757292529079
smishing,room,tfidf__room,tfidf,0.00022028319168466626
smishing,mths,tfidf__mths,tfidf,0.00022003661028744531
smishing,rs 5000,tfidf__rs 5000,tfidf,0.00021965870024075147
smishing,romantic,tfidf__romantic,tfidf,0.0002188466219645887
smishing,offer pc,tfidf__offer pc,tfidf,0.00021856769906806022
smishing,weeks offer,tfidf__weeks offer,tfidf,0.00021856769906806022
smishing,08704439680ts,tfidf__08704439680ts,tfidf,0.00021843158902784147
smishing,08704439680ts cs,tfidf__08704439680ts cs,tfidf,0.00021843158902784147
smishing,79,tfidf__79,tfidf,0.00021843158902784147
smishing,79 book,tfidf__79 book,tfidf,0.00021843158902784147
smishing,book year,tfidf__book year,tfidf,0.00021843158902784147
smishing,flights 79,tfidf__flights 79,tfidf,0.00021843158902784147
smishing,nights flights,tfidf__nights flights,tfidf,0.00021843158902784147
smishing,paris nights,tfidf__paris nights,tfidf,0.00021843158902784147
smishing,romantic paris,tfidf__romantic paris,tfidf,0.00021843158902784147
smishing,year 08704439680ts,tfidf__year 08704439680ts,tfidf,0.00021843158902784147
smishing,sp,tfidf__sp,tfidf,0.0002181174186557837
smishing,row w1j6hl,tfidf__row w1j6hl,tfidf,0.00021773742636075697
smishing,w1j6hl,tfidf__w1j6hl,tfidf,0.00021773742636075697
smishing,wen,tfidf__wen,tfidf,0.00021734235274890624
smishing,urltoken free,tfidf__urltoken free,tfidf,0.00021707575000022935
smishing,network customer,tfidf__network customer,tfidf,0.00021693585776848091
smishing,network mins,tfidf__network mins,tfidf,0.00021635859448325677
smishing,revising,tfidf__revising,tfidf,0.0002155507699512183
smishing,revising soon,tfidf__revising soon,tfidf,0.0002155507699512183
smishing,wow,tfidf__wow,tfidf,0.00021537919299516136
smishing,18 150p,tfidf__18 150p,tfidf,0.00021441428203304867
smishing,pc,tfidf__pc,tfidf,0.00021413659287271948
smishing,82242,tfidf__82242,tfidf,0.00021326804458232185
smishing,ringtone reply,tfidf__ringtone reply,tfidf,0.00021247981561291443
smishing,offering,tfidf__offering,tfidf,0.00021231660023458422
smishing,offering tones,tfidf__offering tones,tfidf,0.00021231660023458422
smishing,pound offering,tfidf__pound offering,tfidf,0.00021231660023458422
smishing,cds,tfidf__cds,tfidf,0.00021171338536967382
smishing,connect,tfidf__connect,tfidf,0.0002115205073530824
smishing,7250i,tfidf__7250i,tfidf,0.00021150786520395722
smishing,nokia 7250i,tfidf__nokia 7250i,tfidf,0.00021150786520395722
smishing,nokia motorola,tfidf__nokia motorola,tfidf,0.000211313973321588
smishing,yup,tfidf__yup,tfidf,0.00021105120438580252
smishing,callback,tfidf__callback,tfidf,0.00021094374274489128
smishing,yes callback,tfidf__yes callback,tfidf,0.00021094374274489128
smishing,colour mobiles,tfidf__colour mobiles,tfidf,0.0002108482702058778
smishing,mobiles camera,tfidf__mobiles camera,tfidf,0.0002108482702058778
smishing,rates,tfidf__rates,tfidf,0.00021004106496043485
smishing,warm,tfidf__warm,tfidf,0.00020971646682603918
smishing,date phonetoken,tfidf__date phonetoken,tfidf,0.0002082895665527097
smishing,landlines,tfidf__landlines,tfidf,0.0002082895665527097
smishing,min landlines,tfidf__min landlines,tfidf,0.0002082895665527097
smishing,phonetoken bt,tfidf__phonetoken bt,tfidf,0.0002082895665527097
smishing,fun,tfidf__fun,tfidf,0.0002074049098100743
smishing,mono,tfidf__mono,tfidf,0.00020740118151499448
smishing,don,tfidf__don,tfidf,0.00020732727059878713
smishing,75max,tfidf__75max,tfidf,0.00020619488091648376
smishing,blu concert,tfidf__blu concert,tfidf,0.00020619488091648376
smishing,blu gift,tfidf__blu gift,tfidf,0.00020619488091648376
smishing,row tickets,tfidf__row tickets,tfidf,0.00020619488091648376
smishing,tickets blu,tfidf__tickets blu,tfidf,0.00020619488091648376
smishing,vip row,tfidf__vip row,tfidf,0.00020619488091648376
smishing,114,tfidf__114,tfidf,0.00020576882970582593
smishing,114 14,tfidf__114 14,tfidf,0.00020576882970582593
smishing,14 tcr,tfidf__14 tcr,tfidf,0.00020576882970582593
smishing,box 114,tfidf__box 114,tfidf,0.00020576882970582593
smishing,tcr,tfidf__tcr,tfidf,0.00020576882970582593
smishing,tcr w1,tfidf__tcr w1,tfidf,0.00020576882970582593
smishing,urgent phonetoken,tfidf__urgent phonetoken,tfidf,0.0002052549133752775
smishing,free join,tfidf__free join,tfidf,0.0002052070729550915
smishing,fantastic surprise,tfidf__fantastic surprise,tfidf,0.00020488444572679408
smishing,user today,tfidf__user today,tfidf,0.00020488444572679408
smishing,camera free,tfidf__camera free,tfidf,0.0002043338007093848
smishing,birthday,tfidf__birthday,tfidf,0.0002039288975744984
smishing,questions send,tfidf__questions send,tfidf,0.00020365486039038125
smishing,messages new,tfidf__messages new,tfidf,0.00020342150601226908
smishing,phone half,tfidf__phone half,tfidf,0.00020342150601226908
smishing,xmas 100,tfidf__xmas 100,tfidf,0.00020342150601226908
smishing,fromm,tfidf__fromm,tfidf,0.0002029879363781492
smishing,fromm landline,tfidf__fromm landline,tfidf,0.0002029879363781492
smishing,phonetoken fromm,tfidf__phonetoken fromm,tfidf,0.0002029879363781492
smishing,really want,tfidf__really want,tfidf,0.0002028492895196573
smishing,today embody,tfidf__today embody,tfidf,0.00020272342905874424
smishing,00 gbp,tfidf__00 gbp,tfidf,0.00020230857030969728
smishing,apple online,tfidf__apple online,tfidf,0.00020230857030969728
smishing,debit,tfidf__debit,tfidf,0.00020230857030969728
smishing,debit card,tfidf__debit card,tfidf,0.00020230857030969728
smishing,fraud,tfidf__fraud,tfidf,0.00020230857030969728
smishing,gbp urgently,tfidf__gbp urgently,tfidf,0.00020230857030969728
smishing,sms urltoken,tfidf__sms urltoken,tfidf,0.00020230857030969728
smishing,urgently fraud,tfidf__urgently fraud,tfidf,0.00020230857030969728
smishing,prize final,tfidf__prize final,tfidf,0.00020200692595069374
smishing,bout,tfidf__bout,tfidf,0.00020198322578823607
smishing,day log,tfidf__day log,tfidf,0.0002016573877989269
smishing,suspended,tfidf__suspended,tfidf,0.00020140945123671203
smishing,https,tfidf__https,tfidf,0.00020116395539908534
smishing,https urltoken,tfidf__https urltoken,tfidf,0.00020116395539908534
smishing,activated activate,tfidf__activated activate,tfidf,0.00020112795571053345
smishing,mobile landline,tfidf__mobile landline,tfidf,0.0002009719124059877
smishing,phonetoken pobox75ldns7,tfidf__phonetoken pobox75ldns7,tfidf,0.0002009719124059877
smishing,pobox75ldns7,tfidf__pobox75ldns7,tfidf,0.0002009719124059877
smishing,coronavirus,tfidf__coronavirus,tfidf,0.0002007455207937958
smishing,day urltoken,tfidf__day urltoken,tfidf,0.00020051251245895954
smishing,awaiting,tfidf__awaiting,tfidf,0.00020047523389420466
smishing,claim free,tfidf__claim free,tfidf,0.00019994194988371563
smishing,8077 urltoken,tfidf__8077 urltoken,tfidf,0.00019988491750742832
smishing,urltoken phonetoken,tfidf__urltoken phonetoken,tfidf,0.00019953173772573534
smishing,msg free,tfidf__msg free,tfidf,0.00019917083962558583
smishing,account information,tfidf__account information,tfidf,0.00019910754267713632
smishing,coronavirus penalty,tfidf__coronavirus penalty,tfidf,0.00019910754267713632
smishing,fine 35,tfidf__fine 35,tfidf,0.00019910754267713632
smishing,information visit,tfidf__information visit,tfidf,0.00019910754267713632
smishing,occasions yesterday,tfidf__occasions yesterday,tfidf,0.00019910754267713632
smishing,yesterday fine,tfidf__yesterday fine,tfidf,0.00019910754267713632
smishing,access airtel,tfidf__access airtel,tfidf,0.00019868625775009945
smishing,activation,tfidf__activation,tfidf,0.00019868625775009945
smishing,activation rental,tfidf__activation rental,tfidf,0.00019868625775009945
smishing,browser,tfidf__browser,tfidf,0.00019868625775009945
smishing,browser select,tfidf__browser select,tfidf,0.00019868625775009945
smishing,browsing,tfidf__browsing,tfidf,0.00019868625775009945
smishing,browsing charges,tfidf__browsing charges,tfidf,0.00019868625775009945
smishing,charges airtel,tfidf__charges airtel,tfidf,0.00019868625775009945
smishing,internet browser,tfidf__internet browser,tfidf,0.00019868625775009945
smishing,key nokia,tfidf__key nokia,tfidf,0.00019868625775009945
smishing,launch internet,tfidf__launch internet,tfidf,0.00019868625775009945
smishing,live goto,tfidf__live goto,tfidf,0.00019868625775009945
smishing,live long,tfidf__live long,tfidf,0.00019868625775009945
smishing,mms settings,tfidf__mms settings,tfidf,0.00019868625775009945
smishing,mobile office,tfidf__mobile office,tfidf,0.00019868625775009945
smishing,nokia phones,tfidf__nokia phones,tfidf,0.00019868625775009945
smishing,phone access,tfidf__phone access,tfidf,0.00019868625775009945
smishing,phones launch,tfidf__phones launch,tfidf,0.00019868625775009945
smishing,rental browsing,tfidf__rental browsing,tfidf,0.00019868625775009945
smishing,select airtel,tfidf__select airtel,tfidf,0.00019868625775009945
smishing,ingest match,tfidf__ingest match,tfidf,0.00019868488651314498
smishing,specially choose,tfidf__specially choose,tfidf,0.00019859292254749658
smishing,free mobile,tfidf__free mobile,tfidf,0.00019656394494563646
smishing,2nite,tfidf__2nite,tfidf,0.00019546344051077802
smishing,1500,tfidf__1500,tfidf,0.00019495842680097926
smishing,2005 text,tfidf__2005 text,tfidf,0.00019462192517798277
smishing,21st 2005,tfidf__21st 2005,tfidf,0.00019462192517798277
smishing,87121,tfidf__87121,tfidf,0.00019462192517798277
smishing,entry question,tfidf__entry question,tfidf,0.00019462192517798277
smishing,entry wkly,tfidf__entry wkly,tfidf,0.00019462192517798277
smishing,fa 87121,tfidf__fa 87121,tfidf,0.00019462192517798277
smishing,fa cup,tfidf__fa cup,tfidf,0.00019462192517798277
smishing,final tkts,tfidf__final tkts,tfidf,0.00019462192517798277
smishing,text fa,tfidf__text fa,tfidf,0.00019462192517798277
smishing,tkts 21st,tfidf__tkts 21st,tfidf,0.00019462192517798277
smishing,driving,tfidf__driving,tfidf,0.00019377319781275067
smishing,bonus caller,tfidf__bonus caller,tfidf,0.00019267794649157033
smishing,gbs630y,tfidf__gbs630y,tfidf,0.00019191571457771937
smishing,urltoken gbs630y,tfidf__urltoken gbs630y,tfidf,0.00019191571457771937
smishing,84,tfidf__84,tfidf,0.00019153132484631
smishing,drive,tfidf__drive,tfidf,0.0001914194414356331
smishing,december mobile,tfidf__december mobile,tfidf,0.00019118295926274034
smishing,numbers ending,tfidf__numbers ending,tfidf,0.00019009780045187364
smishing,phonetoken free,tfidf__phonetoken free,tfidf,0.00018988420718532911
smishing,easy just,tfidf__easy just,tfidf,0.00018979152955994892
smishing,phonetoken update,tfidf__phonetoken update,tfidf,0.00018928946022999255
smishing,surprise,tfidf__surprise,tfidf,0.00018891106294312523
smishing,urltoken pay,tfidf__urltoken pay,tfidf,0.00018881238959833537
smishing,freephone,tfidf__freephone,tfidf,0.00018829818076314254
smishing,freephone phonetoken,tfidf__freephone phonetoken,tfidf,0.00018829818076314254
smishing,mobile cs,tfidf__mobile cs,tfidf,0.00018809036197829038
smishing,3030,tfidf__3030,tfidf,0.00018778558333095094
smishing,3030 valid,tfidf__3030 valid,tfidf,0.00018778558333095094
smishing,claim 3030,tfidf__claim 3030,tfidf,0.00018778558333095094
smishing,ending,tfidf__ending,tfidf,0.00018643707746617921
smishing,customer upgrade,tfidf__customer upgrade,tfidf,0.00018640765820501814
smishing,trip,tfidf__trip,tfidf,0.00018624214456508634
smishing,2004 txt,tfidf__2004 txt,tfidf,0.00018581923586668262
smishing,2optout phonetoken,tfidf__2optout phonetoken,tfidf,0.00018581923586668262
smishing,50gbp,tfidf__50gbp,tfidf,0.00018581923586668262
smishing,50gbp mtmsg18,tfidf__50gbp mtmsg18,tfidf,0.00018581923586668262
smishing,89545,tfidf__89545,tfidf,0.00018581923586668262
smishing,89545 collect,tfidf__89545 collect,tfidf,0.00018581923586668262
smishing,collect today,tfidf__collect today,tfidf,0.00018581923586668262
smishing,mobiles 2004,tfidf__mobiles 2004,tfidf,0.00018581923586668262
smishing,mtmsg18,tfidf__mtmsg18,tfidf,0.00018581923586668262
smishing,new mobiles,tfidf__new mobiles,tfidf,0.00018581923586668262
smishing,nokia 89545,tfidf__nokia 89545,tfidf,0.00018581923586668262
smishing,phonetoken 50gbp,tfidf__phonetoken 50gbp,tfidf,0.00018581923586668262
smishing,urltoken 2optout,tfidf__urltoken 2optout,tfidf,0.00018581923586668262
smishing,press,tfidf__press,tfidf,0.0001855058786907484
smishing,place stop,tfidf__place stop,tfidf,0.00018505494413600688
smishing,text camcorder,tfidf__text camcorder,tfidf,0.00018476034392726065
smishing,comprise,tfidf__comprise,tfidf,0.00018454547577188932
smishing,16 stop,tfidf__16 stop,tfidf,0.0001844459141754743
smishing,3hrs,tfidf__3hrs,tfidf,0.0001844459141754743
smishing,3hrs 16,tfidf__3hrs 16,tfidf,0.0001844459141754743
smishing,86888,tfidf__86888,tfidf,0.0001844459141754743
smishing,hours talk,tfidf__hours talk,tfidf,0.0001844459141754743
smishing,mnth,tfidf__mnth,tfidf,0.0001844459141754743
smishing,mnth 3hrs,tfidf__mnth 3hrs,tfidf,0.0001844459141754743
smishing,phone subscribe6gbp,tfidf__phone subscribe6gbp,tfidf,0.0001844459141754743
smishing,reward hours,tfidf__reward hours,tfidf,0.0001844459141754743
smishing,stop txtstop,tfidf__stop txtstop,tfidf,0.0001844459141754743
smishing,subscribe6gbp,tfidf__subscribe6gbp,tfidf,0.0001844459141754743
smishing,subscribe6gbp mnth,tfidf__subscribe6gbp mnth,tfidf,0.0001844459141754743
smishing,txt 86888,tfidf__txt 86888,tfidf,0.0001844459141754743
smishing,txtstop,tfidf__txtstop,tfidf,0.0001844459141754743
smishing,cup final,tfidf__cup final,tfidf,0.00018348289280118983
smishing,tkts,tfidf__tkts,tfidf,0.00018348289280118983
smishing,embody friend,tfidf__embody friend,tfidf,0.00018322666248205753
smishing,121,tfidf__121,tfidf,0.00018319849676136046
smishing,5000 cash,tfidf__5000 cash,tfidf,0.00018240380165793685
smishing,equal,tfidf__equal,tfidf,0.00018218329313520598
smishing,exist easy,tfidf__exist easy,tfidf,0.0001821729240839012
smishing,fl1pkart,tfidf__fl1pkart,tfidf,0.00018215996318758144
smishing,w0n,tfidf__w0n,tfidf,0.00018215996318758144
smishing,delivered,tfidf__delivered,tfidf,0.00018143023119616486
smishing,making,tfidf__making,tfidf,0.00018126703398274697
smishing,eve phonetoken,tfidf__eve phonetoken,tfidf,0.00018078841273966127
smishing,1172,tfidf__1172,tfidf,0.00018041160927152102
smishing,1172 removal,tfidf__1172 removal,tfidf,0.00018041160927152102
smishing,unique user,tfidf__unique user,tfidf,0.00018041160927152102
smishing,user id,tfidf__user id,tfidf,0.00018041160927152102
smishing,69698,tfidf__69698,tfidf,0.00017958636505565454
smishing,3g,tfidf__3g,tfidf,0.00017946324505786353
smishing,2000 award,tfidf__2000 award,tfidf,0.0001794178274913483
smishing,award speak,tfidf__award speak,tfidf,0.0001794178274913483
smishing,contact phonetoken,tfidf__contact phonetoken,tfidf,0.00017883816404767907
smishing,says,tfidf__says,tfidf,0.00017847975503880283
smishing,takes,tfidf__takes,tfidf,0.00017807816989093075
smishing,gud,tfidf__gud,tfidf,0.00017791640379707056
smishing,maybe,tfidf__maybe,tfidf,0.00017635042386616263
smishing,confirm sam,tfidf__confirm sam,tfidf,0.00017611957164649297
smishing,unique,tfidf__unique,tfidf,0.00017608949223522143
smishing,following recent,tfidf__following recent,tfidf,0.0001759186638253339
smishing,cs savamob,tfidf__cs savamob,tfidf,0.00017546929257283614
smishing,pobox84 m263uz,tfidf__pobox84 m263uz,tfidf,0.00017546929257283614
smishing,savamob pobox84,tfidf__savamob pobox84,tfidf,0.00017546929257283614
smishing,delivered phone,tfidf__delivered phone,tfidf,0.00017511041984946327
smishing,successfully delivered,tfidf__successfully delivered,tfidf,0.00017511041984946327
smishing,1500 bonus,tfidf__1500 bonus,tfidf,0.00017459788158025904
smishing,isn't,tfidf__isn't,tfidf,0.0001739260757951741
smishing,share,tfidf__share,tfidf,0.0001734273864780045
smishing,online store,tfidf__online store,tfidf,0.00017308825619727228
smishing,cease,tfidf__cease,tfidf,0.0001724363855492648
smishing,draw shows,tfidf__draw shows,tfidf,0.00017241741581777554
smishing,member offers,tfidf__member offers,tfidf,0.00017159284951196604
smishing,savamob member,tfidf__savamob member,tfidf,0.00017159284951196604
smishing,yes 85023,tfidf__yes 85023,tfidf,0.00017159284951196604
smishing,registered,tfidf__registered,tfidf,0.0001715469963672006
smishing,call2optout,tfidf__call2optout,tfidf,0.0001713360029544515
smishing,phonetoken call2optout,tfidf__phonetoken call2optout,tfidf,0.0001713360029544515
smishing,present,tfidf__present,tfidf,0.00017103755969168432
smishing,contact offer,tfidf__contact offer,tfidf,0.00017044786577958304
smishing,86021,tfidf__86021,tfidf,0.00016956058205759868
smishing,nokia 86021,tfidf__nokia 86021,tfidf,0.00016956058205759868
smishing,customer embody,tfidf__customer embody,tfidf,0.0001685280048457487
smishing,pobox84 m26,tfidf__pobox84 m26,tfidf,0.00016820977866493646
smishing,following,tfidf__following,tfidf,0.00016785724051340828
smishing,dad,tfidf__dad,tfidf,0.00016778200083026451
smishing,goto urltoken,tfidf__goto urltoken,tfidf,0.00016767471091677522
smishing,anytime networks,tfidf__anytime networks,tfidf,0.00016742124640893775
smishing,networks,tfidf__networks,tfidf,0.00016742124640893775
smishing,networks mins,tfidf__networks mins,tfidf,0.00016742124640893775
smishing,eerie,tfidf__eerie,tfidf,0.0001673764482343489
smishing,10p minute,tfidf__10p minute,tfidf,0.00016705744125836825
smishing,minute bt,tfidf__minute bt,tfidf,0.00016705744125836825
smishing,concert,tfidf__concert,tfidf,0.00016612077886059745
smishing,suffice want,tfidf__suffice want,tfidf,0.0001660361725554179
smishing,sample,tfidf__sample,tfidf,0.0001642856653379415
smishing,receive rs,tfidf__receive rs,tfidf,0.00016342477748528507
smishing,nokia free,tfidf__nokia free,tfidf,0.00016286872588796143
smishing,giving,tfidf__giving,tfidf,0.00016271921223816487
smishing,87239 customer,tfidf__87239 customer,tfidf,0.00016134137125942382
smishing,removal,tfidf__removal,tfidf,0.00016134137125942382
smishing,choose receive,tfidf__choose receive,tfidf,0.0001611736866082461
smishing,winner ingest,tfidf__winner ingest,tfidf,0.00016080471033611893
smishing,final attempt,tfidf__final attempt,tfidf,0.00016067019341351938
smishing,won guaranteed,tfidf__won guaranteed,tfidf,0.0001595893744150756
smishing,goto,tfidf__goto,tfidf,0.00015919045551023657
smishing,087123002209am,tfidf__087123002209am,tfidf,0.00015916908601699287
smishing,087123002209am 7pm,tfidf__087123002209am 7pm,tfidf,0.00015916908601699287
smishing,45239,tfidf__45239,tfidf,0.0001590411021821076
smishing,45239 expires,tfidf__45239 expires,tfidf,0.0001590411021821076
smishing,bonus points,tfidf__bonus points,tfidf,0.0001590411021821076
smishing,code 45239,tfidf__code 45239,tfidf,0.0001590411021821076
smishing,shows 786,tfidf__shows 786,tfidf,0.0001590411021821076
smishing,hours,tfidf__hours,tfidf,0.00015899015246009768
smishing,institutionalize stop,tfidf__institutionalize stop,tfidf,0.00015831267353323515
smishing,wants,tfidf__wants,tfidf,0.00015817769463770346
smishing,11mths entitled,tfidf__11mths entitled,tfidf,0.00015754153472026934
smishing,intl,tfidf__intl,tfidf,0.0001565370390320131
smishing,intl phonetoken,tfidf__intl phonetoken,tfidf,0.0001565370390320131
smishing,phonetoken intl,tfidf__phonetoken intl,tfidf,0.0001565370390320131
smishing,just activated,tfidf__just activated,tfidf,0.00015628592630061037
smishing,yrs,tfidf__yrs,tfidf,0.00015551551608950734
smishing,cost 50,tfidf__cost 50,tfidf,0.00015478269232041666
smishing,card just,tfidf__card just,tfidf,0.00015469121871506262
smishing,there's fantastic,tfidf__there's fantastic,tfidf,0.000154607001984749
smishing,urltoken there's,tfidf__urltoken there's,tfidf,0.000154607001984749
smishing,like fun,tfidf__like fun,tfidf,0.00015459208149378337
smishing,sky gamestar,tfidf__sky gamestar,tfidf,0.00015428016684177785
smishing,urltoken ts,tfidf__urltoken ts,tfidf,0.00015390434076625027
smishing,password,tfidf__password,tfidf,0.00015371941124054994
smishing,camera phones,tfidf__camera phones,tfidf,0.00015363725308602838
smishing,121 chat,tfidf__121 chat,tfidf,0.00015313384924206655
smishing,want chat,tfidf__want chat,tfidf,0.00015302404234649836
smishing,he's,tfidf__he's,tfidf,0.00015288630188861984
smishing,today lucky,tfidf__today lucky,tfidf,0.00015285780768446044
smishing,join uk's,tfidf__join uk's,tfidf,0.00015285725682243886
smishing,final chance,tfidf__final chance,tfidf,0.0001522939556581016
smishing,choose,tfidf__choose,tfidf,0.000152222623216613
smishing,award ingest,tfidf__award ingest,tfidf,0.00015132651953742466
smishing,noticed,tfidf__noticed,tfidf,0.00015045879906728523
smishing,noticed debit,tfidf__noticed debit,tfidf,0.00015045879906728523
smishing,met,tfidf__met,tfidf,0.00015037576831836583
smishing,free mobileupd8,tfidf__free mobileupd8,tfidf,0.00015031059428560902
smishing,prem,tfidf__prem,tfidf,0.00014972469711480068
smishing,100 ayurvedic,tfidf__100 ayurvedic,tfidf,0.0001497192059328895
smishing,25 kg,tfidf__25 kg,tfidf,0.0001497192059328895
smishing,ayurvedic,tfidf__ayurvedic,tfidf,0.0001497192059328895
smishing,ayurvedic product,tfidf__ayurvedic product,tfidf,0.0001497192059328895
smishing,effect 100,tfidf__effect 100,tfidf,0.0001497192059328895
smishing,gain 25,tfidf__gain 25,tfidf,0.0001497192059328895
smishing,kg,tfidf__kg,tfidf,0.0001497192059328895
smishing,kg effect,tfidf__kg effect,tfidf,0.0001497192059328895
smishing,money urltoken,tfidf__money urltoken,tfidf,0.0001497192059328895
smishing,product money,tfidf__product money,tfidf,0.0001497192059328895
smishing,urltoken loss,tfidf__urltoken loss,tfidf,0.0001497192059328895
smishing,hit,tfidf__hit,tfidf,0.00014969942609371878
smishing,loss gain,tfidf__loss gain,tfidf,0.00014927860440169043
smishing,taking,tfidf__taking,tfidf,0.0001492490144397369
smishing,stuff,tfidf__stuff,tfidf,0.00014895205365361654
smishing,hotels,tfidf__hotels,tfidf,0.0001487097078928128
smishing,std,tfidf__std,tfidf,0.00014856404027855746
smishing,important customer,tfidf__important customer,tfidf,0.00014825906690743777
smishing,effect,tfidf__effect,tfidf,0.00014785845971436744
smishing,ac,tfidf__ac,tfidf,0.00014765809404597617
smishing,sms ac,tfidf__sms ac,tfidf,0.00014765809404597617
smishing,pobox,tfidf__pobox,tfidf,0.0001474914944472033
smishing,order,tfidf__order,tfidf,0.00014742160166525612
smishing,how's,tfidf__how's,tfidf,0.00014725644037493374
smishing,video phone,tfidf__video phone,tfidf,0.00014647260234167247
smishing,cha,tfidf__cha,tfidf,0.00014647124370025105
smishing,48,tfidf__48,tfidf,0.0001455775428525724
smishing,48 84,tfidf__48 84,tfidf,0.0001455775428525724
smishing,84 urltoken,tfidf__84 urltoken,tfidf,0.0001455775428525724
smishing,owed,tfidf__owed,tfidf,0.0001455775428525724
smishing,owed 48,tfidf__owed 48,tfidf,0.0001455775428525724
smishing,urltoken secure,tfidf__urltoken secure,tfidf,0.0001455775428525724
smishing,vehicle,tfidf__vehicle,tfidf,0.0001455775428525724
smishing,vehicle tax,tfidf__vehicle tax,tfidf,0.0001455775428525724
smishing,11 months,tfidf__11 months,tfidf,0.0001452489510738479
smishing,announcement recently,tfidf__announcement recently,tfidf,0.00014522608753390423
smishing,phonetoken schedule,tfidf__phonetoken schedule,tfidf,0.00014522608753390423
smishing,schedule,tfidf__schedule,tfidf,0.00014522608753390423
smishing,schedule ref,tfidf__schedule ref,tfidf,0.00014522608753390423
smishing,moby,tfidf__moby,tfidf,0.00014503704427425252
smishing,tone 16,tfidf__tone 16,tfidf,0.00014441092302710552
smishing,perform,tfidf__perform,tfidf,0.00014436859613869217
smishing,crazy,tfidf__crazy,tfidf,0.00014407610500276848
smishing,stop send,tfidf__stop send,tfidf,0.00014380871387709385
smishing,000 winner,tfidf__000 winner,tfidf,0.00014303030072930004
smishing,dear v0daf0ne,tfidf__dear v0daf0ne,tfidf,0.00014303030072930004
smishing,v0daf0ne,tfidf__v0daf0ne,tfidf,0.00014303030072930004
smishing,v0daf0ne customer,tfidf__v0daf0ne customer,tfidf,0.00014303030072930004
smishing,we'll,tfidf__we'll,tfidf,0.0001418703966142913
smishing,saturday register,tfidf__saturday register,tfidf,0.0001414086423690564
smishing,thought,tfidf__thought,tfidf,0.00014131160734300155
smishing,cross ntwk,tfidf__cross ntwk,tfidf,0.0001402051301524147
smishing,ntwk,tfidf__ntwk,tfidf,0.0001402051301524147
smishing,ntwk mins,tfidf__ntwk mins,tfidf,0.0001402051301524147
smishing,100 music,tfidf__100 music,tfidf,0.00014014190834329545
smishing,150ppermesssubscription,tfidf__150ppermesssubscription,tfidf,0.00014014190834329545
smishing,87066 tscs,tfidf__87066 tscs,tfidf,0.00014014190834329545
smishing,draw 87066,tfidf__draw 87066,tfidf,0.00014014190834329545
smishing,music gift,tfidf__music gift,tfidf,0.00014014190834329545
smishing,tscs,tfidf__tscs,tfidf,0.00014014190834329545
smishing,tscs urltoken,tfidf__tscs urltoken,tfidf,0.00014014190834329545
smishing,word draw,tfidf__word draw,tfidf,0.00014014190834329545
smishing,0776xxxxxxx,tfidf__0776xxxxxxx,tfidf,0.00013939099195948727
smishing,0776xxxxxxx u've,tfidf__0776xxxxxxx u've,tfidf,0.00013939099195948727
smishing,dear 0776xxxxxxx,tfidf__dear 0776xxxxxxx,tfidf,0.00013939099195948727
smishing,txt chat,tfidf__txt chat,tfidf,0.00013939099195948727
smishing,xchat,tfidf__xchat,tfidf,0.00013939099195948727
smishing,totally,tfidf__totally,tfidf,0.00013928757550938658
smishing,behave,tfidf__behave,tfidf,0.00013928075780071065
smishing,complimentary,tfidf__complimentary,tfidf,0.00013905064525214584
smishing,50p,tfidf__50p,tfidf,0.0001387880454567074
smishing,cross,tfidf__cross,tfidf,0.00013762779662330666
smishing,txt ur,tfidf__txt ur,tfidf,0.00013757472131584143
smishing,mobileupd8 phonetoken,tfidf__mobileupd8 phonetoken,tfidf,0.00013735481826686763
smishing,advise following,tfidf__advise following,tfidf,0.00013708099561050786
smishing,mu,tfidf__mu,tfidf,0.00013615979077801583
smishing,ingest mobile,tfidf__ingest mobile,tfidf,0.0001356085949031862
smishing,free nokia,tfidf__free nokia,tfidf,0.0001355055838901961
smishing,free giving,tfidf__free giving,tfidf,0.00013535764187897785
smishing,giving free,tfidf__giving free,tfidf,0.00013535764187897785
smishing,ans,tfidf__ans,tfidf,0.00013520354984714072
smishing,pix,tfidf__pix,tfidf,0.00013476152621012827
smishing,mobile free,tfidf__mobile free,tfidf,0.00013450692675231245
smishing,delight,tfidf__delight,tfidf,0.00013418335796303615
smishing,mix,tfidf__mix,tfidf,0.00013414120804695933
smishing,award number,tfidf__award number,tfidf,0.00013392212657696446
smishing,number matches,tfidf__number matches,tfidf,0.00013392212657696446
smishing,nokia 8007,tfidf__nokia 8007,tfidf,0.00013388055212603826
smishing,liao,tfidf__liao,tfidf,0.00013280741717209372
smishing,lucky draw,tfidf__lucky draw,tfidf,0.00013240447414080382
smishing,you'll,tfidf__you'll,tfidf,0.00013158010209601622
smishing,tho,tfidf__tho,tfidf,0.0001313079246010764
smishing,thing,tfidf__thing,tfidf,0.00013079125243554035
smishing,definitely,tfidf__definitely,tfidf,0.00013068940172484433
smishing,tariffs latest,tfidf__tariffs latest,tfidf,0.00013030885126627913
smishing,apply stop,tfidf__apply stop,tfidf,0.0001302900006093005
smishing,pc survive,tfidf__pc survive,tfidf,0.00013003043084661668
smishing,induce,tfidf__induce,tfidf,0.0001293169086062359
smishing,thk,tfidf__thk,tfidf,0.00012923102293709775
smishing,loyalty phonetoken,tfidf__loyalty phonetoken,tfidf,0.00012875168428241076
smishing,phone upgrade,tfidf__phone upgrade,tfidf,0.00012875168428241076
smishing,latest orange,tfidf__latest orange,tfidf,0.0001286743060516877
smishing,sent,tfidf__sent,tfidf,0.00012865939017294692
smishing,acl03530150pm,tfidf__acl03530150pm,tfidf,0.0001282908294229569
smishing,customer services,tfidf__customer services,tfidf,0.0001275008956539598
smishing,rs 100,tfidf__rs 100,tfidf,0.00012727051062066057
smishing,sunshine,tfidf__sunshine,tfidf,0.00012673920114128785
smishing,surprise awaiting,tfidf__surprise awaiting,tfidf,0.00012641845364674514
smishing,klia2,tfidf__klia2,tfidf,0.00012630499980682128
smishing,rmo,tfidf__rmo,tfidf,0.00012630499980682128
smishing,rmo 00,tfidf__rmo 00,tfidf,0.00012630499980682128
smishing,txn,tfidf__txn,tfidf,0.00012630499980682128
smishing,phonetoken 2optout,tfidf__phonetoken 2optout,tfidf,0.0001260726504105671
smishing,cash holiday,tfidf__cash holiday,tfidf,0.00012568443664383213
smishing,class,tfidf__class,tfidf,0.00012564822424129994
smishing,100 gift,tfidf__100 gift,tfidf,0.0001252633841363365
smishing,confirm,tfidf__confirm,tfidf,0.0001248743970449138
smishing,arcade,tfidf__arcade,tfidf,0.00012406336827994004
smishing,14,tfidf__14,tfidf,0.0001234316779761379
smishing,urgent important,tfidf__urgent important,tfidf,0.00012333988976309128
smishing,sad,tfidf__sad,tfidf,0.00012309948146817698
smishing,attempt contact,tfidf__attempt contact,tfidf,0.00012290174454553183
smishing,delivery unable,tfidf__delivery unable,tfidf,0.00012277527232184762
smishing,free phone,tfidf__free phone,tfidf,0.00012263017920543127
smishing,thinks ur,tfidf__thinks ur,tfidf,0.0001217575533249369
smishing,chance advance,tfidf__chance advance,tfidf,0.00012169901094223124
smishing,red,tfidf__red,tfidf,0.00012111074862491984
smishing,request,tfidf__request,tfidf,0.00012040796340140615
smishing,reat,tfidf__reat,tfidf,0.00012037373242698833
smishing,subscription,tfidf__subscription,tfidf,0.00012017423481633483
smishing,85023 savamob,tfidf__85023 savamob,tfidf,0.00011929801022521004
smishing,offers mobile,tfidf__offers mobile,tfidf,0.00011929801022521004
smishing,1st tone,tfidf__1st tone,tfidf,0.00011915054158628601
smishing,tone free,tfidf__tone free,tfidf,0.00011915054158628601
smishing,removal send,tfidf__removal send,tfidf,0.00011877133914234373
smishing,inclusive,tfidf__inclusive,tfidf,0.00011864220894891406
smishing,package,tfidf__package,tfidf,0.00011740083015398999
smishing,holiday valued,tfidf__holiday valued,tfidf,0.00011725082197243565
smishing,chance phonetoken,tfidf__chance phonetoken,tfidf,0.00011665609140873997
smishing,free tarot,tfidf__free tarot,tfidf,0.00011665609140873997
smishing,life try,tfidf__life try,tfidf,0.00011665609140873997
smishing,msgs 50,tfidf__msgs 50,tfidf,0.00011665609140873997
smishing,tarot,tfidf__tarot,tfidf,0.00011665609140873997
smishing,tarot texts,tfidf__tarot texts,tfidf,0.00011665609140873997
smishing,text chance,tfidf__text chance,tfidf,0.00011665609140873997
smishing,try free,tfidf__try free,tfidf,0.00011665609140873997
smishing,pay activation,tfidf__pay activation,tfidf,0.00011531938301931566
smishing,juz,tfidf__juz,tfidf,0.0001152967697047184
smishing,represent,tfidf__represent,tfidf,0.00011493771846271594
smishing,free msgs,tfidf__free msgs,tfidf,0.00011491730276194091
smishing,phone phonetoken,tfidf__phone phonetoken,tfidf,0.00011437118723897458
smishing,wap,tfidf__wap,tfidf,0.00011422890594755203
smishing,format,tfidf__format,tfidf,0.00011412562768880395
smishing,perform txn,tfidf__perform txn,tfidf,0.00011378755458217132
smishing,12,tfidf__12,tfidf,0.00011299853278475702
smishing,ascertain,tfidf__ascertain,tfidf,0.00011261771221035892
smishing,000 fl1pkart,tfidf__000 fl1pkart,tfidf,0.00011250505942582042
smishing,fl1pkart team,tfidf__fl1pkart team,tfidf,0.00011250505942582042
smishing,guaranteed cash,tfidf__guaranteed cash,tfidf,0.00011250505942582042
smishing,prize rs,tfidf__prize rs,tfidf,0.00011250505942582042
smishing,w0n guaranteed,tfidf__w0n guaranteed,tfidf,0.00011250505942582042
smishing,send pics,tfidf__send pics,tfidf,0.00011197071734867487
smishing,laptop,tfidf__laptop,tfidf,0.00011150216176104819
smishing,hottest,tfidf__hottest,tfidf,0.0001109000496161128
smishing,07,tfidf__07,tfidf,0.00010996248481011488
smishing,07 11,tfidf__07 11,tfidf,0.00010996248481011488
smishing,41685,tfidf__41685,tfidf,0.00010996248481011488
smishing,code 41685,tfidf__code 41685,tfidf,0.00010996248481011488
smishing,hard,tfidf__hard,tfidf,0.00010985995057912037
smishing,prize 02,tfidf__prize 02,tfidf,0.00010981788630524244
smishing,good night,tfidf__good night,tfidf,0.00010947934734782472
smishing,instructions,tfidf__instructions,tfidf,0.00010944511531289176
smishing,arrange,tfidf__arrange,tfidf,0.000109423013808136
smishing,holiday 5000,tfidf__holiday 5000,tfidf,0.00010914159254548245
smishing,slow,tfidf__slow,tfidf,0.00010909685827042484
smishing,biggest,tfidf__biggest,tfidf,0.00010876879992033624
smishing,logo pic,tfidf__logo pic,tfidf,0.00010847787926224703
smishing,spook,tfidf__spook,tfidf,0.00010847787926224703
smishing,arrogate phonetoken,tfidf__arrogate phonetoken,tfidf,0.00010787302829086687
smishing,sing,tfidf__sing,tfidf,0.00010772615376802673
smishing,valued vodafone,tfidf__valued vodafone,tfidf,0.00010766705265046458
smishing,won valued,tfidf__won valued,tfidf,0.00010766705265046458
smishing,institutionalize,tfidf__institutionalize,tfidf,0.00010574165215894069
smishing,treasure,tfidf__treasure,tfidf,0.00010550007493855166
smishing,pleased,tfidf__pleased,tfidf,0.00010536272264407054
smishing,called,tfidf__called,tfidf,0.00010520679790091607
smishing,product,tfidf__product,tfidf,0.00010516629550509998
smishing,content send,tfidf__content send,tfidf,0.00010499658496875193
smishing,send mms,tfidf__send mms,tfidf,0.00010499658496875193
smishing,nat,tfidf__nat,tfidf,0.00010482489107790775
smishing,nat rate,tfidf__nat rate,tfidf,0.00010482489107790775
smishing,phonetoken nat,tfidf__phonetoken nat,tfidf,0.00010482489107790775
smishing,office mms,tfidf__office mms,tfidf,0.00010471447996107749
smishing,space,tfidf__space,tfidf,0.00010467059642935881
smishing,06 03,tfidf__06 03,tfidf,0.00010410056786028406
smishing,phonetoken asap,tfidf__phonetoken asap,tfidf,0.00010410056786028406
smishing,dun,tfidf__dun,tfidf,0.00010359889756594588
smishing,save,tfidf__save,tfidf,0.00010322471623353976
smishing,verify,tfidf__verify,tfidf,0.00010299460532056233
smishing,asking,tfidf__asking,tfidf,0.00010293073575492251
smishing,150pm,tfidf__150pm,tfidf,0.00010291392637318047
smishing,hi baby,tfidf__hi baby,tfidf,0.00010271522923446475
smishing,trying,tfidf__trying,tfidf,0.00010246682088038619
smishing,10 txtauction,tfidf__10 txtauction,tfidf,0.00010197914961562419
smishing,81151,tfidf__81151,tfidf,0.00010197914961562419
smishing,customer loyalty,tfidf__customer loyalty,tfidf,0.00010197914961562419
smishing,loyalty offer,tfidf__loyalty offer,tfidf,0.00010197914961562419
smishing,start 81151,tfidf__start 81151,tfidf,0.00010197914961562419
smishing,txtauction txt,tfidf__txtauction txt,tfidf,0.00010197914961562419
smishing,word start,tfidf__word start,tfidf,0.00010197914961562419
smishing,guy,tfidf__guy,tfidf,0.00010181302225207328
smishing,urltoken fantastic,tfidf__urltoken fantastic,tfidf,0.00010177007103018824
smishing,36504,tfidf__36504,tfidf,0.00010171927630744836
smishing,pobox 36504,tfidf__pobox 36504,tfidf,0.00010171927630744836
smishing,contact reply,tfidf__contact reply,tfidf,0.00010169427698264875
smishing,urgently,tfidf__urgently,tfidf,0.00010069667210348128
smishing,gd,tfidf__gd,tfidf,0.00010066269279538045
smishing,tv,tfidf__tv,tfidf,0.00010053564827075302
smishing,left,tfidf__left,tfidf,0.00010028632079479488
smishing,bl0cked,tfidf__bl0cked,tfidf,0.00010018083513347376
smishing,set,tfidf__set,tfidf,9.994213827790205e-05
smishing,60p,tfidf__60p,tfidf,9.971800746158968e-05
smishing,60p min,tfidf__60p min,tfidf,9.971800746158968e-05
smishing,just 60p,tfidf__just 60p,tfidf,9.971800746158968e-05
smishing,trial,tfidf__trial,tfidf,9.960257947414209e-05
smishing,rental free,tfidf__rental free,tfidf,9.859283713434136e-05
smishing,sms phonetoken,tfidf__sms phonetoken,tfidf,9.856456817740846e-05
smishing,stop sms,tfidf__stop sms,tfidf,9.856456817740846e-05
smishing,long pressing,tfidf__long pressing,tfidf,9.801585284853985e-05
smishing,pressing,tfidf__pressing,tfidf,9.801585284853985e-05
smishing,pressing key,tfidf__pressing key,tfidf,9.801585284853985e-05
smishing,whats,tfidf__whats,tfidf,9.731263188744846e-05
smishing,freemsg txt,tfidf__freemsg txt,tfidf,9.717801174121657e-05
smishing,87121 receive,tfidf__87121 receive,tfidf,9.669722962626168e-05
smishing,receive entry,tfidf__receive entry,tfidf,9.669722962626168e-05
smishing,embody awarded,tfidf__embody awarded,tfidf,9.602203096387489e-05
smishing,quite,tfidf__quite,tfidf,9.585619079390141e-05
smishing,02 06,tfidf__02 06,tfidf,9.570986353283956e-05
smishing,customer claim,tfidf__customer claim,tfidf,9.569551383936816e-05
smishing,ingest exist,tfidf__ingest exist,tfidf,9.56647611328744e-05
smishing,phonetoken help,tfidf__phonetoken help,tfidf,9.525154965393329e-05
smishing,biggest live,tfidf__biggest live,tfidf,9.513628944059197e-05
smishing,chat just,tfidf__chat just,tfidf,9.513628944059197e-05
smishing,chat uk's,tfidf__chat uk's,tfidf,9.513628944059197e-05
smishing,cheap chat,tfidf__cheap chat,tfidf,9.513628944059197e-05
smishing,choose girl,tfidf__choose girl,tfidf,9.513628944059197e-05
smishing,hard live,tfidf__hard live,tfidf,9.513628944059197e-05
smishing,live 121,tfidf__live 121,tfidf,9.513628944059197e-05
smishing,live service,tfidf__live service,tfidf,9.513628944059197e-05
smishing,min choose,tfidf__min choose,tfidf,9.513628944059197e-05
smishing,phonetoken cheap,tfidf__phonetoken cheap,tfidf,9.513628944059197e-05
smishing,uk's biggest,tfidf__uk's biggest,tfidf,9.513628944059197e-05
smishing,mobile exist,tfidf__mobile exist,tfidf,9.504616664599062e-05
smishing,till,tfidf__till,tfidf,9.459271749099011e-05
smishing,okay,tfidf__okay,tfidf,9.433189227507284e-05
smishing,87239,tfidf__87239,tfidf,9.300593171614434e-05
smishing,stop 87239,tfidf__stop 87239,tfidf,9.300593171614434e-05
smishing,shit,tfidf__shit,tfidf,9.287316704666704e-05
smishing,slide,tfidf__slide,tfidf,9.180091050915373e-05
smishing,stop 80062,tfidf__stop 80062,tfidf,9.162586881545231e-05
smishing,texts txt,tfidf__texts txt,tfidf,9.162586881545231e-05
smishing,urltoken stop,tfidf__urltoken stop,tfidf,9.142686434057737e-05
smishing,airport,tfidf__airport,tfidf,9.118483212207911e-05
smishing,information o2,tfidf__information o2,tfidf,9.118274435411643e-05
smishing,o2 user,tfidf__o2 user,tfidf,9.118274435411643e-05
smishing,pa,tfidf__pa,tfidf,9.096825528833901e-05
smishing,3uz,tfidf__3uz,tfidf,9.075185323568675e-05
smishing,m26,tfidf__m26,tfidf,9.075185323568675e-05
smishing,m26 3uz,tfidf__m26 3uz,tfidf,9.075185323568675e-05
smishing,win 100,tfidf__win 100,tfidf,9.074502796783307e-05
smishing,unloosen,tfidf__unloosen,tfidf,9.071241002870524e-05
smishing,provided,tfidf__provided,tfidf,9.062399530742375e-05
smishing,cam,tfidf__cam,tfidf,9.014643192071164e-05
smishing,customer paytm,tfidf__customer paytm,tfidf,9.009398145649132e-05
smishing,dear paytm,tfidf__dear paytm,tfidf,9.009398145649132e-05
smishing,paytm customer,tfidf__paytm customer,tfidf,9.009398145649132e-05
smishing,2rcv,tfidf__2rcv,tfidf,8.968451337681943e-05
smishing,cam moby,tfidf__cam moby,tfidf,8.968451337681943e-05
smishing,hlp,tfidf__hlp,tfidf,8.968451337681943e-05
smishing,hlp phonetoken,tfidf__hlp phonetoken,tfidf,8.968451337681943e-05
smishing,moby wanna,tfidf__moby wanna,tfidf,8.968451337681943e-05
smishing,msg150p,tfidf__msg150p,tfidf,8.968451337681943e-05
smishing,msg150p 2rcv,tfidf__msg150p 2rcv,tfidf,8.968451337681943e-05
smishing,wanna pic,tfidf__wanna pic,tfidf,8.968451337681943e-05
smishing,nokia tones,tfidf__nokia tones,tfidf,8.91029134475425e-05
smishing,make delivery,tfidf__make delivery,tfidf,8.800673254657727e-05
smishing,lei,tfidf__lei,tfidf,8.778845991270897e-05
smishing,rcvd,tfidf__rcvd,tfidf,8.764412119001868e-05
smishing,live phonetoken,tfidf__live phonetoken,tfidf,8.748438872739275e-05
smishing,08715500022,tfidf__08715500022,tfidf,8.724478301335978e-05
smishing,08715500022 rpl,tfidf__08715500022 rpl,tfidf,8.724478301335978e-05
smishing,89693 08715500022,tfidf__89693 08715500022,tfidf,8.724478301335978e-05
smishing,cnl,tfidf__cnl,tfidf,8.724478301335978e-05
smishing,rpl,tfidf__rpl,tfidf,8.724478301335978e-05
smishing,wonderful,tfidf__wonderful,tfidf,8.707207473474733e-05
smishing,look make,tfidf__look make,tfidf,8.70465404533194e-05
smishing,gift voucher,tfidf__gift voucher,tfidf,8.682276697377726e-05
smishing,billed 150p,tfidf__billed 150p,tfidf,8.642334406255599e-05
smishing,mgs billed,tfidf__mgs billed,tfidf,8.642334406255599e-05
smishing,sleeping,tfidf__sleeping,tfidf,8.616679497225725e-05
smishing,30,tfidf__30,tfidf,8.591586028525881e-05
smishing,recently tried,tfidf__recently tried,tfidf,8.495506061958586e-05
smishing,play send,tfidf__play send,tfidf,8.480141987918976e-05
smishing,ntt,tfidf__ntt,tfidf,8.470808289807002e-05
smishing,ntt po,tfidf__ntt po,tfidf,8.470808289807002e-05
smishing,collection phonetoken,tfidf__collection phonetoken,tfidf,8.467864687402961e-05
smishing,asap,tfidf__asap,tfidf,8.451157602245149e-05
smishing,great new,tfidf__great new,tfidf,8.438480064178427e-05
smishing,weekends draw,tfidf__weekends draw,tfidf,8.404307316395484e-05
smishing,colour red,tfidf__colour red,tfidf,8.401124568482095e-05
smishing,colour txtstar,tfidf__colour txtstar,tfidf,8.401124568482095e-05
smishing,number x49,tfidf__number x49,tfidf,8.401124568482095e-05
smishing,phonetoken colour,tfidf__phonetoken colour,tfidf,8.401124568482095e-05
smishing,red text,tfidf__red text,tfidf,8.401124568482095e-05
smishing,text colour,tfidf__text colour,tfidf,8.401124568482095e-05
smishing,txtstar,tfidf__txtstar,tfidf,8.401124568482095e-05
smishing,x49,tfidf__x49,tfidf,8.401124568482095e-05
smishing,x49 mobile,tfidf__x49 mobile,tfidf,8.401124568482095e-05
smishing,best orange,tfidf__best orange,tfidf,8.361097881415943e-05
smishing,new offer,tfidf__new offer,tfidf,8.361097881415943e-05
smishing,offer double,tfidf__offer double,tfidf,8.361097881415943e-05
smishing,txt best,tfidf__txt best,tfidf,8.361097881415943e-05
smishing,nice,tfidf__nice,tfidf,8.342038346224926e-05
smishing,tc,tfidf__tc,tfidf,8.324568123116988e-05
smishing,phonetoken receive,tfidf__phonetoken receive,tfidf,8.322749901330295e-05
smishing,11 mnths,tfidf__11 mnths,tfidf,8.30334933750221e-05
smishing,contract mobile,tfidf__contract mobile,tfidf,8.30334933750221e-05
smishing,free double,tfidf__free double,tfidf,8.30334933750221e-05
smishing,mins text,tfidf__mins text,tfidf,8.30334933750221e-05
smishing,mnths,tfidf__mnths,tfidf,8.30334933750221e-05
smishing,mnths latest,tfidf__mnths latest,tfidf,8.30334933750221e-05
smishing,motorola nokia,tfidf__motorola nokia,tfidf,8.30334933750221e-05
smishing,tariffs text,tfidf__tariffs text,tfidf,8.30334933750221e-05
smishing,text orange,tfidf__text orange,tfidf,8.30334933750221e-05
smishing,yell phonetoken,tfidf__yell phonetoken,tfidf,8.285226735725779e-05
smishing,11mths mobilesdirect,tfidf__11mths mobilesdirect,tfidf,8.229755600045446e-05
smishing,ur award,tfidf__ur award,tfidf,8.221506868276068e-05
smishing,time tried,tfidf__time tried,tfidf,8.183510520894829e-05
smishing,starting txt,tfidf__starting txt,tfidf,8.145300647365684e-05
smishing,asap box97n7qp,tfidf__asap box97n7qp,tfidf,8.140828356257794e-05
smishing,box97n7qp,tfidf__box97n7qp,tfidf,8.140828356257794e-05
smishing,box97n7qp 150ppm,tfidf__box97n7qp 150ppm,tfidf,8.140828356257794e-05
smishing,football tv,tfidf__football tv,tfidf,8.11742066641869e-05
smishing,harry,tfidf__harry,tfidf,8.11267083334215e-05
smishing,03 2nd,tfidf__03 2nd,tfidf,8.09633686938929e-05
smishing,awarded 2000,tfidf__awarded 2000,tfidf,8.095012746507718e-05
smishing,college,tfidf__college,tfidf,8.041331666953234e-05
smishing,dress,tfidf__dress,tfidf,8.040849482922164e-05
smishing,fastest,tfidf__fastest,tfidf,8.031444591313104e-05
smishing,let's,tfidf__let's,tfidf,7.998920888912426e-05
smishing,8007 urltoken,tfidf__8007 urltoken,tfidf,7.997013680137384e-05
smishing,embody grant,tfidf__embody grant,tfidf,7.990679360984477e-05
smishing,todays voda,tfidf__todays voda,tfidf,7.934833370973881e-05
smishing,voda,tfidf__voda,tfidf,7.934833370973881e-05
smishing,voda numbers,tfidf__voda numbers,tfidf,7.934833370973881e-05
smishing,lunch,tfidf__lunch,tfidf,7.883921671586598e-05
smishing,sk38xh,tfidf__sk38xh,tfidf,7.869523929546129e-05
smishing,date service,tfidf__date service,tfidf,7.859146869601739e-05
smishing,carlos,tfidf__carlos,tfidf,7.81139302648156e-05
smishing,abt,tfidf__abt,tfidf,7.800338192426705e-05
smishing,special,tfidf__special,tfidf,7.768356888105565e-05
smishing,ldn,tfidf__ldn,tfidf,7.729340785942702e-05
smishing,wanted,tfidf__wanted,tfidf,7.698110503909225e-05
smishing,50 pm,tfidf__50 pm,tfidf,7.639107552971683e-05
smishing,costa,tfidf__costa,tfidf,7.639107552971683e-05
smishing,costa del,tfidf__costa del,tfidf,7.639107552971683e-05
smishing,del sol,tfidf__del sol,tfidf,7.639107552971683e-05
smishing,max10mins,tfidf__max10mins,tfidf,7.639107552971683e-05
smishing,phonetoken toclaim,tfidf__phonetoken toclaim,tfidf,7.639107552971683e-05
smishing,pm max10mins,tfidf__pm max10mins,tfidf,7.639107552971683e-05
smishing,pobox334,tfidf__pobox334,tfidf,7.639107552971683e-05
smishing,pobox334 stockport,tfidf__pobox334 stockport,tfidf,7.639107552971683e-05
smishing,sk38xh cost,tfidf__sk38xh cost,tfidf,7.639107552971683e-05
smishing,sol,tfidf__sol,tfidf,7.639107552971683e-05
smishing,sol holiday,tfidf__sol holiday,tfidf,7.639107552971683e-05
smishing,stockport,tfidf__stockport,tfidf,7.639107552971683e-05
smishing,stockport sk38xh,tfidf__stockport sk38xh,tfidf,7.639107552971683e-05
smishing,toclaim,tfidf__toclaim,tfidf,7.639107552971683e-05
smishing,toclaim sae,tfidf__toclaim sae,tfidf,7.639107552971683e-05
smishing,frnd 62468,tfidf__frnd 62468,tfidf,7.595358196841269e-05
smishing,stop frnd,tfidf__stop frnd,tfidf,7.595358196841269e-05
smishing,mobile embody,tfidf__mobile embody,tfidf,7.555009264561077e-05
smishing,notice,tfidf__notice,tfidf,7.554141423118844e-05
smishing,phonetoken hg,tfidf__phonetoken hg,tfidf,7.532204289632117e-05
smishing,10 mths,tfidf__10 mths,tfidf,7.521968384861921e-05
smishing,camera video,tfidf__camera video,tfidf,7.521968384861921e-05
smishing,mths update,tfidf__mths update,tfidf,7.521968384861921e-05
smishing,video phones,tfidf__video phones,tfidf,7.521968384861921e-05
smishing,sport,tfidf__sport,tfidf,7.520605155403628e-05
smishing,calling phonetoken,tfidf__calling phonetoken,tfidf,7.461222637102281e-05
smishing,free calling,tfidf__free calling,tfidf,7.461222637102281e-05
smishing,test,tfidf__test,tfidf,7.448037051819914e-05
smishing,1450,tfidf__1450,tfidf,7.44320239448233e-05
smishing,1450 prize,tfidf__1450 prize,tfidf,7.44320239448233e-05
smishing,competition draw,tfidf__competition draw,tfidf,7.44320239448233e-05
smishing,congratulations week's,tfidf__congratulations week's,tfidf,7.44320239448233e-05
smishing,cs stop,tfidf__cs stop,tfidf,7.44320239448233e-05
smishing,week's competition,tfidf__week's competition,tfidf,7.44320239448233e-05
smishing,joined,tfidf__joined,tfidf,7.430006620142867e-05
smishing,free entry,tfidf__free entry,tfidf,7.418755995629769e-05
smishing,adam,tfidf__adam,tfidf,7.312881661591289e-05
smishing,adam eve,tfidf__adam eve,tfidf,7.312881661591289e-05
smishing,heart txt,tfidf__heart txt,tfidf,7.312881661591289e-05
smishing,logo ur,tfidf__logo ur,tfidf,7.312881661591289e-05
smishing,lover names,tfidf__lover names,tfidf,7.312881661591289e-05
smishing,mobno,tfidf__mobno,tfidf,7.312881661591289e-05
smishing,name1,tfidf__name1,tfidf,7.312881661591289e-05
smishing,name1 name2,tfidf__name1 name2,tfidf,7.312881661591289e-05
smishing,name2,tfidf__name2,tfidf,7.312881661591289e-05
smishing,name2 mobno,tfidf__name2 mobno,tfidf,7.312881661591289e-05
smishing,names,tfidf__names,tfidf,7.312881661591289e-05
smishing,phonetoken 87077,tfidf__phonetoken 87077,tfidf,7.312881661591289e-05
smishing,dude,tfidf__dude,tfidf,7.311652065504148e-05
smishing,ur lover,tfidf__ur lover,tfidf,7.306459180069965e-05
smishing,24hr,tfidf__24hr,tfidf,7.303733754004523e-05
smishing,24hr thank,tfidf__24hr thank,tfidf,7.303733754004523e-05
smishing,pay tm,tfidf__pay tm,tfidf,7.303733754004523e-05
smishing,phonetoken paytm,tfidf__phonetoken paytm,tfidf,7.303733754004523e-05
smishing,tm office,tfidf__tm office,tfidf,7.303733754004523e-05
smishing,dont know,tfidf__dont know,tfidf,7.202307334494902e-05
smishing,added,tfidf__added,tfidf,7.192556251425168e-05
smishing,yahoo,tfidf__yahoo,tfidf,7.155301147609474e-05
smishing,txting,tfidf__txting,tfidf,7.129118610356221e-05
smishing,battle,tfidf__battle,tfidf,7.126093947378943e-05
smishing,cash await,tfidf__cash await,tfidf,7.097744627079095e-05
smishing,sae cs,tfidf__sae cs,tfidf,7.097744627079095e-05
smishing,callback remove,tfidf__callback remove,tfidf,7.086918592924787e-05
smishing,cut,tfidf__cut,tfidf,7.068902002996231e-05
smishing,comp win,tfidf__comp win,tfidf,7.046104535341033e-05
smishing,win fa,tfidf__win fa,tfidf,7.046104535341033e-05
smishing,age,tfidf__age,tfidf,7.040381345755847e-05
smishing,t's,tfidf__t's,tfidf,7.007037053158202e-05
smishing,t's c's,tfidf__t's c's,tfidf,7.007037053158202e-05
smishing,reply text,tfidf__reply text,tfidf,6.989360611062789e-05
smishing,personal,tfidf__personal,tfidf,6.970482719349146e-05
smishing,pobox36504w45wq,tfidf__pobox36504w45wq,tfidf,6.938782783272439e-05
smishing,150p tone,tfidf__150p tone,tfidf,6.897703386424253e-05
smishing,don't know,tfidf__don't know,tfidf,6.881934884180382e-05
smishing,weed,tfidf__weed,tfidf,6.853416158851121e-05
smishing,tm,tfidf__tm,tfidf,6.80945607778962e-05
smishing,knw,tfidf__knw,tfidf,6.800584083164018e-05
smishing,tenerife,tfidf__tenerife,tfidf,6.795382365104528e-05
smishing,tenerife holiday,tfidf__tenerife holiday,tfidf,6.795382365104528e-05
smishing,collection sae,tfidf__collection sae,tfidf,6.765063450521083e-05
smishing,vs,tfidf__vs,tfidf,6.713153562453826e-05
smishing,pleased advise,tfidf__pleased advise,tfidf,6.69440581852849e-05
smishing,bl0cked activate,tfidf__bl0cked activate,tfidf,6.694250096427715e-05
smishing,joined heart,tfidf__joined heart,tfidf,6.685136010804127e-05
smishing,names joined,tfidf__names joined,tfidf,6.685136010804127e-05
smishing,uks,tfidf__uks,tfidf,6.683912251843473e-05
smishing,dat,tfidf__dat,tfidf,6.67472116928513e-05
smishing,correct,tfidf__correct,tfidf,6.650322086981518e-05
smishing,4mths,tfidf__4mths,tfidf,6.647120104879401e-05
smishing,4mths half,tfidf__4mths half,tfidf,6.647120104879401e-05
smishing,mobilesdirect,tfidf__mobilesdirect,tfidf,6.647120104879401e-05
smishing,mobilesdirect free,tfidf__mobilesdirect free,tfidf,6.647120104879401e-05
smishing,phone 11mths,tfidf__phone 11mths,tfidf,6.647120104879401e-05
smishing,rental latest,tfidf__rental latest,tfidf,6.647120104879401e-05
smishing,urltoken pobox,tfidf__urltoken pobox,tfidf,6.554045005084681e-05
smishing,21,tfidf__21,tfidf,6.50291278125108e-05
smishing,afternoon,tfidf__afternoon,tfidf,6.494479584602268e-05
smishing,leh,tfidf__leh,tfidf,6.48241910966882e-05
smishing,dog,tfidf__dog,tfidf,6.43077275874447e-05
smishing,card spook,tfidf__card spook,tfidf,6.406878297867289e-05
smishing,eerie tone,tfidf__eerie tone,tfidf,6.406878297867289e-05
smishing,free eerie,tfidf__free eerie,tfidf,6.406878297867289e-05
smishing,halloween,tfidf__halloween,tfidf,6.406878297867289e-05
smishing,halloween collection,tfidf__halloween collection,tfidf,6.406878297867289e-05
smishing,message plus,tfidf__message plus,tfidf,6.406878297867289e-05
smishing,mob halloween,tfidf__mob halloween,tfidf,6.406878297867289e-05
smishing,pic message,tfidf__pic message,tfidf,6.406878297867289e-05
smishing,spook 8007,tfidf__spook 8007,tfidf,6.406878297867289e-05
smishing,tone txt,tfidf__tone txt,tfidf,6.406878297867289e-05
smishing,txt card,tfidf__txt card,tfidf,6.406878297867289e-05
smishing,6000,tfidf__6000,tfidf,6.39602451164525e-05
smishing,ingest advance,tfidf__ingest advance,tfidf,6.389837407342724e-05
smishing,arrive customer,tfidf__arrive customer,tfidf,6.336974004570753e-05
smishing,ah,tfidf__ah,tfidf,6.32883410471602e-05
smishing,150pm unsubscribe,tfidf__150pm unsubscribe,tfidf,6.264464271228912e-05
smishing,69698 text,tfidf__69698 text,tfidf,6.264464271228912e-05
smishing,hot 69698,tfidf__hot 69698,tfidf,6.264464271228912e-05
smishing,stop 69698,tfidf__stop 69698,tfidf,6.264464271228912e-05
smishing,text hot,tfidf__text hot,tfidf,6.264464271228912e-05
smishing,unsubscribe text,tfidf__unsubscribe text,tfidf,6.264464271228912e-05
smishing,vip,tfidf__vip,tfidf,6.23937553111204e-05
smishing,fastest growing,tfidf__fastest growing,tfidf,6.232493213548589e-05
smishing,growing,tfidf__growing,tfidf,6.232493213548589e-05
smishing,mobile customer,tfidf__mobile customer,tfidf,6.170290229616613e-05
smishing,win ipod,tfidf__win ipod,tfidf,6.127277221602141e-05
smishing,urltoken text,tfidf__urltoken text,tfidf,6.123022933092356e-05
smishing,jst,tfidf__jst,tfidf,6.11805701739441e-05
smishing,review mobile,tfidf__review mobile,tfidf,6.064465197901563e-05
smishing,care phonetoken,tfidf__care phonetoken,tfidf,6.0635793246095496e-05
smishing,o2,tfidf__o2,tfidf,6.058014407374276e-05
smishing,daily cancel,tfidf__daily cancel,tfidf,6.045172242982151e-05
smishing,sweet,tfidf__sweet,tfidf,6.0231111154038285e-05
smishing,mates urltoken,tfidf__mates urltoken,tfidf,6.0174162276905364e-05
smishing,sat,tfidf__sat,tfidf,6.0156947116645485e-05
smishing,150ppm 16,tfidf__150ppm 16,tfidf,5.9992691092592195e-05
smishing,sae tc,tfidf__sae tc,tfidf,5.997627421226783e-05
smishing,tc pobox334,tfidf__tc pobox334,tfidf,5.997627421226783e-05
smishing,country,tfidf__country,tfidf,5.988394572410033e-05
smishing,simply,tfidf__simply,tfidf,5.969628806035259e-05
smishing,saw,tfidf__saw,tfidf,5.9604284771249964e-05
smishing,ta,tfidf__ta,tfidf,5.932404443819007e-05
smishing,pick phone,tfidf__pick phone,tfidf,5.8867526587220156e-05
smishing,feelin,tfidf__feelin,tfidf,5.88203655463789e-05
smishing,customer 00,tfidf__customer 00,tfidf,5.8723733357936254e-05
smishing,hardcore,tfidf__hardcore,tfidf,5.86361696139284e-05
smishing,smart,tfidf__smart,tfidf,5.853923196348485e-05
smishing,succeed recent,tfidf__succeed recent,tfidf,5.848989522141533e-05
smishing,5p,tfidf__5p,tfidf,5.8422804630416865e-05
smishing,500 ur,tfidf__500 ur,tfidf,5.8123060025540994e-05
smishing,80's,tfidf__80's,tfidf,5.8123060025540994e-05
smishing,80's answer,tfidf__80's answer,tfidf,5.8123060025540994e-05
smishing,83600 good,tfidf__83600 good,tfidf,5.8123060025540994e-05
smishing,answer 83600,tfidf__answer 83600,tfidf,5.8123060025540994e-05
smishing,answer txt,tfidf__answer txt,tfidf,5.8123060025540994e-05
smishing,girl 80's,tfidf__girl 80's,tfidf,5.8123060025540994e-05
smishing,uptown,tfidf__uptown,tfidf,5.8123060025540994e-05
smishing,uptown girl,tfidf__uptown girl,tfidf,5.8123060025540994e-05
smishing,ur answer,tfidf__ur answer,tfidf,5.8123060025540994e-05
smishing,ur balance,tfidf__ur balance,tfidf,5.8123060025540994e-05
smishing,ur question,tfidf__ur question,tfidf,5.8123060025540994e-05
smishing,weekends,tfidf__weekends,tfidf,5.80724571292647e-05
smishing,2rcv hlp,tfidf__2rcv hlp,tfidf,5.7955951045943424e-05
smishing,82242 msg150p,tfidf__82242 msg150p,tfidf,5.7955951045943424e-05
smishing,company jst,tfidf__company jst,tfidf,5.7955951045943424e-05
smishing,date 82242,tfidf__date 82242,tfidf,5.7955951045943424e-05
smishing,feelin kinda,tfidf__feelin kinda,tfidf,5.7955951045943424e-05
smishing,freemsg feelin,tfidf__freemsg feelin,tfidf,5.7955951045943424e-05
smishing,kinda lnly,tfidf__kinda lnly,tfidf,5.7955951045943424e-05
smishing,lnly,tfidf__lnly,tfidf,5.7955951045943424e-05
smishing,pic txt,tfidf__pic txt,tfidf,5.7955951045943424e-05
smishing,stop 82242,tfidf__stop 82242,tfidf,5.7955951045943424e-05
smishing,rates app,tfidf__rates app,tfidf,5.787778125049837e-05
smishing,u've selected,tfidf__u've selected,tfidf,5.764341992560203e-05
smishing,smiling,tfidf__smiling,tfidf,5.7630115457305435e-05
smishing,block 24hr,tfidf__block 24hr,tfidf,5.74411703869369e-05
smishing,paytm block,tfidf__paytm block,tfidf,5.74411703869369e-05
smishing,collection cs,tfidf__collection cs,tfidf,5.7344560116257905e-05
smishing,cs sae,tfidf__cs sae,tfidf,5.7344560116257905e-05
smishing,landline 5000,tfidf__landline 5000,tfidf,5.7344560116257905e-05
smishing,embody 2nd,tfidf__embody 2nd,tfidf,5.716960198046013e-05
smishing,bored,tfidf__bored,tfidf,5.714685572530874e-05
smishing,send free,tfidf__send free,tfidf,5.700373306368667e-05
smishing,speed,tfidf__speed,tfidf,5.688518053346548e-05
smishing,ur friends,tfidf__ur friends,tfidf,5.656453391057701e-05
smishing,admirer look,tfidf__admirer look,tfidf,5.628768617723936e-05
smishing,400 proze,tfidf__400 proze,tfidf,5.5685688527889196e-05
smishing,50 mtmsgrcvd18,tfidf__50 mtmsgrcvd18,tfidf,5.5685688527889196e-05
smishing,mobile ipod,tfidf__mobile ipod,tfidf,5.5685688527889196e-05
smishing,player 400,tfidf__player 400,tfidf,5.5685688527889196e-05
smishing,proze,tfidf__proze,tfidf,5.5685688527889196e-05
smishing,24 10,tfidf__24 10,tfidf,5.560458306229258e-05
smishing,receipt,tfidf__receipt,tfidf,5.5484960779474405e-05
smishing,fall,tfidf__fall,tfidf,5.543427181260526e-05
smishing,spare,tfidf__spare,tfidf,5.515615062354185e-05
smishing,divorce,tfidf__divorce,tfidf,5.514289781322674e-05
smishing,hi babe,tfidf__hi babe,tfidf,5.493327825768681e-05
smishing,txt reply,tfidf__txt reply,tfidf,5.399603304148555e-05
smishing,correct ans,tfidf__correct ans,tfidf,5.385920224827432e-05
smishing,receipt correct,tfidf__receipt correct,tfidf,5.385920224827432e-05
smishing,subscriber,tfidf__subscriber,tfidf,5.385920224827432e-05
smishing,company,tfidf__company,tfidf,5.3738460553577107e-05
smishing,dunno,tfidf__dunno,tfidf,5.343498331430126e-05
smishing,fantasies phonetoken,tfidf__fantasies phonetoken,tfidf,5.332408329871703e-05
smishing,just got,tfidf__just got,tfidf,5.299023192746756e-05
smishing,idiot,tfidf__idiot,tfidf,5.2880554214341095e-05
smishing,00 urltoken,tfidf__00 urltoken,tfidf,5.2785700070185074e-05
smishing,1000 cashto,tfidf__1000 cashto,tfidf,5.262986554714514e-05
smishing,200 award,tfidf__200 award,tfidf,5.262986554714514e-05
smishing,4jx,tfidf__4jx,tfidf,5.262986554714514e-05
smishing,88222,tfidf__88222,tfidf,5.262986554714514e-05
smishing,88222 php,tfidf__88222 php,tfidf,5.262986554714514e-05
smishing,award 1000,tfidf__award 1000,tfidf,5.262986554714514e-05
smishing,award free,tfidf__award free,tfidf,5.262986554714514e-05
smishing,cashto,tfidf__cashto,tfidf,5.262986554714514e-05
smishing,getstop,tfidf__getstop,tfidf,5.262986554714514e-05
smishing,getstop 88222,tfidf__getstop 88222,tfidf,5.262986554714514e-05
smishing,guaranteed 200,tfidf__guaranteed 200,tfidf,5.262986554714514e-05
smishing,php,tfidf__php,tfidf,5.262986554714514e-05
smishing,php rg21,tfidf__php rg21,tfidf,5.262986554714514e-05
smishing,rg21,tfidf__rg21,tfidf,5.262986554714514e-05
smishing,rg21 4jx,tfidf__rg21 4jx,tfidf,5.262986554714514e-05
smishing,stop getstop,tfidf__stop getstop,tfidf,5.262986554714514e-05
smishing,ard,tfidf__ard,tfidf,5.250583721825447e-05
smishing,alright,tfidf__alright,tfidf,5.222989593348688e-05
smishing,barbie,tfidf__barbie,tfidf,5.209458567047548e-05
smishing,divorce barbie,tfidf__divorce barbie,tfidf,5.209458567047548e-05
smishing,ken's,tfidf__ken's,tfidf,5.209458567047548e-05
smishing,ken's stuff,tfidf__ken's stuff,tfidf,5.209458567047548e-05
smishing,new divorce,tfidf__new divorce,tfidf,5.209458567047548e-05
smishing,awarded rs,tfidf__awarded rs,tfidf,5.202788896287102e-05
smishing,attempt reach,tfidf__attempt reach,tfidf,5.2020735975125156e-05
smishing,cash 6000,tfidf__cash 6000,tfidf,5.198764218035075e-05
smishing,reply yes,tfidf__reply yes,tfidf,5.196107887457112e-05
smishing,process,tfidf__process,tfidf,5.171656696440865e-05
smishing,inr 00,tfidf__inr 00,tfidf,5.154857956303718e-05
smishing,cw25wx,tfidf__cw25wx,tfidf,5.15193661504967e-05
smishing,haf,tfidf__haf,tfidf,5.144451400469555e-05
smishing,reply win,tfidf__reply win,tfidf,5.135312594684595e-05
smishing,150p reply,tfidf__150p reply,tfidf,5.109318141376429e-05
smishing,boltblue,tfidf__boltblue,tfidf,5.109318141376429e-05
smishing,boltblue tones,tfidf__boltblue tones,tfidf,5.109318141376429e-05
smishing,cha cha,tfidf__cha cha,tfidf,5.109318141376429e-05
smishing,cha slide,tfidf__cha slide,tfidf,5.109318141376429e-05
smishing,jamz,tfidf__jamz,tfidf,5.109318141376429e-05
smishing,jamz toxic,tfidf__jamz toxic,tfidf,5.109318141376429e-05
smishing,mono poly3,tfidf__mono poly3,tfidf,5.109318141376429e-05
smishing,poly mono,tfidf__poly mono,tfidf,5.109318141376429e-05
smishing,poly3,tfidf__poly3,tfidf,5.109318141376429e-05
smishing,poly3 cha,tfidf__poly3 cha,tfidf,5.109318141376429e-05
smishing,reply poly,tfidf__reply poly,tfidf,5.109318141376429e-05
smishing,slide yeah,tfidf__slide yeah,tfidf,5.109318141376429e-05
smishing,slow jamz,tfidf__slow jamz,tfidf,5.109318141376429e-05
smishing,tones 150p,tfidf__tones 150p,tfidf,5.109318141376429e-05
smishing,tones txt,tfidf__tones txt,tfidf,5.109318141376429e-05
smishing,toxic,tfidf__toxic,tfidf,5.109318141376429e-05
smishing,toxic come,tfidf__toxic come,tfidf,5.109318141376429e-05
smishing,yeah slow,tfidf__yeah slow,tfidf,5.109318141376429e-05
smishing,story,tfidf__story,tfidf,5.101053265499776e-05
smishing,apart,tfidf__apart,tfidf,5.048361441552452e-05
smishing,embody suspended,tfidf__embody suspended,tfidf,5.01786317030741e-05
smishing,4t,tfidf__4t,tfidf,4.974049833157703e-05
smishing,sch,tfidf__sch,tfidf,4.919694462245262e-05
smishing,150 prize,tfidf__150 prize,tfidf,4.917498205919595e-05
smishing,62468,tfidf__62468,tfidf,4.8871744528124164e-05
smishing,luv,tfidf__luv,tfidf,4.87138797401412e-05
smishing,new year,tfidf__new year,tfidf,4.863169360079943e-05
smishing,maximise,tfidf__maximise,tfidf,4.844974790158216e-05
smishing,maximise ur,tfidf__maximise ur,tfidf,4.844974790158216e-05
smishing,c's apply,tfidf__c's apply,tfidf,4.8434402237496936e-05
smishing,draw 100,tfidf__draw 100,tfidf,4.823390001657399e-05
smishing,hurt,tfidf__hurt,tfidf,4.8162027334959136e-05
smishing,reference,tfidf__reference,tfidf,4.807555686251756e-05
smishing,selected stay,tfidf__selected stay,tfidf,4.800844964051553e-05
smishing,numbers finish,tfidf__numbers finish,tfidf,4.7920089096658906e-05
smishing,just reply,tfidf__just reply,tfidf,4.7897568612836204e-05
smishing,stock,tfidf__stock,tfidf,4.786333456826209e-05
smishing,28days,tfidf__28days,tfidf,4.7784830239807935e-05
smishing,28days cs,tfidf__28days cs,tfidf,4.7784830239807935e-05
smishing,2yr,tfidf__2yr,tfidf,4.7784830239807935e-05
smishing,2yr warranty,tfidf__2yr warranty,tfidf,4.7784830239807935e-05
smishing,box177,tfidf__box177,tfidf,4.7784830239807935e-05
smishing,box177 m221bp,tfidf__box177 m221bp,tfidf,4.7784830239807935e-05
smishing,cs box177,tfidf__cs box177,tfidf,4.7784830239807935e-05
smishing,delivery 28days,tfidf__delivery 28days,tfidf,4.7784830239807935e-05
smishing,m221bp,tfidf__m221bp,tfidf,4.7784830239807935e-05
smishing,m221bp 2yr,tfidf__m221bp 2yr,tfidf,4.7784830239807935e-05
smishing,warranty,tfidf__warranty,tfidf,4.7784830239807935e-05
smishing,warranty 150ppm,tfidf__warranty 150ppm,tfidf,4.7784830239807935e-05
smishing,cup,tfidf__cup,tfidf,4.774086827993204e-05
smishing,faster,tfidf__faster,tfidf,4.752293433002968e-05
smishing,trust,tfidf__trust,tfidf,4.7500888739371304e-05
smishing,08,tfidf__08,tfidf,4.714057925491432e-05
smishing,nyt,tfidf__nyt,tfidf,4.701276354935208e-05
smishing,phonetoken 50,tfidf__phonetoken 50,tfidf,4.689863671546224e-05
smishing,mgs 150p,tfidf__mgs 150p,tfidf,4.617502482522213e-05
smishing,txting tell,tfidf__txting tell,tfidf,4.6117384994943754e-05
smishing,driving faster,tfidf__driving faster,tfidf,4.606392070051642e-05
smishing,idiot driving,tfidf__idiot driving,tfidf,4.606392070051642e-05
smishing,maniac,tfidf__maniac,tfidf,4.606392070051642e-05
smishing,slower,tfidf__slower,tfidf,4.606392070051642e-05
smishing,you're driving,tfidf__you're driving,tfidf,4.606392070051642e-05
smishing,wife,tfidf__wife,tfidf,4.593753968401627e-05
smishing,valued network,tfidf__valued network,tfidf,4.573681396812433e-05
smishing,winner valued,tfidf__winner valued,tfidf,4.573681396812433e-05
smishing,suspended pay,tfidf__suspended pay,tfidf,4.529710091615071e-05
smishing,collected,tfidf__collected,tfidf,4.520798137743003e-05
smishing,collected simply,tfidf__collected simply,tfidf,4.520798137743003e-05
smishing,mix 85069,tfidf__mix 85069,tfidf,4.520798137743003e-05
smishing,text password,tfidf__text password,tfidf,4.520798137743003e-05
smishing,time use,tfidf__time use,tfidf,4.503269117634186e-05
smishing,reach phonetoken,tfidf__reach phonetoken,tfidf,4.450754247318078e-05
smishing,phonetoken arrogate,tfidf__phonetoken arrogate,tfidf,4.4467225473854105e-05
smishing,newest,tfidf__newest,tfidf,4.412285382363405e-05
smishing,leaving,tfidf__leaving,tfidf,4.387275499980171e-05
smishing,complimentary tenerife,tfidf__complimentary tenerife,tfidf,4.3746253378119204e-05
smishing,cs box,tfidf__cs box,tfidf,4.3746253378119204e-05
smishing,hear new,tfidf__hear new,tfidf,4.359888781879034e-05
smishing,world,tfidf__world,tfidf,4.353716361086827e-05
smishing,txtin,tfidf__txtin,tfidf,4.340719501465814e-05
smishing,games arcade,tfidf__games arcade,tfidf,4.32767007515937e-05
smishing,fone,tfidf__fone,tfidf,4.3154435692077394e-05
smishing,26,tfidf__26,tfidf,4.3085997226395324e-05
smishing,charges,tfidf__charges,tfidf,4.299222193823994e-05
smishing,seeing,tfidf__seeing,tfidf,4.288805796685425e-05
smishing,registration,tfidf__registration,tfidf,4.2703682472105895e-05
smishing,900 prize,tfidf__900 prize,tfidf,4.2662380210372855e-05
smishing,todays draw,tfidf__todays draw,tfidf,4.247975779652004e-05
smishing,hols,tfidf__hols,tfidf,4.210078766492404e-05
smishing,purchase,tfidf__purchase,tfidf,4.188533150549533e-05
smishing,free mins,tfidf__free mins,tfidf,4.147793364742072e-05
smishing,mobile awarded,tfidf__mobile awarded,tfidf,4.1270423302356495e-05
smishing,c's,tfidf__c's,tfidf,4.116445826674192e-05
smishing,usher,tfidf__usher,tfidf,4.116444213149595e-05
smishing,vouchers week,tfidf__vouchers week,tfidf,4.1107136804440265e-05
smishing,charged 50,tfidf__charged 50,tfidf,4.079057743717434e-05
smishing,1000 winner,tfidf__1000 winner,tfidf,4.0598002882719284e-05
smishing,150ppmpobox10183bhamb64xe,tfidf__150ppmpobox10183bhamb64xe,tfidf,4.0598002882719284e-05
smishing,phonetoken 150ppmpobox10183bhamb64xe,tfidf__phonetoken 150ppmpobox10183bhamb64xe,tfidf,4.0598002882719284e-05
smishing,150p textoperator,tfidf__150p textoperator,tfidf,4.0270135925411625e-05
smishing,18 xxx,tfidf__18 xxx,tfidf,4.0270135925411625e-05
smishing,89555,tfidf__89555,tfidf,4.0270135925411625e-05
smishing,g696ga,tfidf__g696ga,tfidf,4.0270135925411625e-05
smishing,g696ga 18,tfidf__g696ga 18,tfidf,4.0270135925411625e-05
smishing,textoperator,tfidf__textoperator,tfidf,4.0270135925411625e-05
smishing,textoperator g696ga,tfidf__textoperator g696ga,tfidf,4.0270135925411625e-05
smishing,150 ppm,tfidf__150 ppm,tfidf,4.026381274334513e-05
smishing,ppm,tfidf__ppm,tfidf,4.026381274334513e-05
smishing,loyalty,tfidf__loyalty,tfidf,4.019596342361559e-05
smishing,10am 7pm,tfidf__10am 7pm,tfidf,4.0036204880016755e-05
smishing,tb,tfidf__tb,tfidf,3.996130948511028e-05
smishing,file,tfidf__file,tfidf,3.951163366090895e-05
smishing,ans 80062,tfidf__ans 80062,tfidf,3.930572200489489e-05
smishing,urgent embody,tfidf__urgent embody,tfidf,3.890698121655189e-05
smishing,customer exist,tfidf__customer exist,tfidf,3.8053377046524865e-05
smishing,prize collect,tfidf__prize collect,tfidf,3.7600539883783864e-05
smishing,camera mobile,tfidf__camera mobile,tfidf,3.7375262151316456e-05
smishing,rate c's,tfidf__rate c's,tfidf,3.7298510213043304e-05
smishing,std txt,tfidf__std txt,tfidf,3.7298510213043304e-05
smishing,txt rate,tfidf__txt rate,tfidf,3.7298510213043304e-05
smishing,embody easy,tfidf__embody easy,tfidf,3.729073803377026e-05
smishing,neva,tfidf__neva,tfidf,3.693012564804372e-05
smishing,assure,tfidf__assure,tfidf,3.687333752856435e-05
smishing,81,tfidf__81,tfidf,3.6814252212418366e-05
smishing,81 urltoken,tfidf__81 urltoken,tfidf,3.6814252212418366e-05
smishing,phonetoken 81,tfidf__phonetoken 81,tfidf,3.6814252212418366e-05
smishing,competition,tfidf__competition,tfidf,3.679013343425794e-05
smishing,82277,tfidf__82277,tfidf,3.643751968509144e-05
smishing,ansr,tfidf__ansr,tfidf,3.643751968509144e-05
smishing,ansr 82277,tfidf__ansr 82277,tfidf,3.643751968509144e-05
smishing,dvd player,tfidf__dvd player,tfidf,3.643751968509144e-05
smishing,quiz wkly,tfidf__quiz wkly,tfidf,3.643751968509144e-05
smishing,sony dvd,tfidf__sony dvd,tfidf,3.643751968509144e-05
smishing,sunshine quiz,tfidf__sunshine quiz,tfidf,3.643751968509144e-05
smishing,txt ansr,tfidf__txt ansr,tfidf,3.643751968509144e-05
smishing,800 prize,tfidf__800 prize,tfidf,3.629619780961071e-05
smishing,holder claim,tfidf__holder claim,tfidf,3.6124052420960586e-05
smishing,greet,tfidf__greet,tfidf,3.583115862666464e-05
smishing,booked,tfidf__booked,tfidf,3.565069388900032e-05
smishing,86688 let's,tfidf__86688 let's,tfidf,3.553005396650314e-05
smishing,msg rcvd,tfidf__msg rcvd,tfidf,3.553005396650314e-05
smishing,rcvd hg,tfidf__rcvd hg,tfidf,3.553005396650314e-05
smishing,w1j6hl ldn,tfidf__w1j6hl ldn,tfidf,3.553005396650314e-05
smishing,telling,tfidf__telling,tfidf,3.545836582527474e-05
smishing,pl,tfidf__pl,tfidf,3.501890058089879e-05
smishing,months,tfidf__months,tfidf,3.500289344859335e-05
smishing,loss,tfidf__loss,tfidf,3.4935439568991846e-05
smishing,nokia mobile,tfidf__nokia mobile,tfidf,3.477672959449802e-05
smishing,bid embody,tfidf__bid embody,tfidf,3.3909354978488515e-05
smishing,ve won,tfidf__ve won,tfidf,3.378680830907325e-05
smishing,won costa,tfidf__won costa,tfidf,3.378680830907325e-05
smishing,8pm,tfidf__8pm,tfidf,3.3752061184744796e-05
smishing,8pm click,tfidf__8pm click,tfidf,3.3752061184744796e-05
smishing,alerts click,tfidf__alerts click,tfidf,3.3752061184744796e-05
smishing,battle royale,tfidf__battle royale,tfidf,3.3752061184744796e-05
smishing,gilchrist,tfidf__gilchrist,tfidf,3.3752061184744796e-05
smishing,gilchrist vs,tfidf__gilchrist vs,tfidf,3.3752061184744796e-05
smishing,ipl,tfidf__ipl,tfidf,3.3752061184744796e-05
smishing,ipl mobile,tfidf__ipl mobile,tfidf,3.3752061184744796e-05
smishing,mix alerts,tfidf__mix alerts,tfidf,3.3752061184744796e-05
smishing,pl battle,tfidf__pl battle,tfidf,3.3752061184744796e-05
smishing,royale,tfidf__royale,tfidf,3.3752061184744796e-05
smishing,royale gilchrist,tfidf__royale gilchrist,tfidf,3.3752061184744796e-05
smishing,today 8pm,tfidf__today 8pm,tfidf,3.3752061184744796e-05
smishing,urltoken ipl,tfidf__urltoken ipl,tfidf,3.3752061184744796e-05
smishing,vs warne,tfidf__vs warne,tfidf,3.3752061184744796e-05
smishing,warne,tfidf__warne,tfidf,3.3752061184744796e-05
smishing,warne today,tfidf__warne today,tfidf,3.3752061184744796e-05
smishing,m263uz,tfidf__m263uz,tfidf,3.362351404234611e-05
smishing,contact weekends,tfidf__contact weekends,tfidf,3.337777782492429e-05
smishing,oso,tfidf__oso,tfidf,3.335598562949377e-05
smishing,i'd like,tfidf__i'd like,tfidf,3.3272091573236654e-05
smishing,select receive,tfidf__select receive,tfidf,3.316726248511134e-05
smishing,kate,tfidf__kate,tfidf,3.315640226964349e-05
smishing,forgot,tfidf__forgot,tfidf,3.3144195241665764e-05
smishing,4goten,tfidf__4goten,tfidf,3.3026940420936e-05
smishing,4goten bout,tfidf__4goten bout,tfidf,3.3026940420936e-05
smishing,babe 4goten,tfidf__babe 4goten,tfidf,3.3026940420936e-05
smishing,bout scammers,tfidf__bout scammers,tfidf,3.3026940420936e-05
smishing,hi ya,tfidf__hi ya,tfidf,3.3026940420936e-05
smishing,msg subscription,tfidf__msg subscription,tfidf,3.3026940420936e-05
smishing,nos,tfidf__nos,tfidf,3.3026940420936e-05
smishing,prem rate,tfidf__prem rate,tfidf,3.3026940420936e-05
smishing,rate msg,tfidf__rate msg,tfidf,3.3026940420936e-05
smishing,regular,tfidf__regular,tfidf,3.3026940420936e-05
smishing,regular vodafone,tfidf__regular vodafone,tfidf,3.3026940420936e-05
smishing,scammers,tfidf__scammers,tfidf,3.3026940420936e-05
smishing,subscription nos,tfidf__subscription nos,tfidf,3.3026940420936e-05
smishing,ya babe,tfidf__ya babe,tfidf,3.3026940420936e-05
smishing,tour,tfidf__tour,tfidf,3.295290591442798e-05
smishing,contact todays,tfidf__contact todays,tfidf,3.295212385297737e-05
smishing,reference number,tfidf__reference number,tfidf,3.283265709505138e-05
smishing,meet greet,tfidf__meet greet,tfidf,3.275283233168586e-05
smishing,come stop,tfidf__come stop,tfidf,3.2701823783074406e-05
smishing,prove contact,tfidf__prove contact,tfidf,3.243845977293314e-05
smishing,number ingest,tfidf__number ingest,tfidf,3.2009861556847286e-05
smishing,m8,tfidf__m8,tfidf,3.1651031055899455e-05
smishing,35,tfidf__35,tfidf,3.138046256663861e-05
smishing,ur mates,tfidf__ur mates,tfidf,3.0858152349782185e-05
smishing,16 reply,tfidf__16 reply,tfidf,3.0857939800222744e-05
smishing,4info,tfidf__4info,tfidf,3.0857939800222744e-05
smishing,friends 150p,tfidf__friends 150p,tfidf,3.0857939800222744e-05
smishing,hl,tfidf__hl,tfidf,3.0857939800222744e-05
smishing,hl 4info,tfidf__hl 4info,tfidf,3.0857939800222744e-05
smishing,reply hl,tfidf__reply hl,tfidf,3.0857939800222744e-05
smishing,claim yr,tfidf__claim yr,tfidf,3.076702229667214e-05
smishing,rcv,tfidf__rcv,tfidf,3.074629883222146e-05
smishing,spider,tfidf__spider,tfidf,3.0169865130015514e-05
smishing,latest colour,tfidf__latest colour,tfidf,3.0070356469069217e-05
smishing,receivea,tfidf__receivea,tfidf,3.0031916005357114e-05
smishing,receivea 900,tfidf__receivea 900,tfidf,3.0031916005357114e-05
smishing,official,tfidf__official,tfidf,2.9913500208095765e-05
smishing,12hrs 150ppm,tfidf__12hrs 150ppm,tfidf,2.9833311858496408e-05
smishing,83049,tfidf__83049,tfidf,2.974876747888696e-05
smishing,currently tour,tfidf__currently tour,tfidf,2.974876747888696e-05
smishing,greet westlife,tfidf__greet westlife,tfidf,2.974876747888696e-05
smishing,text 83049,tfidf__text 83049,tfidf,2.974876747888696e-05
smishing,tour unbreakable,tfidf__tour unbreakable,tfidf,2.974876747888696e-05
smishing,unbreakable,tfidf__unbreakable,tfidf,2.974876747888696e-05
smishing,unbreakable untamed,tfidf__unbreakable untamed,tfidf,2.974876747888696e-05
smishing,unkempt,tfidf__unkempt,tfidf,2.974876747888696e-05
smishing,unkempt text,tfidf__unkempt text,tfidf,2.974876747888696e-05
smishing,untamed,tfidf__untamed,tfidf,2.974876747888696e-05
smishing,untamed unkempt,tfidf__untamed unkempt,tfidf,2.974876747888696e-05
smishing,wan2,tfidf__wan2,tfidf,2.974876747888696e-05
smishing,westlife,tfidf__westlife,tfidf,2.974876747888696e-05
smishing,westlife m8,tfidf__westlife m8,tfidf,2.974876747888696e-05
smishing,silver,tfidf__silver,tfidf,2.9161771484980718e-05
smishing,contact claim,tfidf__contact claim,tfidf,2.8980212600924336e-05
smishing,discreet,tfidf__discreet,tfidf,2.869218405656788e-05
smishing,cust,tfidf__cust,tfidf,2.833968823321605e-05
smishing,harry potter,tfidf__harry potter,tfidf,2.8299217796386254e-05
smishing,newest harry,tfidf__newest harry,tfidf,2.8299217796386254e-05
smishing,order phoenix,tfidf__order phoenix,tfidf,2.8299217796386254e-05
smishing,phoenix,tfidf__phoenix,tfidf,2.8299217796386254e-05
smishing,potter,tfidf__potter,tfidf,2.8299217796386254e-05
smishing,potter order,tfidf__potter order,tfidf,2.8299217796386254e-05
smishing,questions chance,tfidf__questions chance,tfidf,2.8299217796386254e-05
smishing,readers,tfidf__readers,tfidf,2.8299217796386254e-05
smishing,ll,tfidf__ll,tfidf,2.8262639784755507e-05
smishing,tel,tfidf__tel,tfidf,2.8219330098795434e-05
smishing,326,tfidf__326,tfidf,2.743934223377252e-05
smishing,326 cw25wx,tfidf__326 cw25wx,tfidf,2.743934223377252e-05
smishing,abta,tfidf__abta,tfidf,2.743934223377252e-05
smishing,abta complimentary,tfidf__abta complimentary,tfidf,2.743934223377252e-05
smishing,box 326,tfidf__box 326,tfidf,2.743934223377252e-05
smishing,landline abta,tfidf__landline abta,tfidf,2.743934223377252e-05
smishing,fr,tfidf__fr,tfidf,2.738226825074511e-05
smishing,mid,tfidf__mid,tfidf,2.7215116284087143e-05
smishing,reply harry,tfidf__reply harry,tfidf,2.694291736552144e-05
smishing,tried contact,tfidf__tried contact,tfidf,2.678893099199082e-05
smishing,1000 prize,tfidf__1000 prize,tfidf,2.6746002546515205e-05
smishing,ok lor,tfidf__ok lor,tfidf,2.654828332182919e-05
smishing,order reference,tfidf__order reference,tfidf,2.602637333777868e-05
smishing,open,tfidf__open,tfidf,2.5984619316790753e-05
smishing,worlds,tfidf__worlds,tfidf,2.5089727626291525e-05
smishing,hour,tfidf__hour,tfidf,2.4945245825214777e-05
smishing,birds,tfidf__birds,tfidf,2.4943319086680897e-05
smishing,exist awarded,tfidf__exist awarded,tfidf,2.4870542668757042e-05
smishing,1131,tfidf__1131,tfidf,2.4459299977143773e-05
smishing,1131 standard,tfidf__1131 standard,tfidf,2.4459299977143773e-05
smishing,5226,tfidf__5226,tfidf,2.4459299977143773e-05
smishing,award hava,tfidf__award hava,tfidf,2.4459299977143773e-05
smishing,code 1131,tfidf__code 1131,tfidf,2.4459299977143773e-05
smishing,hava,tfidf__hava,tfidf,2.4459299977143773e-05
smishing,hava match,tfidf__hava match,tfidf,2.4459299977143773e-05
smishing,ve,tfidf__ve,tfidf,2.4415512693659495e-05
smishing,box95qu,tfidf__box95qu,tfidf,2.4312926992509823e-05
smishing,phonetoken box95qu,tfidf__phonetoken box95qu,tfidf,2.4312926992509823e-05
smishing,respond,tfidf__respond,tfidf,2.383899131713401e-05
smishing,mobile txt,tfidf__mobile txt,tfidf,2.3809534062771304e-05
smishing,liverpool,tfidf__liverpool,tfidf,2.348088094929284e-05
smishing,figure,tfidf__figure,tfidf,2.3398342542417146e-05
smishing,address dob,tfidf__address dob,tfidf,2.3383290986919727e-05
smishing,asap ta,tfidf__asap ta,tfidf,2.3383290986919727e-05
smishing,birds chaps,tfidf__birds chaps,tfidf,2.3383290986919727e-05
smishing,champneys,tfidf__champneys,tfidf,2.3383290986919727e-05
smishing,chaps,tfidf__chaps,tfidf,2.3383290986919727e-05
smishing,chaps user,tfidf__chaps user,tfidf,2.3383290986919727e-05
smishing,dob,tfidf__dob,tfidf,2.3383290986919727e-05
smishing,dob asap,tfidf__dob asap,tfidf,2.3383290986919727e-05
smishing,posh,tfidf__posh,tfidf,2.3383290986919727e-05
smishing,posh birds,tfidf__posh birds,tfidf,2.3383290986919727e-05
smishing,prods,tfidf__prods,tfidf,2.3383290986919727e-05
smishing,prods champneys,tfidf__prods champneys,tfidf,2.3383290986919727e-05
smishing,trial prods,tfidf__trial prods,tfidf,2.3383290986919727e-05
smishing,user trial,tfidf__user trial,tfidf,2.3383290986919727e-05
smishing,cum,tfidf__cum,tfidf,2.307132341597872e-05
smishing,03 embody,tfidf__03 embody,tfidf,2.301084988742573e-05
smishing,valid12hrs,tfidf__valid12hrs,tfidf,2.294686703890472e-05
smishing,aft,tfidf__aft,tfidf,2.2783394601763932e-05
smishing,won 800,tfidf__won 800,tfidf,2.269236295380859e-05
smishing,selected receivea,tfidf__selected receivea,tfidf,2.2626016703431905e-05
smishing,reward claim,tfidf__reward claim,tfidf,2.2537103192306023e-05
smishing,69988,tfidf__69988,tfidf,2.2269031205246926e-05
smishing,chat svc,tfidf__chat svc,tfidf,2.2269031205246926e-05
smishing,free hardcore,tfidf__free hardcore,tfidf,2.2269031205246926e-05
smishing,hardcore services,tfidf__hardcore services,tfidf,2.2269031205246926e-05
smishing,msgs chat,tfidf__msgs chat,tfidf,2.2269031205246926e-05
smishing,network try,tfidf__network try,tfidf,2.2269031205246926e-05
smishing,rcv msgs,tfidf__rcv msgs,tfidf,2.2269031205246926e-05
smishing,services text,tfidf__services text,tfidf,2.2269031205246926e-05
smishing,svc,tfidf__svc,tfidf,2.2269031205246926e-05
smishing,svc free,tfidf__svc free,tfidf,2.2269031205246926e-05
smishing,you'll rcv,tfidf__you'll rcv,tfidf,2.2269031205246926e-05
smishing,yr network,tfidf__yr network,tfidf,2.2269031205246926e-05
smishing,dear fl1pkart,tfidf__dear fl1pkart,tfidf,2.2251929531120103e-05
smishing,fl1pkart customer,tfidf__fl1pkart customer,tfidf,2.2251929531120103e-05
smishing,shows w0n,tfidf__shows w0n,tfidf,2.2251929531120103e-05
smishing,urgent dear,tfidf__urgent dear,tfidf,2.2251929531120103e-05
smishing,w0n rs,tfidf__w0n rs,tfidf,2.2251929531120103e-05
smishing,free txtin,tfidf__free txtin,tfidf,2.175592492868077e-05
smishing,download content,tfidf__download content,tfidf,2.166473497146731e-05
smishing,83110,tfidf__83110,tfidf,2.162730020525182e-05
smishing,discreet text,tfidf__discreet text,tfidf,2.162730020525182e-05
smishing,fall love,tfidf__fall love,tfidf,2.162730020525182e-05
smishing,friends fall,tfidf__friends fall,tfidf,2.162730020525182e-05
smishing,love worlds,tfidf__love worlds,tfidf,2.162730020525182e-05
smishing,new friends,tfidf__new friends,tfidf,2.162730020525182e-05
smishing,service just,tfidf__service just,tfidf,2.162730020525182e-05
smishing,talk sexy,tfidf__talk sexy,tfidf,2.162730020525182e-05
smishing,text vip,tfidf__text vip,tfidf,2.162730020525182e-05
smishing,vip 83110,tfidf__vip 83110,tfidf,2.162730020525182e-05
smishing,worlds discreet,tfidf__worlds discreet,tfidf,2.162730020525182e-05
smishing,stop stop,tfidf__stop stop,tfidf,2.1574093923267032e-05
smishing,50 sp,tfidf__50 sp,tfidf,2.1500190327111856e-05
smishing,82277 50,tfidf__82277 50,tfidf,2.1500190327111856e-05
smishing,sp tyrone,tfidf__sp tyrone,tfidf,2.1500190327111856e-05
smishing,tyrone,tfidf__tyrone,tfidf,2.1500190327111856e-05
smishing,live pay,tfidf__live pay,tfidf,2.140524550663537e-05
smishing,pay download,tfidf__pay download,tfidf,2.140524550663537e-05
smishing,texts free,tfidf__texts free,tfidf,2.1249922874419892e-05
smishing,awarded 000,tfidf__awarded 000,tfidf,2.0741226676659465e-05
smishing,week txt,tfidf__week txt,tfidf,2.0701428629306328e-05
smishing,win newest,tfidf__win newest,tfidf,2.025932620240895e-05
smishing,don't want,tfidf__don't want,tfidf,2.012961622034909e-05
smishing,txtin tell,tfidf__txtin tell,tfidf,2.0099778591092188e-05
smishing,end,tfidf__end,tfidf,2.0087342894592185e-05
smishing,i'd,tfidf__i'd,tfidf,1.9951324933461962e-05
smishing,embody free,tfidf__embody free,tfidf,1.988469880555584e-05
smishing,professional,tfidf__professional,tfidf,1.9282876456844322e-05
smishing,professional sport,tfidf__professional sport,tfidf,1.9282876456844322e-05
smishing,tiger,tfidf__tiger,tfidf,1.9282876456844322e-05
smishing,tiger woods,tfidf__tiger woods,tfidf,1.9282876456844322e-05
smishing,weekly professional,tfidf__weekly professional,tfidf,1.9282876456844322e-05
smishing,woods,tfidf__woods,tfidf,1.9282876456844322e-05
smishing,woods play,tfidf__woods play,tfidf,1.9282876456844322e-05
smishing,m8 currently,tfidf__m8 currently,tfidf,1.8679106596859996e-05
smishing,flirt,tfidf__flirt,tfidf,1.8218789063948777e-05
smishing,win sony,tfidf__win sony,tfidf,1.7620847801421213e-05
smishing,wkly win,tfidf__wkly win,tfidf,1.7620847801421213e-05
smishing,inr,tfidf__inr,tfidf,1.7046612519852312e-05
smishing,latest motorola,tfidf__latest motorola,tfidf,1.682545356895023e-05
smishing,11,tfidf__11,tfidf,1.6713473776185402e-05
smishing,amanda,tfidf__amanda,tfidf,1.6319348622387436e-05
smishing,amanda regard,tfidf__amanda regard,tfidf,1.6319348622387436e-05
smishing,charge offer,tfidf__charge offer,tfidf,1.6319348622387436e-05
smishing,current mobile,tfidf__current mobile,tfidf,1.6319348622387436e-05
smishing,free charge,tfidf__free charge,tfidf,1.6319348622387436e-05
smishing,handset free,tfidf__handset free,tfidf,1.6319348622387436e-05
smishing,mobile handset,tfidf__mobile handset,tfidf,1.6319348622387436e-05
smishing,phonetoken subject,tfidf__phonetoken subject,tfidf,1.6319348622387436e-05
smishing,regard,tfidf__regard,tfidf,1.6319348622387436e-05
smishing,subject,tfidf__subject,tfidf,1.6319348622387436e-05
smishing,subject t's,tfidf__subject t's,tfidf,1.6319348622387436e-05
smishing,tel phonetoken,tfidf__tel phonetoken,tfidf,1.6319348622387436e-05
smishing,today tel,tfidf__today tel,tfidf,1.6319348622387436e-05
smishing,prove,tfidf__prove,tfidf,1.6208887462075034e-05
smishing,week's,tfidf__week's,tfidf,1.6203704671711703e-05
smishing,touch weekends,tfidf__touch weekends,tfidf,1.536179758533462e-05
smishing,optout,tfidf__optout,tfidf,1.4892458693104755e-05
smishing,optout txt,tfidf__optout txt,tfidf,1.4892458693104755e-05
smishing,country liverpool,tfidf__country liverpool,tfidf,1.2540941580142607e-05
smishing,mid week,tfidf__mid week,tfidf,1.2540941580142607e-05
smishing,nonplus,tfidf__nonplus,tfidf,1.2271711290419268e-05
smishing,phones free,tfidf__phones free,tfidf,1.145210892343891e-05
smishing,restrain,tfidf__restrain,tfidf,1.1237477200272168e-05
smishing,billed,tfidf__billed,tfidf,1.1091937172842086e-05
smishing,enjoin,tfidf__enjoin,tfidf,1.072056516854494e-05
smishing,50 ur,tfidf__50 ur,tfidf,1.0524075261293177e-05
smishing,83338,tfidf__83338,tfidf,1.0524075261293177e-05
smishing,83338 game,tfidf__83338 game,tfidf,1.0524075261293177e-05
smishing,8ball,tfidf__8ball,tfidf,1.0524075261293177e-05
smishing,8ball wallpaper,tfidf__8ball wallpaper,tfidf,1.0524075261293177e-05
smishing,free 8ball,tfidf__free 8ball,tfidf,1.0524075261293177e-05
smishing,game 50,tfidf__game 50,tfidf,1.0524075261293177e-05
smishing,game ll,tfidf__game ll,tfidf,1.0524075261293177e-05
smishing,ll send,tfidf__ll send,tfidf,1.0524075261293177e-05
smishing,man game,tfidf__man game,tfidf,1.0524075261293177e-05
smishing,marvel,tfidf__marvel,tfidf,1.0524075261293177e-05
smishing,marvel mobile,tfidf__marvel mobile,tfidf,1.0524075261293177e-05
smishing,mobile right,tfidf__mobile right,tfidf,1.0524075261293177e-05
smishing,official ultimate,tfidf__official ultimate,tfidf,1.0524075261293177e-05
smishing,right text,tfidf__right text,tfidf,1.0524075261293177e-05
smishing,spider 83338,tfidf__spider 83338,tfidf,1.0524075261293177e-05
smishing,spider man,tfidf__spider man,tfidf,1.0524075261293177e-05
smishing,text spider,tfidf__text spider,tfidf,1.0524075261293177e-05
smishing,ultimate,tfidf__ultimate,tfidf,1.0524075261293177e-05
smishing,ultimate spider,tfidf__ultimate spider,tfidf,1.0524075261293177e-05
smishing,reach,tfidf__reach,tfidf,1.0361344787042265e-05
smishing,player experience,tfidf__player experience,tfidf,1.0293599709663988e-05
smishing,1x150p,tfidf__1x150p,tfidf,1.0148515223114815e-05
smishing,1x150p wk,tfidf__1x150p wk,tfidf,1.0148515223114815e-05
smishing,phonetoken 1x150p,tfidf__phonetoken 1x150p,tfidf,1.0148515223114815e-05
smishing,didnt,tfidf__didnt,tfidf,9.931941807542089e-06
smishing,enjoin ur,tfidf__enjoin ur,tfidf,9.74573554703575e-06
smishing,150p mtmsg,tfidf__150p mtmsg,tfidf,9.586228004649457e-06
smishing,4t ctxt,tfidf__4t ctxt,tfidf,9.586228004649457e-06
smishing,ctxt,tfidf__ctxt,tfidf,9.586228004649457e-06
smishing,ctxt tc,tfidf__ctxt tc,tfidf,9.586228004649457e-06
smishing,hi customer,tfidf__hi customer,tfidf,9.586228004649457e-06
smishing,mtmsg,tfidf__mtmsg,tfidf,9.586228004649457e-06
smishing,new nokia6650,tfidf__new nokia6650,tfidf,9.586228004649457e-06
smishing,nokia6650,tfidf__nokia6650,tfidf,9.586228004649457e-06
smishing,nokia6650 mobile,tfidf__nokia6650 mobile,tfidf,9.586228004649457e-06
smishing,tc 150p,tfidf__tc 150p,tfidf,9.586228004649457e-06
smishing,msgs,tfidf__msgs,tfidf,8.510127599341854e-06
smishing,code flip52,tfidf__code flip52,tfidf,8.444711995771449e-06
smishing,flip52,tfidf__flip52,tfidf,8.444711995771449e-06
smishing,flip52 valid,tfidf__flip52 valid,tfidf,8.444711995771449e-06
smishing,know country,tfidf__know country,tfidf,7.771481160285125e-06
smishing,player know,tfidf__player know,tfidf,7.771481160285125e-06
smishing,delete,tfidf__delete,tfidf,7.696200153917468e-06
smishing,bad,tfidf__bad,tfidf,7.135700978353447e-06
smishing,future,tfidf__future,tfidf,6.584756145359877e-06
smishing,06,tfidf__06,tfidf,5.530449758916523e-06
smishing,cust care,tfidf__cust care,tfidf,4.922465223658978e-06
smishing,offer ends,tfidf__offer ends,tfidf,4.774147437767754e-06
smishing,gain,tfidf__gain,tfidf,4.633075325940479e-06
smishing,starting,tfidf__starting,tfidf,4.567220715197073e-06
smishing,bear,tfidf__bear,tfidf,4.330179689053885e-06
smishing,claim weeks,tfidf__claim weeks,tfidf,4.166287042960189e-06
smishing,used,tfidf__used,tfidf,3.850326307656573e-06
smishing,entered,tfidf__entered,tfidf,3.246451715307068e-06
smishing,match,tfidf__match,tfidf,2.582531051984659e-06
smishing,phone urltoken,tfidf__phone urltoken,tfidf,2.105359816561296e-06
smishing,txt word,tfidf__txt word,tfidf,1.2242519321945935e-06
smishing,valid,tfidf__valid,tfidf,1.1689440948682621e-06
smishing,week starting,tfidf__week starting,tfidf,4.750133597211289e-07
smishing,there's,tfidf__there's,tfidf,3.4566579874684097e-07
smishing,ends,tfidf__ends,tfidf,9.820791540202881e-08
smishing,00 sub,tfidf__00 sub,tfidf,0.0
smishing,000 songs,tfidf__000 songs,tfidf,0.0
smishing,000 xmas,tfidf__000 xmas,tfidf,0.0
smishing,02 claimcode,tfidf__02 claimcode,tfidf,0.0
smishing,02 user,tfidf__02 user,tfidf,0.0
smishing,03 exist,tfidf__03 exist,tfidf,0.0
smishing,04 43,tfidf__04 43,tfidf,0.0
smishing,05,tfidf__05,tfidf,0.0
smishing,050703,tfidf__050703,tfidf,0.0
smishing,050703 csbcm4235wc1n3xx,tfidf__050703 csbcm4235wc1n3xx,tfidf,0.0
smishing,078,tfidf__078,tfidf,0.0
smishing,07xxxxxxxxx,tfidf__07xxxxxxxxx,tfidf,0.0
smishing,08718727870150ppm,tfidf__08718727870150ppm,tfidf,0.0
smishing,09,tfidf__09,tfidf,0.0
smishing,0km,tfidf__0km,tfidf,0.0
smishing,0km frm,tfidf__0km frm,tfidf,0.0
smishing,10 00,tfidf__10 00,tfidf,0.0
smishing,10 000,tfidf__10 000,tfidf,0.0
smishing,100 000,tfidf__100 000,tfidf,0.0
smishing,100 cash,tfidf__100 cash,tfidf,0.0
smishing,100 security,tfidf__100 security,tfidf,0.0
smishing,100 txts,tfidf__100 txts,tfidf,0.0
smishing,1000 txt,tfidf__1000 txt,tfidf,0.0
smishing,1000 txts,tfidf__1000 txts,tfidf,0.0
smishing,1000call,tfidf__1000call,tfidf,0.0
smishing,1000call phonetoken,tfidf__1000call phonetoken,tfidf,0.0
smishing,10ppm,tfidf__10ppm,tfidf,0.0
smishing,10ppm 16,tfidf__10ppm 16,tfidf,0.0
smishing,113,tfidf__113,tfidf,0.0
smishing,113 bray,tfidf__113 bray,tfidf,0.0
smishing,11pm,tfidf__11pm,tfidf,0.0
smishing,11pm won,tfidf__11pm won,tfidf,0.0
smishing,12 help,tfidf__12 help,tfidf,0.0
smishing,12 kiosk,tfidf__12 kiosk,tfidf,0.0
smishing,12 mths,tfidf__12 mths,tfidf,0.0
smishing,1250,tfidf__1250,tfidf,0.0
smishing,1250 phonetoken,tfidf__1250 phonetoken,tfidf,0.0
smishing,12hours,tfidf__12hours,tfidf,0.0
smishing,135,tfidf__135,tfidf,0.0
smishing,135 with2,tfidf__135 with2,tfidf,0.0
smishing,14 500,tfidf__14 500,tfidf,0.0
smishing,146tf150p,tfidf__146tf150p,tfidf,0.0
smishing,146tf150p win,tfidf__146tf150p win,tfidf,0.0
smishing,14thmarch,tfidf__14thmarch,tfidf,0.0
smishing,14thmarch c's,tfidf__14thmarch c's,tfidf,0.0
smishing,15 noida,tfidf__15 noida,tfidf,0.0
smishing,150 case,tfidf__150 case,tfidf,0.0
smishing,150 text,tfidf__150 text,tfidf,0.0
smishing,150 textand,tfidf__150 textand,tfidf,0.0
smishing,150p phonetoken,tfidf__150p phonetoken,tfidf,0.0
smishing,150ppm 18,tfidf__150ppm 18,tfidf,0.0
smishing,150ppm ave,tfidf__150ppm ave,tfidf,0.0
smishing,150ppm mobilesvary,tfidf__150ppm mobilesvary,tfidf,0.0
smishing,150ppmmobilesvary,tfidf__150ppmmobilesvary,tfidf,0.0
smishing,150ppmmobilesvary max,tfidf__150ppmmobilesvary max,tfidf,0.0
smishing,151 pause,tfidf__151 pause,tfidf,0.0
smishing,16 99,tfidf__16 99,tfidf,0.0
smishing,16 c's,tfidf__16 c's,tfidf,0.0
smishing,16 cs,tfidf__16 cs,tfidf,0.0
smishing,16 remove,tfidf__16 remove,tfidf,0.0
smishing,16 unsub,tfidf__16 unsub,tfidf,0.0
smishing,18 days,tfidf__18 days,tfidf,0.0
smishing,18 urltoken,tfidf__18 urltoken,tfidf,0.0
smishing,19 10,tfidf__19 10,tfidf,0.0
smishing,1er,tfidf__1er,tfidf,0.0
smishing,1er stop,tfidf__1er stop,tfidf,0.0
smishing,1st class,tfidf__1st class,tfidf,0.0
smishing,1st ur,tfidf__1st ur,tfidf,0.0
smishing,1winaweek,tfidf__1winaweek,tfidf,0.0
smishing,1winaweek age16,tfidf__1winaweek age16,tfidf,0.0
smishing,1yf,tfidf__1yf,tfidf,0.0
smishing,1yf 150ppm,tfidf__1yf 150ppm,tfidf,0.0
smishing,20 000,tfidf__20 000,tfidf,0.0
smishing,200 prize,tfidf__200 prize,tfidf,0.0
smishing,2000 bonus,tfidf__2000 bonus,tfidf,0.0
smishing,2006,tfidf__2006,tfidf,0.0
smishing,2006 fifa,tfidf__2006 fifa,tfidf,0.0
smishing,2007,tfidf__2007,tfidf,0.0
smishing,2007 band,tfidf__2007 band,tfidf,0.0
smishing,21 aberdeen,tfidf__21 aberdeen,tfidf,0.0
smishing,21 matches,tfidf__21 matches,tfidf,0.0
smishing,220,tfidf__220,tfidf,0.0
smishing,220 cm2,tfidf__220 cm2,tfidf,0.0
smishing,24 hour,tfidf__24 hour,tfidf,0.0
smishing,24 hr,tfidf__24 hr,tfidf,0.0
smishing,25 inviting,tfidf__25 inviting,tfidf,0.0
smishing,250 cash,tfidf__250 cash,tfidf,0.0
smishing,250 sms,tfidf__250 sms,tfidf,0.0
smishing,250 tag,tfidf__250 tag,tfidf,0.0
smishing,250 weekly,tfidf__250 weekly,tfidf,0.0
smishing,25p alfie,tfidf__25p alfie,tfidf,0.0
smishing,2600,tfidf__2600,tfidf,0.0
smishing,2600 urltoken,tfidf__2600 urltoken,tfidf,0.0
smishing,26th,tfidf__26th,tfidf,0.0
smishing,26th july,tfidf__26th july,tfidf,0.0
smishing,28 lac,tfidf__28 lac,tfidf,0.0
smishing,2day,tfidf__2day,tfidf,0.0
smishing,2find,tfidf__2find,tfidf,0.0
smishing,2find log,tfidf__2find log,tfidf,0.0
smishing,2nite chat,tfidf__2nite chat,tfidf,0.0
smishing,2stop,tfidf__2stop,tfidf,0.0
smishing,2stop reply,tfidf__2stop reply,tfidf,0.0
smishing,2wks,tfidf__2wks,tfidf,0.0
smishing,2wks free,tfidf__2wks free,tfidf,0.0
smishing,3000,tfidf__3000,tfidf,0.0
smishing,3000 cash,tfidf__3000 cash,tfidf,0.0
smishing,30000,tfidf__30000,tfidf,0.0
smishing,30000 onwards,tfidf__30000 onwards,tfidf,0.0
smishing,300603t,tfidf__300603t,tfidf,0.0
smishing,300603t urltoken,tfidf__300603t urltoken,tfidf,0.0
smishing,30s,tfidf__30s,tfidf,0.0
smishing,30s urltoken,tfidf__30s urltoken,tfidf,0.0
smishing,31,tfidf__31,tfidf,0.0
smishing,3100,tfidf__3100,tfidf,0.0
smishing,3100 standard,tfidf__3100 standard,tfidf,0.0
smishing,32,tfidf__32,tfidf,0.0
smishing,32323,tfidf__32323,tfidf,0.0
smishing,33,tfidf__33,tfidf,0.0
smishing,350 reward,tfidf__350 reward,tfidf,0.0
smishing,350 weekly,tfidf__350 weekly,tfidf,0.0
smishing,350 worth,tfidf__350 worth,tfidf,0.0
smishing,35p,tfidf__35p,tfidf,0.0
smishing,35p think,tfidf__35p think,tfidf,0.0
smishing,3650,tfidf__3650,tfidf,0.0
smishing,3650 video,tfidf__3650 video,tfidf,0.0
smishing,36504 w4,tfidf__36504 w4,tfidf,0.0
smishing,373,tfidf__373,tfidf,0.0
smishing,373 london,tfidf__373 london,tfidf,0.0
smishing,3750,tfidf__3750,tfidf,0.0
smishing,3750 pounds,tfidf__3750 pounds,tfidf,0.0
smishing,3g 121,tfidf__3g 121,tfidf,0.0
smishing,3g sms,tfidf__3g sms,tfidf,0.0
smishing,3g watch,tfidf__3g watch,tfidf,0.0
smishing,3mins,tfidf__3mins,tfidf,0.0
smishing,3mins 30s,tfidf__3mins 30s,tfidf,0.0
smishing,3mins vary,tfidf__3mins vary,tfidf,0.0
smishing,3pound,tfidf__3pound,tfidf,0.0
smishing,3pound help,tfidf__3pound help,tfidf,0.0
smishing,3ss,tfidf__3ss,tfidf,0.0
smishing,3ss 150ppm,tfidf__3ss 150ppm,tfidf,0.0
smishing,400 reward,tfidf__400 reward,tfidf,0.0
smishing,400 xmas,tfidf__400 xmas,tfidf,0.0
smishing,4041,tfidf__4041,tfidf,0.0
smishing,4041 standard,tfidf__4041 standard,tfidf,0.0
smishing,41685 expires,tfidf__41685 expires,tfidf,0.0
smishing,42,tfidf__42,tfidf,0.0
smishing,42 84,tfidf__42 84,tfidf,0.0
smishing,42478,tfidf__42478,tfidf,0.0
smishing,43,tfidf__43,tfidf,0.0
smishing,43 apple,tfidf__43 apple,tfidf,0.0
smishing,434,tfidf__434,tfidf,0.0
smishing,434 434,tfidf__434 434,tfidf,0.0
smishing,434 sk3,tfidf__434 sk3,tfidf,0.0
smishing,434 urltoken,tfidf__434 urltoken,tfidf,0.0
smishing,4399,tfidf__4399,tfidf,0.0
smishing,440,tfidf__440,tfidf,0.0
smishing,440 440,tfidf__440 440,tfidf,0.0
smishing,440 urltoken,tfidf__440 urltoken,tfidf,0.0
smishing,45,tfidf__45,tfidf,0.0
smishing,450,tfidf__450,tfidf,0.0
smishing,450 award,tfidf__450 award,tfidf,0.0
smishing,45days,tfidf__45days,tfidf,0.0
smishing,45days reduce,tfidf__45days reduce,tfidf,0.0
smishing,48922,tfidf__48922,tfidf,0.0
smishing,4u,tfidf__4u,tfidf,0.0
smishing,4u rodds1,tfidf__4u rodds1,tfidf,0.0
smishing,4u rply,tfidf__4u rply,tfidf,0.0
smishing,4utxt,tfidf__4utxt,tfidf,0.0
smishing,4utxt rply,tfidf__4utxt rply,tfidf,0.0
smishing,50 pounds,tfidf__50 pounds,tfidf,0.0
smishing,50 rcv,tfidf__50 rcv,tfidf,0.0
smishing,50 stop,tfidf__50 stop,tfidf,0.0
smishing,50 week,tfidf__50 week,tfidf,0.0
smishing,500 cross,tfidf__500 cross,tfidf,0.0
smishing,500 guaranteed,tfidf__500 guaranteed,tfidf,0.0
smishing,500 new,tfidf__500 new,tfidf,0.0
smishing,500 pokecoins,tfidf__500 pokecoins,tfidf,0.0
smishing,5000 await,tfidf__5000 await,tfidf,0.0
smishing,5000 installment,tfidf__5000 installment,tfidf,0.0
smishing,50p std,tfidf__50p std,tfidf,0.0
smishing,50p wk,tfidf__50p wk,tfidf,0.0
smishing,50ppm,tfidf__50ppm,tfidf,0.0
smishing,50ppm 3mins,tfidf__50ppm 3mins,tfidf,0.0
smishing,50rcvd,tfidf__50rcvd,tfidf,0.0
smishing,50rs,tfidf__50rs,tfidf,0.0
smishing,50rs extra,tfidf__50rs extra,tfidf,0.0
smishing,5250,tfidf__5250,tfidf,0.0
smishing,5250 psf,tfidf__5250 psf,tfidf,0.0
smishing,528,tfidf__528,tfidf,0.0
smishing,528 hp20,tfidf__528 hp20,tfidf,0.0
smishing,53030,tfidf__53030,tfidf,0.0
smishing,54,tfidf__54,tfidf,0.0
smishing,54 weeks,tfidf__54 weeks,tfidf,0.0
smishing,5p alfie,tfidf__5p alfie,tfidf,0.0
smishing,5we,tfidf__5we,tfidf,0.0
smishing,5we 150pm,tfidf__5we 150pm,tfidf,0.0
smishing,5wq,tfidf__5wq,tfidf,0.0
smishing,5wq norm,tfidf__5wq norm,tfidf,0.0
smishing,60,tfidf__60,tfidf,0.0
smishing,60 units,tfidf__60 units,tfidf,0.0
smishing,61200,tfidf__61200,tfidf,0.0
smishing,61200 25p,tfidf__61200 25p,tfidf,0.0
smishing,650,tfidf__650,tfidf,0.0
smishing,650 vibration,tfidf__650 vibration,tfidf,0.0
smishing,6hl,tfidf__6hl,tfidf,0.0
smishing,6hl busy,tfidf__6hl busy,tfidf,0.0
smishing,6months,tfidf__6months,tfidf,0.0
smishing,6monthsavailable,tfidf__6monthsavailable,tfidf,0.0
smishing,6monthsavailable sony,tfidf__6monthsavailable sony,tfidf,0.0
smishing,70,tfidf__70,tfidf,0.0
smishing,70 grgn,tfidf__70 grgn,tfidf,0.0
smishing,7000,tfidf__7000,tfidf,0.0
smishing,7000 prize,tfidf__7000 prize,tfidf,0.0
smishing,7148,tfidf__7148,tfidf,0.0
smishing,74355,tfidf__74355,tfidf,0.0
smishing,74355 xmas,tfidf__74355 xmas,tfidf,0.0
smishing,750 mins,tfidf__750 mins,tfidf,0.0
smishing,7548,tfidf__7548,tfidf,0.0
smishing,7634,tfidf__7634,tfidf,0.0
smishing,7684,tfidf__7684,tfidf,0.0
smishing,7684 standard,tfidf__7684 standard,tfidf,0.0
smishing,78,tfidf__78,tfidf,0.0
smishing,78 mins,tfidf__78 mins,tfidf,0.0
smishing,7834,tfidf__7834,tfidf,0.0
smishing,7834 standard,tfidf__7834 standard,tfidf,0.0
smishing,7cfca1a,tfidf__7cfca1a,tfidf,0.0
smishing,80062 whats,tfidf__80062 whats,tfidf,0.0
smishing,8007 free,tfidf__8007 free,tfidf,0.0
smishing,8007 nokias,tfidf__8007 nokias,tfidf,0.0
smishing,8007 tone,tfidf__8007 tone,tfidf,0.0
smishing,8007 txting,tfidf__8007 txting,tfidf,0.0
smishing,80086,tfidf__80086,tfidf,0.0
smishing,80086 18,tfidf__80086 18,tfidf,0.0
smishing,80182,tfidf__80182,tfidf,0.0
smishing,80182 bring,tfidf__80182 bring,tfidf,0.0
smishing,80182 entry,tfidf__80182 entry,tfidf,0.0
smishing,80488,tfidf__80488,tfidf,0.0
smishing,80608,tfidf__80608,tfidf,0.0
smishing,80608 urltoken,tfidf__80608 urltoken,tfidf,0.0
smishing,82242 hlp,tfidf__82242 hlp,tfidf,0.0
smishing,82468,tfidf__82468,tfidf,0.0
smishing,83049 cost,tfidf__83049 cost,tfidf,0.0
smishing,83118,tfidf__83118,tfidf,0.0
smishing,83118 colin,tfidf__83118 colin,tfidf,0.0
smishing,83370,tfidf__83370,tfidf,0.0
smishing,83370 t's,tfidf__83370 t's,tfidf,0.0
smishing,83383,tfidf__83383,tfidf,0.0
smishing,84 euro,tfidf__84 euro,tfidf,0.0
smishing,84025,tfidf__84025,tfidf,0.0
smishing,84025 chance,tfidf__84025 chance,tfidf,0.0
smishing,84025 use,tfidf__84025 use,tfidf,0.0
smishing,84128 ts,tfidf__84128 ts,tfidf,0.0
smishing,84199,tfidf__84199,tfidf,0.0
smishing,85233,tfidf__85233,tfidf,0.0
smishing,85233 free,tfidf__85233 free,tfidf,0.0
smishing,86021 hg,tfidf__86021 hg,tfidf,0.0
smishing,87021,tfidf__87021,tfidf,0.0
smishing,87021 1st,tfidf__87021 1st,tfidf,0.0
smishing,87066 tnc,tfidf__87066 tnc,tfidf,0.0
smishing,87077 kick,tfidf__87077 kick,tfidf,0.0
smishing,87077 villa,tfidf__87077 villa,tfidf,0.0
smishing,87239 end,tfidf__87239 end,tfidf,0.0
smishing,88039,tfidf__88039,tfidf,0.0
smishing,88039 skilgme,tfidf__88039 skilgme,tfidf,0.0
smishing,88066,tfidf__88066,tfidf,0.0
smishing,88066 88066,tfidf__88066 88066,tfidf,0.0
smishing,88066 lost,tfidf__88066 lost,tfidf,0.0
smishing,88800,tfidf__88800,tfidf,0.0
smishing,88800 89034,tfidf__88800 89034,tfidf,0.0
smishing,88877,tfidf__88877,tfidf,0.0
smishing,88877 18,tfidf__88877 18,tfidf,0.0
smishing,88877 free,tfidf__88877 free,tfidf,0.0
smishing,88888 crazy,tfidf__88888 crazy,tfidf,0.0
smishing,89034,tfidf__89034,tfidf,0.0
smishing,89555 cost,tfidf__89555 cost,tfidf,0.0
smishing,8wp,tfidf__8wp,tfidf,0.0
smishing,8wp 150,tfidf__8wp 150,tfidf,0.0
smishing,90 tv,tfidf__90 tv,tfidf,0.0
smishing,93,tfidf__93,tfidf,0.0
smishing,93 gurgaon,tfidf__93 gurgaon,tfidf,0.0
smishing,9307622,tfidf__9307622,tfidf,0.0
smishing,943,tfidf__943,tfidf,0.0
smishing,943 tid,tfidf__943 tid,tfidf,0.0
smishing,9500,tfidf__9500,tfidf,0.0
smishing,9500 sqft,tfidf__9500 sqft,tfidf,0.0
smishing,97,tfidf__97,tfidf,0.0
smishing,97 lazo,tfidf__97 lazo,tfidf,0.0
smishing,99,tfidf__99,tfidf,0.0
smishing,999,tfidf__999,tfidf,0.0
smishing,999 ncr,tfidf__999 ncr,tfidf,0.0
smishing,9am,tfidf__9am,tfidf,0.0
smishing,9am 11pm,tfidf__9am 11pm,tfidf,0.0
smishing,9pm ingest,tfidf__9pm ingest,tfidf,0.0
smishing,aberdeen,tfidf__aberdeen,tfidf,0.0
smishing,aberdeen united,tfidf__aberdeen united,tfidf,0.0
smishing,able,tfidf__able,tfidf,0.0
smishing,abroad,tfidf__abroad,tfidf,0.0
smishing,abroad lonely,tfidf__abroad lonely,tfidf,0.0
smishing,ac blind,tfidf__ac blind,tfidf,0.0
smishing,ac icmb3cktz8r7,tfidf__ac icmb3cktz8r7,tfidf,0.0
smishing,ac jsco,tfidf__ac jsco,tfidf,0.0
smishing,ac sptv,tfidf__ac sptv,tfidf,0.0
smishing,ac sun0819,tfidf__ac sun0819,tfidf,0.0
smishing,access link,tfidf__access link,tfidf,0.0
smishing,access number,tfidf__access number,tfidf,0.0
smishing,accident,tfidf__accident,tfidf,0.0
smishing,accommodation,tfidf__accommodation,tfidf,0.0
smishing,accommodation various,tfidf__accommodation various,tfidf,0.0
smishing,account access,tfidf__account access,tfidf,0.0
smishing,account block,tfidf__account block,tfidf,0.0
smishing,achieve,tfidf__achieve,tfidf,0.0
smishing,achieve phonetoken,tfidf__achieve phonetoken,tfidf,0.0
smishing,action,tfidf__action,tfidf,0.0
smishing,action 80608,tfidf__action 80608,tfidf,0.0
smishing,activ8,tfidf__activ8,tfidf,0.0
smishing,activ8 press,tfidf__activ8 press,tfidf,0.0
smishing,activate 3g,tfidf__activate 3g,tfidf,0.0
smishing,ad unlimited,tfidf__ad unlimited,tfidf,0.0
smishing,address envelope,tfidf__address envelope,tfidf,0.0
smishing,address sec,tfidf__address sec,tfidf,0.0
smishing,adjoin,tfidf__adjoin,tfidf,0.0
smishing,admirer embody,tfidf__admirer embody,tfidf,0.0
smishing,advance 100,tfidf__advance 100,tfidf,0.0
smishing,advance ipod,tfidf__advance ipod,tfidf,0.0
smishing,ag,tfidf__ag,tfidf,0.0
smishing,ag promo,tfidf__ag promo,tfidf,0.0
smishing,age16,tfidf__age16,tfidf,0.0
smishing,age16 150ppermesssubscription,tfidf__age16 150ppermesssubscription,tfidf,0.0
smishing,agents,tfidf__agents,tfidf,0.0
smishing,agents dos,tfidf__agents dos,tfidf,0.0
smishing,ages,tfidf__ages,tfidf,0.0
smishing,agni,tfidf__agni,tfidf,0.0
smishing,agni phonetoken,tfidf__agni phonetoken,tfidf,0.0
smishing,agni property,tfidf__agni property,tfidf,0.0
smishing,aims,tfidf__aims,tfidf,0.0
smishing,aims sanya,tfidf__aims sanya,tfidf,0.0
smishing,airport lounge,tfidf__airport lounge,tfidf,0.0
smishing,airtel 3g,tfidf__airtel 3g,tfidf,0.0
smishing,akon,tfidf__akon,tfidf,0.0
smishing,akon lonely,tfidf__akon lonely,tfidf,0.0
smishing,alfie,tfidf__alfie,tfidf,0.0
smishing,alfie moon's,tfidf__alfie moon's,tfidf,0.0
smishing,amazing,tfidf__amazing,tfidf,0.0
smishing,angry,tfidf__angry,tfidf,0.0
smishing,answer 80062,tfidf__answer 80062,tfidf,0.0
smishing,answer delivery,tfidf__answer delivery,tfidf,0.0
smishing,answer questions,tfidf__answer questions,tfidf,0.0
smishing,aom,tfidf__aom,tfidf,0.0
smishing,aom box61,tfidf__aom box61,tfidf,0.0
smishing,aom just,tfidf__aom just,tfidf,0.0
smishing,app urltoken,tfidf__app urltoken,tfidf,0.0
smishing,apply ag,tfidf__apply ag,tfidf,0.0
smishing,apply opt,tfidf__apply opt,tfidf,0.0
smishing,apply phonetoken,tfidf__apply phonetoken,tfidf,0.0
smishing,apps,tfidf__apps,tfidf,0.0
smishing,appt,tfidf__appt,tfidf,0.0
smishing,apts,tfidf__apts,tfidf,0.0
smishing,apts urltoken,tfidf__apts urltoken,tfidf,0.0
smishing,arcade 1st,tfidf__arcade 1st,tfidf,0.0
smishing,arcade termsapply,tfidf__arcade termsapply,tfidf,0.0
smishing,area lots,tfidf__area lots,tfidf,0.0
smishing,area phonetoken,tfidf__area phonetoken,tfidf,0.0
smishing,area reply,tfidf__area reply,tfidf,0.0
smishing,arrest,tfidf__arrest,tfidf,0.0
smishing,arrogate weeks,tfidf__arrogate weeks,tfidf,0.0
smishing,arrow,tfidf__arrow,tfidf,0.0
smishing,arsenal,tfidf__arsenal,tfidf,0.0
smishing,arsenal dartboard,tfidf__arsenal dartboard,tfidf,0.0
smishing,arsenal goal,tfidf__arsenal goal,tfidf,0.0
smishing,arsenal henry,tfidf__arsenal henry,tfidf,0.0
smishing,assistance,tfidf__assistance,tfidf,0.0
smishing,assistance pan,tfidf__assistance pan,tfidf,0.0
smishing,assured,tfidf__assured,tfidf,0.0
smishing,assured return,tfidf__assured return,tfidf,0.0
smishing,attempt achieve,tfidf__attempt achieve,tfidf,0.0
smishing,attempt contract,tfidf__attempt contract,tfidf,0.0
smishing,attend,tfidf__attend,tfidf,0.0
smishing,attend make,tfidf__attend make,tfidf,0.0
smishing,avail,tfidf__avail,tfidf,0.0
smishing,avail discounts,tfidf__avail discounts,tfidf,0.0
smishing,availa,tfidf__availa,tfidf,0.0
smishing,available,tfidf__available,tfidf,0.0
smishing,available greater,tfidf__available greater,tfidf,0.0
smishing,ave 3mins,tfidf__ave 3mins,tfidf,0.0
smishing,awaiting collection,tfidf__awaiting collection,tfidf,0.0
smishing,award match,tfidf__award match,tfidf,0.0
smishing,award phonetoken,tfidf__award phonetoken,tfidf,0.0
smishing,award pls,tfidf__award pls,tfidf,0.0
smishing,award selected,tfidf__award selected,tfidf,0.0
smishing,award todays,tfidf__award todays,tfidf,0.0
smishing,awarded 1500,tfidf__awarded 1500,tfidf,0.0
smishing,awarded inr,tfidf__awarded inr,tfidf,0.0
smishing,awarded sipix,tfidf__awarded sipix,tfidf,0.0
smishing,away,tfidf__away,tfidf,0.0
smishing,awesome,tfidf__awesome,tfidf,0.0
smishing,axel,tfidf__axel,tfidf,0.0
smishing,axel akon,tfidf__axel akon,tfidf,0.0
smishing,b4 050703,tfidf__b4 050703,tfidf,0.0
smishing,b4 300603t,tfidf__b4 300603t,tfidf,0.0
smishing,babe jordan,tfidf__babe jordan,tfidf,0.0
smishing,babe videos,tfidf__babe videos,tfidf,0.0
smishing,babes sport,tfidf__babes sport,tfidf,0.0
smishing,baby wow,tfidf__baby wow,tfidf,0.0
smishing,bahar,tfidf__bahar,tfidf,0.0
smishing,bahar compt,tfidf__bahar compt,tfidf,0.0
smishing,balance embody,tfidf__balance embody,tfidf,0.0
smishing,band,tfidf__band,tfidf,0.0
smishing,bank,tfidf__bank,tfidf,0.0
smishing,bank fastag,tfidf__bank fastag,tfidf,0.0
smishing,bank ganga,tfidf__bank ganga,tfidf,0.0
smishing,banneduk,tfidf__banneduk,tfidf,0.0
smishing,banneduk 89555,tfidf__banneduk 89555,tfidf,0.0
smishing,batra,tfidf__batra,tfidf,0.0
smishing,batra investments,tfidf__batra investments,tfidf,0.0
smishing,bbc,tfidf__bbc,tfidf,0.0
smishing,bbc charts,tfidf__bbc charts,tfidf,0.0
smishing,bcm1896wc1n3xx,tfidf__bcm1896wc1n3xx,tfidf,0.0
smishing,bed,tfidf__bed,tfidf,0.0
smishing,behave want,tfidf__behave want,tfidf,0.0
smishing,believe,tfidf__believe,tfidf,0.0
smishing,belt,tfidf__belt,tfidf,0.0
smishing,belt 650,tfidf__belt 650,tfidf,0.0
smishing,belt 999,tfidf__belt 999,tfidf,0.0
smishing,belt rs650,tfidf__belt rs650,tfidf,0.0
smishing,belt rs999,tfidf__belt rs999,tfidf,0.0
smishing,bergkamp,tfidf__bergkamp,tfidf,0.0
smishing,best cash,tfidf__best cash,tfidf,0.0
smishing,best mobile,tfidf__best mobile,tfidf,0.0
smishing,bhk,tfidf__bhk,tfidf,0.0
smishing,bhk apts,tfidf__bhk apts,tfidf,0.0
smishing,bhk available,tfidf__bhk available,tfidf,0.0
smishing,bhk sec,tfidf__bhk sec,tfidf,0.0
smishing,bids,tfidf__bids,tfidf,0.0
smishing,biggest best,tfidf__biggest best,tfidf,0.0
smishing,billed mobile,tfidf__billed mobile,tfidf,0.0
smishing,birthday txt,tfidf__birthday txt,tfidf,0.0
smishing,bit,tfidf__bit,tfidf,0.0
smishing,bl0cked 24,tfidf__bl0cked 24,tfidf,0.0
smishing,black,tfidf__black,tfidf,0.0
smishing,black eyed,tfidf__black eyed,tfidf,0.0
smishing,blackberry,tfidf__blackberry,tfidf,0.0
smishing,blackberry stock,tfidf__blackberry stock,tfidf,0.0
smishing,blackberry team,tfidf__blackberry team,tfidf,0.0
smishing,blind,tfidf__blind,tfidf,0.0
smishing,blind date,tfidf__blind date,tfidf,0.0
smishing,blind dates,tfidf__blind dates,tfidf,0.0
smishing,block 24,tfidf__block 24,tfidf,0.0
smishing,blue,tfidf__blue,tfidf,0.0
smishing,blue day,tfidf__blue day,tfidf,0.0
smishing,bluetooth,tfidf__bluetooth,tfidf,0.0
smishing,bluetooth free,tfidf__bluetooth free,tfidf,0.0
smishing,bluetooth mobiles,tfidf__bluetooth mobiles,tfidf,0.0
smishing,bluetooth orange,tfidf__bluetooth orange,tfidf,0.0
smishing,bluetoothhdset,tfidf__bluetoothhdset,tfidf,0.0
smishing,bluetoothhdset free,tfidf__bluetoothhdset free,tfidf,0.0
smishing,book david,tfidf__book david,tfidf,0.0
smishing,book phonetoken,tfidf__book phonetoken,tfidf,0.0
smishing,book time,tfidf__book time,tfidf,0.0
smishing,bootydelious,tfidf__bootydelious,tfidf,0.0
smishing,bootydelious 32,tfidf__bootydelious 32,tfidf,0.0
smishing,borin time,tfidf__borin time,tfidf,0.0
smishing,box 113,tfidf__box 113,tfidf,0.0
smishing,box 434,tfidf__box 434,tfidf,0.0
smishing,box 528,tfidf__box 528,tfidf,0.0
smishing,box139,tfidf__box139,tfidf,0.0
smishing,box139 la32wu,tfidf__box139 la32wu,tfidf,0.0
smishing,box326,tfidf__box326,tfidf,0.0
smishing,box326 cw25wx,tfidf__box326 cw25wx,tfidf,0.0
smishing,box420,tfidf__box420,tfidf,0.0
smishing,box420 ip4,tfidf__box420 ip4,tfidf,0.0
smishing,box61,tfidf__box61,tfidf,0.0
smishing,box61 m60,tfidf__box61 m60,tfidf,0.0
smishing,boy,tfidf__boy,tfidf,0.0
smishing,bray,tfidf__bray,tfidf,0.0
smishing,bray wicklow,tfidf__bray wicklow,tfidf,0.0
smishing,break,tfidf__break,tfidf,0.0
smishing,bring entry,tfidf__bring entry,tfidf,0.0
smishing,bt landline,tfidf__bt landline,tfidf,0.0
smishing,buffy,tfidf__buffy,tfidf,0.0
smishing,buffy 25,tfidf__buffy 25,tfidf,0.0
smishing,burger,tfidf__burger,tfidf,0.0
smishing,burger king,tfidf__burger king,tfidf,0.0
smishing,business,tfidf__business,tfidf,0.0
smishing,bx420,tfidf__bx420,tfidf,0.0
smishing,bx420 ip4,tfidf__bx420 ip4,tfidf,0.0
smishing,c's urltoken,tfidf__c's urltoken,tfidf,0.0
smishing,c52,tfidf__c52,tfidf,0.0
smishing,cal,tfidf__cal,tfidf,0.0
smishing,cal phonetoken,tfidf__cal phonetoken,tfidf,0.0
smishing,call2optout n9dx,tfidf__call2optout n9dx,tfidf,0.0
smishing,call2optout yhl,tfidf__call2optout yhl,tfidf,0.0
smishing,callcost,tfidf__callcost,tfidf,0.0
smishing,callcost 150ppm,tfidf__callcost 150ppm,tfidf,0.0
smishing,calling little,tfidf__calling little,tfidf,0.0
smishing,calls cost,tfidf__calls cost,tfidf,0.0
smishing,calls minmobsmore,tfidf__calls minmobsmore,tfidf,0.0
smishing,calls minmobsmorelkpobox177hp51fl,tfidf__calls minmobsmorelkpobox177hp51fl,tfidf,0.0
smishing,calls minmoremobsemspobox45po139wa,tfidf__calls minmoremobsemspobox45po139wa,tfidf,0.0
smishing,calls mobile,tfidf__calls mobile,tfidf,0.0
smishing,calls1,tfidf__calls1,tfidf,0.0
smishing,calls1 50ppm,tfidf__calls1 50ppm,tfidf,0.0
smishing,came,tfidf__came,tfidf,0.0
smishing,cancel send,tfidf__cancel send,tfidf,0.0
smishing,card income,tfidf__card income,tfidf,0.0
smishing,card num,tfidf__card num,tfidf,0.0
smishing,card recently,tfidf__card recently,tfidf,0.0
smishing,care ph,tfidf__care ph,tfidf,0.0
smishing,carlie,tfidf__carlie,tfidf,0.0
smishing,carlie calls,tfidf__carlie calls,tfidf,0.0
smishing,case,tfidf__case,tfidf,0.0
smishing,case queries,tfidf__case queries,tfidf,0.0
smishing,cash 200,tfidf__cash 200,tfidf,0.0
smishing,cash 7000,tfidf__cash 7000,tfidf,0.0
smishing,cash award,tfidf__cash award,tfidf,0.0
smishing,cash away,tfidf__cash away,tfidf,0.0
smishing,cash weekend,tfidf__cash weekend,tfidf,0.0
smishing,cash wk,tfidf__cash wk,tfidf,0.0
smishing,cast,tfidf__cast,tfidf,0.0
smishing,cast 10p,tfidf__cast 10p,tfidf,0.0
smishing,cause,tfidf__cause,tfidf,0.0
smishing,cds stdtxtrate,tfidf__cds stdtxtrate,tfidf,0.0
smishing,chance succeed,tfidf__chance succeed,tfidf,0.0
smishing,change,tfidf__change,tfidf,0.0
smishing,channels,tfidf__channels,tfidf,0.0
smishing,channels entertainment,tfidf__channels entertainment,tfidf,0.0
smishing,charges urltoken,tfidf__charges urltoken,tfidf,0.0
smishing,charity,tfidf__charity,tfidf,0.0
smishing,charity 8007,tfidf__charity 8007,tfidf,0.0
smishing,charity polys,tfidf__charity polys,tfidf,0.0
smishing,charts,tfidf__charts,tfidf,0.0
smishing,chat 82242,tfidf__chat 82242,tfidf,0.0
smishing,chat flirt,tfidf__chat flirt,tfidf,0.0
smishing,chat horny,tfidf__chat horny,tfidf,0.0
smishing,chat im,tfidf__chat im,tfidf,0.0
smishing,chat phonetoken,tfidf__chat phonetoken,tfidf,0.0
smishing,chat xxsp,tfidf__chat xxsp,tfidf,0.0
smishing,cheque,tfidf__cheque,tfidf,0.0
smishing,chgs,tfidf__chgs,tfidf,0.0
smishing,chgs send,tfidf__chgs send,tfidf,0.0
smishing,chikku,tfidf__chikku,tfidf,0.0
smishing,children,tfidf__children,tfidf,0.0
smishing,children need,tfidf__children need,tfidf,0.0
smishing,chosen,tfidf__chosen,tfidf,0.0
smishing,chowk,tfidf__chowk,tfidf,0.0
smishing,chowk regn,tfidf__chowk regn,tfidf,0.0
smishing,christmas,tfidf__christmas,tfidf,0.0
smishing,cinema,tfidf__cinema,tfidf,0.0
smishing,cinema pass,tfidf__cinema pass,tfidf,0.0
smishing,cite,tfidf__cite,tfidf,0.0
smishing,cite claim,tfidf__cite claim,tfidf,0.0
smishing,claim 1st,tfidf__claim 1st,tfidf,0.0
smishing,claim number,tfidf__claim number,tfidf,0.0
smishing,claire,tfidf__claire,tfidf,0.0
smishing,claire xx,tfidf__claire xx,tfidf,0.0
smishing,class airport,tfidf__class airport,tfidf,0.0
smishing,clias,tfidf__clias,tfidf,0.0
smishing,clip,tfidf__clip,tfidf,0.0
smishing,clip lookatme,tfidf__clip lookatme,tfidf,0.0
smishing,close,tfidf__close,tfidf,0.0
smishing,close cost,tfidf__close cost,tfidf,0.0
smishing,closingdate04,tfidf__closingdate04,tfidf,0.0
smishing,closingdate04 09,tfidf__closingdate04 09,tfidf,0.0
smishing,club 87077,tfidf__club 87077,tfidf,0.0
smishing,club credits,tfidf__club credits,tfidf,0.0
smishing,club dont,tfidf__club dont,tfidf,0.0
smishing,club reply,tfidf__club reply,tfidf,0.0
smishing,cm2,tfidf__cm2,tfidf,0.0
smishing,cm2 9ae,tfidf__cm2 9ae,tfidf,0.0
smishing,cnt,tfidf__cnt,tfidf,0.0
smishing,cnt phonetoken,tfidf__cnt phonetoken,tfidf,0.0
smishing,code 3100,tfidf__code 3100,tfidf,0.0
smishing,code 4041,tfidf__code 4041,tfidf,0.0
smishing,code 42478,tfidf__code 42478,tfidf,0.0
smishing,code 48922,tfidf__code 48922,tfidf,0.0
smishing,code 7684,tfidf__code 7684,tfidf,0.0
smishing,code 7834,tfidf__code 7834,tfidf,0.0
smishing,code 943,tfidf__code 943,tfidf,0.0
smishing,code k61,tfidf__code k61,tfidf,0.0
smishing,code356931,tfidf__code356931,tfidf,0.0
smishing,colin,tfidf__colin,tfidf,0.0
smishing,colin farrell,tfidf__colin farrell,tfidf,0.0
smishing,collect 100,tfidf__collect 100,tfidf,0.0
smishing,collection claim,tfidf__collection claim,tfidf,0.0
smishing,collection nokia,tfidf__collection nokia,tfidf,0.0
smishing,colour flag,tfidf__colour flag,tfidf,0.0
smishing,come tomorrow,tfidf__come tomorrow,tfidf,0.0
smishing,commercial space,tfidf__commercial space,tfidf,0.0
smishing,community,tfidf__community,tfidf,0.0
smishing,comp chance,tfidf__comp chance,tfidf,0.0
smishing,comp just,tfidf__comp just,tfidf,0.0
smishing,comp turn,tfidf__comp turn,tfidf,0.0
smishing,compare,tfidf__compare,tfidf,0.0
smishing,compare violet,tfidf__compare violet,tfidf,0.0
smishing,compensation,tfidf__compensation,tfidf,0.0
smishing,compensation 220,tfidf__compensation 220,tfidf,0.0
smishing,competition just,tfidf__competition just,tfidf,0.0
smishing,complete kyc,tfidf__complete kyc,tfidf,0.0
smishing,complete registration,tfidf__complete registration,tfidf,0.0
smishing,completely,tfidf__completely,tfidf,0.0
smishing,complimentary ibiza,tfidf__complimentary ibiza,tfidf,0.0
smishing,compt,tfidf__compt,tfidf,0.0
smishing,compt agents,tfidf__compt agents,tfidf,0.0
smishing,computer picked,tfidf__computer picked,tfidf,0.0
smishing,computer randomly,tfidf__computer randomly,tfidf,0.0
smishing,condition,tfidf__condition,tfidf,0.0
smishing,condition doubles,tfidf__condition doubles,tfidf,0.0
smishing,congrats nokia,tfidf__congrats nokia,tfidf,0.0
smishing,congrats year,tfidf__congrats year,tfidf,0.0
smishing,congratulations thanks,tfidf__congratulations thanks,tfidf,0.0
smishing,connect live,tfidf__connect live,tfidf,0.0
smishing,consider,tfidf__consider,tfidf,0.0
smishing,consider ur,tfidf__consider ur,tfidf,0.0
smishing,contact customer,tfidf__contact customer,tfidf,0.0
smishing,contact ons,tfidf__contact ons,tfidf,0.0
smishing,contact urltoken,tfidf__contact urltoken,tfidf,0.0
smishing,content games,tfidf__content games,tfidf,0.0
smishing,content service,tfidf__content service,tfidf,0.0
smishing,content urltoken,tfidf__content urltoken,tfidf,0.0
smishing,continue,tfidf__continue,tfidf,0.0
smishing,contract mobileupd8,tfidf__contract mobileupd8,tfidf,0.0
smishing,convey free,tfidf__convey free,tfidf,0.0
smishing,cool mob,tfidf__cool mob,tfidf,0.0
smishing,cornwall,tfidf__cornwall,tfidf,0.0
smishing,cornwall txt,tfidf__cornwall txt,tfidf,0.0
smishing,corporate,tfidf__corporate,tfidf,0.0
smishing,corporate comp,tfidf__corporate comp,tfidf,0.0
smishing,correct incorrect,tfidf__correct incorrect,tfidf,0.0
smishing,correctly,tfidf__correctly,tfidf,0.0
smishing,cos,tfidf__cos,tfidf,0.0
smishing,cost 10ppm,tfidf__cost 10ppm,tfidf,0.0
smishing,cost 150p,tfidf__cost 150p,tfidf,0.0
smishing,cost 150ppm,tfidf__cost 150ppm,tfidf,0.0
smishing,cost 50p,tfidf__cost 50p,tfidf,0.0
smishing,cost rs,tfidf__cost rs,tfidf,0.0
smishing,course extn,tfidf__course extn,tfidf,0.0
smishing,coz,tfidf__coz,tfidf,0.0
smishing,crazy frog,tfidf__crazy frog,tfidf,0.0
smishing,crazy sounds,tfidf__crazy sounds,tfidf,0.0
smishing,credit details,tfidf__credit details,tfidf,0.0
smishing,cricex,tfidf__cricex,tfidf,0.0
smishing,cricex live,tfidf__cricex live,tfidf,0.0
smishing,cs app,tfidf__cs app,tfidf,0.0
smishing,cs phonetoken,tfidf__cs phonetoken,tfidf,0.0
smishing,cs po,tfidf__cs po,tfidf,0.0
smishing,csbcm4235wc1n3xx,tfidf__csbcm4235wc1n3xx,tfidf,0.0
smishing,csbcm4235wc1n3xx callcost,tfidf__csbcm4235wc1n3xx callcost,tfidf,0.0
smishing,cum 2nite,tfidf__cum 2nite,tfidf,0.0
smishing,cumin,tfidf__cumin,tfidf,0.0
smishing,cumin pls,tfidf__cumin pls,tfidf,0.0
smishing,customer delight,tfidf__customer delight,tfidf,0.0
smishing,customer order,tfidf__customer order,tfidf,0.0
smishing,customer pay2tmkyc,tfidf__customer pay2tmkyc,tfidf,0.0
smishing,customer pleased,tfidf__customer pleased,tfidf,0.0
smishing,customer pyatm,tfidf__customer pyatm,tfidf,0.0
smishing,customer trying,tfidf__customer trying,tfidf,0.0
smishing,customer u've,tfidf__customer u've,tfidf,0.0
smishing,customer urltoken,tfidf__customer urltoken,tfidf,0.0
smishing,customers receive,tfidf__customers receive,tfidf,0.0
smishing,cw25wx 150ppm,tfidf__cw25wx 150ppm,tfidf,0.0
smishing,darling,tfidf__darling,tfidf,0.0
smishing,darling it's,tfidf__darling it's,tfidf,0.0
smishing,dartboard,tfidf__dartboard,tfidf,0.0
smishing,dartboard good,tfidf__dartboard good,tfidf,0.0
smishing,date 4u,tfidf__date 4u,tfidf,0.0
smishing,dates,tfidf__dates,tfidf,0.0
smishing,dates area,tfidf__dates area,tfidf,0.0
smishing,dave,tfidf__dave,tfidf,0.0
smishing,dave final,tfidf__dave final,tfidf,0.0
smishing,david,tfidf__david,tfidf,0.0
smishing,david hair,tfidf__david hair,tfidf,0.0
smishing,day 2find,tfidf__day 2find,tfidf,0.0
smishing,day blue,tfidf__day blue,tfidf,0.0
smishing,day red,tfidf__day red,tfidf,0.0
smishing,day send,tfidf__day send,tfidf,0.0
smishing,days euro2004,tfidf__days euro2004,tfidf,0.0
smishing,days unitech,tfidf__days unitech,tfidf,0.0
smishing,dear dave,tfidf__dear dave,tfidf,0.0
smishing,dear subscriber,tfidf__dear subscriber,tfidf,0.0
smishing,dear welcome,tfidf__dear welcome,tfidf,0.0
smishing,decided,tfidf__decided,tfidf,0.0
smishing,delhi nr,tfidf__delhi nr,tfidf,0.0
smishing,delivered tomorrow,tfidf__delivered tomorrow,tfidf,0.0
smishing,den,tfidf__den,tfidf,0.0
smishing,deposit,tfidf__deposit,tfidf,0.0
smishing,deposit rs,tfidf__deposit rs,tfidf,0.0
smishing,details 18,tfidf__details 18,tfidf,0.0
smishing,details great,tfidf__details great,tfidf,0.0
smishing,details urltoken,tfidf__details urltoken,tfidf,0.0
smishing,detroit,tfidf__detroit,tfidf,0.0
smishing,detroit red,tfidf__detroit red,tfidf,0.0
smishing,devils,tfidf__devils,tfidf,0.0
smishing,devils detroit,tfidf__devils detroit,tfidf,0.0
smishing,devote,tfidf__devote,tfidf,0.0
smishing,dialling,tfidf__dialling,tfidf,0.0
smishing,die,tfidf__die,tfidf,0.0
smishing,died,tfidf__died,tfidf,0.0
smishing,different,tfidf__different,tfidf,0.0
smishing,dinner,tfidf__dinner,tfidf,0.0
smishing,dis,tfidf__dis,tfidf,0.0
smishing,discounts,tfidf__discounts,tfidf,0.0
smishing,dnt,tfidf__dnt,tfidf,0.0
smishing,doctor,tfidf__doctor,tfidf,0.0
smishing,doing,tfidf__doing,tfidf,0.0
smishing,don't forget,tfidf__don't forget,tfidf,0.0
smishing,don't like,tfidf__don't like,tfidf,0.0
smishing,don't prize,tfidf__don't prize,tfidf,0.0
smishing,dont info,tfidf__dont info,tfidf,0.0
smishing,dos,tfidf__dos,tfidf,0.0
smishing,dos clias,tfidf__dos clias,tfidf,0.0
smishing,doublemins,tfidf__doublemins,tfidf,0.0
smishing,doublemins doubletxt,tfidf__doublemins doubletxt,tfidf,0.0
smishing,doubles,tfidf__doubles,tfidf,0.0
smishing,doubles trebles,tfidf__doubles trebles,tfidf,0.0
smishing,doubletxt,tfidf__doubletxt,tfidf,0.0
smishing,doubletxt orange,tfidf__doubletxt orange,tfidf,0.0
smishing,download free,tfidf__download free,tfidf,0.0
smishing,download urltoken,tfidf__download urltoken,tfidf,0.0
smishing,download weeks,tfidf__download weeks,tfidf,0.0
smishing,downloaded,tfidf__downloaded,tfidf,0.0
smishing,downloads,tfidf__downloads,tfidf,0.0
smishing,dracula,tfidf__dracula,tfidf,0.0
smishing,dracula 8007,tfidf__dracula 8007,tfidf,0.0
smishing,draw holiday,tfidf__draw holiday,tfidf,0.0
smishing,draw mobile,tfidf__draw mobile,tfidf,0.0
smishing,draw prove,tfidf__draw prove,tfidf,0.0
smishing,dreams,tfidf__dreams,tfidf,0.0
smishing,drink,tfidf__drink,tfidf,0.0
smishing,drinks,tfidf__drinks,tfidf,0.0
smishing,drop,tfidf__drop,tfidf,0.0
smishing,duchess,tfidf__duchess,tfidf,0.0
smishing,duchess cornwall,tfidf__duchess cornwall,tfidf,0.0
smishing,dun wan,tfidf__dun wan,tfidf,0.0
smishing,early,tfidf__early,tfidf,0.0
smishing,eat,tfidf__eat,tfidf,0.0
smishing,eerie nokia,tfidf__eerie nokia,tfidf,0.0
smishing,eeta,tfidf__eeta,tfidf,0.0
smishing,eeta 25,tfidf__eeta 25,tfidf,0.0
smishing,eire,tfidf__eire,tfidf,0.0
smishing,eire quiz,tfidf__eire quiz,tfidf,0.0
smishing,elvis,tfidf__elvis,tfidf,0.0
smishing,elvis presleys,tfidf__elvis presleys,tfidf,0.0
smishing,em,tfidf__em,tfidf,0.0
smishing,emailtoken 12,tfidf__emailtoken 12,tfidf,0.0
smishing,embody 00,tfidf__embody 00,tfidf,0.0
smishing,embody choose,tfidf__embody choose,tfidf,0.0
smishing,embody currently,tfidf__embody currently,tfidf,0.0
smishing,embody entitled,tfidf__embody entitled,tfidf,0.0
smishing,embody final,tfidf__embody final,tfidf,0.0
smishing,embody look,tfidf__embody look,tfidf,0.0
smishing,embody looking,tfidf__embody looking,tfidf,0.0
smishing,embody trying,tfidf__embody trying,tfidf,0.0
smishing,emi,tfidf__emi,tfidf,0.0
smishing,end match,tfidf__end match,tfidf,0.0
smishing,end reply,tfidf__end reply,tfidf,0.0
smishing,end service,tfidf__end service,tfidf,0.0
smishing,end sptv,tfidf__end sptv,tfidf,0.0
smishing,ending 7634,tfidf__ending 7634,tfidf,0.0
smishing,energy,tfidf__energy,tfidf,0.0
smishing,energy text,tfidf__energy text,tfidf,0.0
smishing,england,tfidf__england,tfidf,0.0
smishing,england poly,tfidf__england poly,tfidf,0.0
smishing,englishvocabulary,tfidf__englishvocabulary,tfidf,0.0
smishing,englishvocabulary ululate,tfidf__englishvocabulary ululate,tfidf,0.0
smishing,enjoy gbp,tfidf__enjoy gbp,tfidf,0.0
smishing,enter 88877,tfidf__enter 88877,tfidf,0.0
smishing,entered receipt,tfidf__entered receipt,tfidf,0.0
smishing,entertainment,tfidf__entertainment,tfidf,0.0
smishing,entertainment sports,tfidf__entertainment sports,tfidf,0.0
smishing,entitle,tfidf__entitle,tfidf,0.0
smishing,entitle update,tfidf__entitle update,tfidf,0.0
smishing,entry 250,tfidf__entry 250,tfidf,0.0
smishing,entry 350,tfidf__entry 350,tfidf,0.0
smishing,entry phonetoken,tfidf__entry phonetoken,tfidf,0.0
smishing,entry std,tfidf__entry std,tfidf,0.0
smishing,entry textpod,tfidf__entry textpod,tfidf,0.0
smishing,entry weekly,tfidf__entry weekly,tfidf,0.0
smishing,envelope,tfidf__envelope,tfidf,0.0
smishing,essay,tfidf__essay,tfidf,0.0
smishing,euro,tfidf__euro,tfidf,0.0
smishing,euro2004,tfidf__euro2004,tfidf,0.0
smishing,euro2004 kickoff,tfidf__euro2004 kickoff,tfidf,0.0
smishing,everyday,tfidf__everyday,tfidf,0.0
smishing,exact,tfidf__exact,tfidf,0.0
smishing,exam,tfidf__exam,tfidf,0.0
smishing,exist 2nd,tfidf__exist 2nd,tfidf,0.0
smishing,exist selected,tfidf__exist selected,tfidf,0.0
smishing,experience new,tfidf__experience new,tfidf,0.0
smishing,experience secret,tfidf__experience secret,tfidf,0.0
smishing,expired,tfidf__expired,tfidf,0.0
smishing,expired bl0cked,tfidf__expired bl0cked,tfidf,0.0
smishing,expired contact,tfidf__expired contact,tfidf,0.0
smishing,expires 07,tfidf__expires 07,tfidf,0.0
smishing,expiry,tfidf__expiry,tfidf,0.0
smishing,expiry reply,tfidf__expiry reply,tfidf,0.0
smishing,express,tfidf__express,tfidf,0.0
smishing,extn,tfidf__extn,tfidf,0.0
smishing,extn road,tfidf__extn road,tfidf,0.0
smishing,extra free,tfidf__extra free,tfidf,0.0
smishing,extra reduce,tfidf__extra reduce,tfidf,0.0
smishing,eyed,tfidf__eyed,tfidf,0.0
smishing,eyed dont,tfidf__eyed dont,tfidf,0.0
smishing,f1ve,tfidf__f1ve,tfidf,0.0
smishing,f1ve star,tfidf__f1ve star,tfidf,0.0
smishing,face,tfidf__face,tfidf,0.0
smishing,fancy chat,tfidf__fancy chat,tfidf,0.0
smishing,far,tfidf__far,tfidf,0.0
smishing,farrell,tfidf__farrell,tfidf,0.0
smishing,farrell swat,tfidf__farrell swat,tfidf,0.0
smishing,fastag,tfidf__fastag,tfidf,0.0
smishing,fastag total,tfidf__fastag total,tfidf,0.0
smishing,fat,tfidf__fat,tfidf,0.0
smishing,fat inch,tfidf__fat inch,tfidf,0.0
smishing,fav,tfidf__fav,tfidf,0.0
smishing,fav xmas,tfidf__fav xmas,tfidf,0.0
smishing,feeling hungry,tfidf__feeling hungry,tfidf,0.0
smishing,fifa,tfidf__fifa,tfidf,0.0
smishing,fifa world,tfidf__fifa world,tfidf,0.0
smishing,film,tfidf__film,tfidf,0.0
smishing,film green,tfidf__film green,tfidf,0.0
smishing,film offers,tfidf__film offers,tfidf,0.0
smishing,final notice,tfidf__final notice,tfidf,0.0
smishing,finally fancy,tfidf__finally fancy,tfidf,0.0
smishing,finance,tfidf__finance,tfidf,0.0
smishing,finished,tfidf__finished,tfidf,0.0
smishing,fit,tfidf__fit,tfidf,0.0
smishing,fit funky,tfidf__fit funky,tfidf,0.0
smishing,fixed,tfidf__fixed,tfidf,0.0
smishing,fixed line,tfidf__fixed line,tfidf,0.0
smishing,flag,tfidf__flag,tfidf,0.0
smishing,flag 84199,tfidf__flag 84199,tfidf,0.0
smishing,flag yer,tfidf__flag yer,tfidf,0.0
smishing,flat,tfidf__flat,tfidf,0.0
smishing,flirt sexy,tfidf__flirt sexy,tfidf,0.0
smishing,flower,tfidf__flower,tfidf,0.0
smishing,follow,tfidf__follow,tfidf,0.0
smishing,follow instructions,tfidf__follow instructions,tfidf,0.0
smishing,fone weekly,tfidf__fone weekly,tfidf,0.0
smishing,force,tfidf__force,tfidf,0.0
smishing,force ravana,tfidf__force ravana,tfidf,0.0
smishing,forever,tfidf__forever,tfidf,0.0
smishing,forever rigid,tfidf__forever rigid,tfidf,0.0
smishing,forget confirm,tfidf__forget confirm,tfidf,0.0
smishing,forget enjoy,tfidf__forget enjoy,tfidf,0.0
smishing,forwarded 88877,tfidf__forwarded 88877,tfidf,0.0
smishing,fraud prevention,tfidf__fraud prevention,tfidf,0.0
smishing,free accommodation,tfidf__free accommodation,tfidf,0.0
smishing,free app,tfidf__free app,tfidf,0.0
smishing,free bluetooth,tfidf__free bluetooth,tfidf,0.0
smishing,free bt,tfidf__free bt,tfidf,0.0
smishing,free bx420,tfidf__free bx420,tfidf,0.0
smishing,free credit,tfidf__free credit,tfidf,0.0
smishing,free delivery,tfidf__free delivery,tfidf,0.0
smishing,free doublemins,tfidf__free doublemins,tfidf,0.0
smishing,free experience,tfidf__free experience,tfidf,0.0
smishing,free game,tfidf__free game,tfidf,0.0
smishing,free goals,tfidf__free goals,tfidf,0.0
smishing,free link,tfidf__free link,tfidf,0.0
smishing,free med,tfidf__free med,tfidf,0.0
smishing,free motorola,tfidf__free motorola,tfidf,0.0
smishing,free o2,tfidf__free o2,tfidf,0.0
smishing,free selection,tfidf__free selection,tfidf,0.0
smishing,free tracks,tfidf__free tracks,tfidf,0.0
smishing,free trial,tfidf__free trial,tfidf,0.0
smishing,free ur,tfidf__free ur,tfidf,0.0
smishing,free urltoken,tfidf__free urltoken,tfidf,0.0
smishing,free video,tfidf__free video,tfidf,0.0
smishing,free yoko,tfidf__free yoko,tfidf,0.0
smishing,freemsg claim,tfidf__freemsg claim,tfidf,0.0
smishing,freemsg fav,tfidf__freemsg fav,tfidf,0.0
smishing,freemsg hey,tfidf__freemsg hey,tfidf,0.0
smishing,freemsg hi,tfidf__freemsg hi,tfidf,0.0
smishing,freemsg records,tfidf__freemsg records,tfidf,0.0
smishing,fri,tfidf__fri,tfidf,0.0
smishing,fri hotel,tfidf__fri hotel,tfidf,0.0
smishing,frm,tfidf__frm,tfidf,0.0
smishing,frm delhi,tfidf__frm delhi,tfidf,0.0
smishing,frog,tfidf__frog,tfidf,0.0
smishing,frog axel,tfidf__frog axel,tfidf,0.0
smishing,frog sound,tfidf__frog sound,tfidf,0.0
smishing,fts,tfidf__fts,tfidf,0.0
smishing,fts query,tfidf__fts query,tfidf,0.0
smishing,fun great,tfidf__fun great,tfidf,0.0
smishing,fun tb,tfidf__fun tb,tfidf,0.0
smishing,funk,tfidf__funk,tfidf,0.0
smishing,funk ur,tfidf__funk ur,tfidf,0.0
smishing,funky,tfidf__funky,tfidf,0.0
smishing,funky text,tfidf__funky text,tfidf,0.0
smishing,game text,tfidf__game text,tfidf,0.0
smishing,games downloads,tfidf__games downloads,tfidf,0.0
smishing,games settings,tfidf__games settings,tfidf,0.0
smishing,games tones,tfidf__games tones,tfidf,0.0
smishing,ganga,tfidf__ganga,tfidf,0.0
smishing,ganga ready,tfidf__ganga ready,tfidf,0.0
smishing,garden,tfidf__garden,tfidf,0.0
smishing,garden ready,tfidf__garden ready,tfidf,0.0
smishing,gay guys,tfidf__gay guys,tfidf,0.0
smishing,gbp sms,tfidf__gbp sms,tfidf,0.0
smishing,gbp week,tfidf__gbp week,tfidf,0.0
smishing,gbp5,tfidf__gbp5,tfidf,0.0
smishing,gbp5 month,tfidf__gbp5 month,tfidf,0.0
smishing,germany,tfidf__germany,tfidf,0.0
smishing,germany pence,tfidf__germany pence,tfidf,0.0
smishing,gets,tfidf__gets,tfidf,0.0
smishing,gift guaranteed,tfidf__gift guaranteed,tfidf,0.0
smishing,gigolo,tfidf__gigolo,tfidf,0.0
smishing,gigolo join,tfidf__gigolo join,tfidf,0.0
smishing,girl connect,tfidf__girl connect,tfidf,0.0
smishing,go2,tfidf__go2,tfidf,0.0
smishing,goal,tfidf__goal,tfidf,0.0
smishing,goal arsenal,tfidf__goal arsenal,tfidf,0.0
smishing,goal margin,tfidf__goal margin,tfidf,0.0
smishing,goals,tfidf__goals,tfidf,0.0
smishing,goals news,tfidf__goals news,tfidf,0.0
smishing,goin,tfidf__goin,tfidf,0.0
smishing,golf,tfidf__golf,tfidf,0.0
smishing,golf course,tfidf__golf course,tfidf,0.0
smishing,golf free,tfidf__golf free,tfidf,0.0
smishing,gonna,tfidf__gonna,tfidf,0.0
smishing,good condition,tfidf__good condition,tfidf,0.0
smishing,good friend,tfidf__good friend,tfidf,0.0
smishing,good ladies,tfidf__good ladies,tfidf,0.0
smishing,gossip,tfidf__gossip,tfidf,0.0
smishing,gossip babes,tfidf__gossip babes,tfidf,0.0
smishing,got cam,tfidf__got cam,tfidf,0.0
smishing,grant 2000,tfidf__grant 2000,tfidf,0.0
smishing,grant 500,tfidf__grant 500,tfidf,0.0
smishing,great day,tfidf__great day,tfidf,0.0
smishing,great offers,tfidf__great offers,tfidf,0.0
smishing,greater,tfidf__greater,tfidf,0.0
smishing,greater noida,tfidf__greater noida,tfidf,0.0
smishing,green,tfidf__green,tfidf,0.0
smishing,green day,tfidf__green day,tfidf,0.0
smishing,grgn,tfidf__grgn,tfidf,0.0
smishing,grgn 5250,tfidf__grgn 5250,tfidf,0.0
smishing,group,tfidf__group,tfidf,0.0
smishing,growing mens,tfidf__growing mens,tfidf,0.0
smishing,gsoh,tfidf__gsoh,tfidf,0.0
smishing,gsoh good,tfidf__gsoh good,tfidf,0.0
smishing,guaranteed 3000,tfidf__guaranteed 3000,tfidf,0.0
smishing,gud ni8,tfidf__gud ni8,tfidf,0.0
smishing,gurgaon 28,tfidf__gurgaon 28,tfidf,0.0
smishing,gurgaon vishal,tfidf__gurgaon vishal,tfidf,0.0
smishing,ha,tfidf__ha,tfidf,0.0
smishing,habituate,tfidf__habituate,tfidf,0.0
smishing,hair,tfidf__hair,tfidf,0.0
smishing,haridwar,tfidf__haridwar,tfidf,0.0
smishing,haridwar bank,tfidf__haridwar bank,tfidf,0.0
smishing,harry answer,tfidf__harry answer,tfidf,0.0
smishing,havent,tfidf__havent,tfidf,0.0
smishing,havin,tfidf__havin,tfidf,0.0
smishing,havin borin,tfidf__havin borin,tfidf,0.0
smishing,head,tfidf__head,tfidf,0.0
smishing,held,tfidf__held,tfidf,0.0
smishing,held send,tfidf__held send,tfidf,0.0
smishing,help info,tfidf__help info,tfidf,0.0
smishing,help urltoken,tfidf__help urltoken,tfidf,0.0
smishing,help08700621170150p,tfidf__help08700621170150p,tfidf,0.0
smishing,help08700621170150p msg,tfidf__help08700621170150p msg,tfidf,0.0
smishing,help08714742804,tfidf__help08714742804,tfidf,0.0
smishing,help08718728876,tfidf__help08718728876,tfidf,0.0
smishing,helpline,tfidf__helpline,tfidf,0.0
smishing,helpline phonetoken,tfidf__helpline phonetoken,tfidf,0.0
smishing,henry,tfidf__henry,tfidf,0.0
smishing,henry liverpool,tfidf__henry liverpool,tfidf,0.0
smishing,henry scores,tfidf__henry scores,tfidf,0.0
smishing,heri,tfidf__heri,tfidf,0.0
smishing,heri mkt,tfidf__heri mkt,tfidf,0.0
smishing,hey darling,tfidf__hey darling,tfidf,0.0
smishing,hey i'm,tfidf__hey i'm,tfidf,0.0
smishing,hey really,tfidf__hey really,tfidf,0.0
smishing,hi hi,tfidf__hi hi,tfidf,0.0
smishing,hi phonetoken,tfidf__hi phonetoken,tfidf,0.0
smishing,hi stop,tfidf__hi stop,tfidf,0.0
smishing,high,tfidf__high,tfidf,0.0
smishing,hindustan,tfidf__hindustan,tfidf,0.0
smishing,hindustan times,tfidf__hindustan times,tfidf,0.0
smishing,hockey,tfidf__hockey,tfidf,0.0
smishing,hockey correct,tfidf__hockey correct,tfidf,0.0
smishing,hold complete,tfidf__hold complete,tfidf,0.0
smishing,holder arrogate,tfidf__holder arrogate,tfidf,0.0
smishing,holiday 10,tfidf__holiday 10,tfidf,0.0
smishing,holiday 20,tfidf__holiday 20,tfidf,0.0
smishing,holiday await,tfidf__holiday await,tfidf,0.0
smishing,holiday voucher,tfidf__holiday voucher,tfidf,0.0
smishing,home abroad,tfidf__home abroad,tfidf,0.0
smishing,home loan,tfidf__home loan,tfidf,0.0
smishing,hope good,tfidf__hope good,tfidf,0.0
smishing,hope like,tfidf__hope like,tfidf,0.0
smishing,hope luv,tfidf__hope luv,tfidf,0.0
smishing,horny guys,tfidf__horny guys,tfidf,0.0
smishing,hotel,tfidf__hotel,tfidf,0.0
smishing,hotels t0day's,tfidf__hotels t0day's,tfidf,0.0
smishing,hour contact,tfidf__hour contact,tfidf,0.0
smishing,house postcode,tfidf__house postcode,tfidf,0.0
smishing,housewives,tfidf__housewives,tfidf,0.0
smishing,housewives chat,tfidf__housewives chat,tfidf,0.0
smishing,hp20,tfidf__hp20,tfidf,0.0
smishing,hp20 1yf,tfidf__hp20 1yf,tfidf,0.0
smishing,hr,tfidf__hr,tfidf,0.0
smishing,hr thank,tfidf__hr thank,tfidf,0.0
smishing,hubby,tfidf__hubby,tfidf,0.0
smishing,huh,tfidf__huh,tfidf,0.0
smishing,hungry gay,tfidf__hungry gay,tfidf,0.0
smishing,hv9d,tfidf__hv9d,tfidf,0.0
smishing,i'll later,tfidf__i'll later,tfidf,0.0
smishing,i'm buffy,tfidf__i'm buffy,tfidf,0.0
smishing,i'm going,tfidf__i'm going,tfidf,0.0
smishing,i'm gonna,tfidf__i'm gonna,tfidf,0.0
smishing,i'm phonetoken,tfidf__i'm phonetoken,tfidf,0.0
smishing,ibh,tfidf__ibh,tfidf,0.0
smishing,ibh customer,tfidf__ibh customer,tfidf,0.0
smishing,ibiza,tfidf__ibiza,tfidf,0.0
smishing,ibiza holiday,tfidf__ibiza holiday,tfidf,0.0
smishing,ice hockey,tfidf__ice hockey,tfidf,0.0
smishing,icmb3cktz8r7,tfidf__icmb3cktz8r7,tfidf,0.0
smishing,icmb3cktz8r7 blind,tfidf__icmb3cktz8r7 blind,tfidf,0.0
smishing,im home,tfidf__im home,tfidf,0.0
smishing,im w8in,tfidf__im w8in,tfidf,0.0
smishing,immediately,tfidf__immediately,tfidf,0.0
smishing,immediately account,tfidf__immediately account,tfidf,0.0
smishing,immediately urgent,tfidf__immediately urgent,tfidf,0.0
smishing,immediately verify,tfidf__immediately verify,tfidf,0.0
smishing,inch,tfidf__inch,tfidf,0.0
smishing,inch free,tfidf__inch free,tfidf,0.0
smishing,inch use,tfidf__inch use,tfidf,0.0
smishing,include,tfidf__include,tfidf,0.0
smishing,include crazy,tfidf__include crazy,tfidf,0.0
smishing,income,tfidf__income,tfidf,0.0
smishing,income tax,tfidf__income tax,tfidf,0.0
smishing,incorrect,tfidf__incorrect,tfidf,0.0
smishing,incorrect end,tfidf__incorrect end,tfidf,0.0
smishing,incur,tfidf__incur,tfidf,0.0
smishing,india jerseys,tfidf__india jerseys,tfidf,0.0
smishing,india vs,tfidf__india vs,tfidf,0.0
smishing,indicate,tfidf__indicate,tfidf,0.0
smishing,industries,tfidf__industries,tfidf,0.0
smishing,industries corporate,tfidf__industries corporate,tfidf,0.0
smishing,infix,tfidf__infix,tfidf,0.0
smishing,inform nab,tfidf__inform nab,tfidf,0.0
smishing,information 02,tfidf__information 02,tfidf,0.0
smishing,information urltoken,tfidf__information urltoken,tfidf,0.0
smishing,informed,tfidf__informed,tfidf,0.0
smishing,informed latest,tfidf__informed latest,tfidf,0.0
smishing,ingest new,tfidf__ingest new,tfidf,0.0
smishing,ingest specially,tfidf__ingest specially,tfidf,0.0
smishing,ingest w0n,tfidf__ingest w0n,tfidf,0.0
smishing,initiate,tfidf__initiate,tfidf,0.0
smishing,installment,tfidf__installment,tfidf,0.0
smishing,installment urltoken,tfidf__installment urltoken,tfidf,0.0
smishing,interflora,tfidf__interflora,tfidf,0.0
smishing,investment,tfidf__investment,tfidf,0.0
smishing,investment assured,tfidf__investment assured,tfidf,0.0
smishing,investments,tfidf__investments,tfidf,0.0
smishing,investments phonetoken,tfidf__investments phonetoken,tfidf,0.0
smishing,invited,tfidf__invited,tfidf,0.0
smishing,ip4,tfidf__ip4,tfidf,0.0
smishing,ip4 5we,tfidf__ip4 5we,tfidf,0.0
smishing,ipad,tfidf__ipad,tfidf,0.0
smishing,ipad blackberry,tfidf__ipad blackberry,tfidf,0.0
smishing,ipod 250,tfidf__ipod 250,tfidf,0.0
smishing,ipod txt,tfidf__ipod txt,tfidf,0.0
smishing,iscoming,tfidf__iscoming,tfidf,0.0
smishing,iscoming ur,tfidf__iscoming ur,tfidf,0.0
smishing,issues,tfidf__issues,tfidf,0.0
smishing,it's ok,tfidf__it's ok,tfidf,0.0
smishing,it's true,tfidf__it's true,tfidf,0.0
smishing,it's week's,tfidf__it's week's,tfidf,0.0
smishing,itcould,tfidf__itcould,tfidf,0.0
smishing,items,tfidf__items,tfidf,0.0
smishing,items mobile,tfidf__items mobile,tfidf,0.0
smishing,jam,tfidf__jam,tfidf,0.0
smishing,jamster crazy,tfidf__jamster crazy,tfidf,0.0
smishing,jersey,tfidf__jersey,tfidf,0.0
smishing,jersey devils,tfidf__jersey devils,tfidf,0.0
smishing,jerseys,tfidf__jerseys,tfidf,0.0
smishing,jerseys end,tfidf__jerseys end,tfidf,0.0
smishing,john,tfidf__john,tfidf,0.0
smishing,join optout,tfidf__join optout,tfidf,0.0
smishing,join uks,tfidf__join uks,tfidf,0.0
smishing,join urltoken,tfidf__join urltoken,tfidf,0.0
smishing,jordan,tfidf__jordan,tfidf,0.0
smishing,jordan im,tfidf__jordan im,tfidf,0.0
smishing,jsco,tfidf__jsco,tfidf,0.0
smishing,jsco energy,tfidf__jsco energy,tfidf,0.0
smishing,jst got,tfidf__jst got,tfidf,0.0
smishing,july,tfidf__july,tfidf,0.0
smishing,july 2007,tfidf__july 2007,tfidf,0.0
smishing,july c's,tfidf__july c's,tfidf,0.0
smishing,jump,tfidf__jump,tfidf,0.0
smishing,june,tfidf__june,tfidf,0.0
smishing,june chance,tfidf__june chance,tfidf,0.0
smishing,jus,tfidf__jus,tfidf,0.0
smishing,just 10p,tfidf__just 10p,tfidf,0.0
smishing,just bl0cked,tfidf__just bl0cked,tfidf,0.0
smishing,just emailtoken,tfidf__just emailtoken,tfidf,0.0
smishing,just gbp,tfidf__just gbp,tfidf,0.0
smishing,just gbp5,tfidf__just gbp5,tfidf,0.0
smishing,just send,tfidf__just send,tfidf,0.0
smishing,just yell,tfidf__just yell,tfidf,0.0
smishing,jwala,tfidf__jwala,tfidf,0.0
smishing,jwala heri,tfidf__jwala heri,tfidf,0.0
smishing,k61,tfidf__k61,tfidf,0.0
smishing,k61 valid,tfidf__k61 valid,tfidf,0.0
smishing,karaoke,tfidf__karaoke,tfidf,0.0
smishing,karaoke mobile,tfidf__karaoke mobile,tfidf,0.0
smishing,kept,tfidf__kept,tfidf,0.0
smishing,kept informed,tfidf__kept informed,tfidf,0.0
smishing,key arcade,tfidf__key arcade,tfidf,0.0
smishing,ki,tfidf__ki,tfidf,0.0
smishing,ki bahar,tfidf__ki bahar,tfidf,0.0
smishing,kick,tfidf__kick,tfidf,0.0
smishing,kick new,tfidf__kick new,tfidf,0.0
smishing,kickoff,tfidf__kickoff,tfidf,0.0
smishing,kickoff kept,tfidf__kickoff kept,tfidf,0.0
smishing,kind,tfidf__kind,tfidf,0.0
smishing,kindly,tfidf__kindly,tfidf,0.0
smishing,king store,tfidf__king store,tfidf,0.0
smishing,kingdom,tfidf__kingdom,tfidf,0.0
smishing,kingdom check,tfidf__kingdom check,tfidf,0.0
smishing,kiosk,tfidf__kiosk,tfidf,0.0
smishing,kiosk reply,tfidf__kiosk reply,tfidf,0.0
smishing,kiss,tfidf__kiss,tfidf,0.0
smishing,klia2 19,tfidf__klia2 19,tfidf,0.0
smishing,knock,tfidf__knock,tfidf,0.0
smishing,know don't,tfidf__know don't,tfidf,0.0
smishing,kyc contact,tfidf__kyc contact,tfidf,0.0
smishing,kyc expired,tfidf__kyc expired,tfidf,0.0
smishing,kyc ingest,tfidf__kyc ingest,tfidf,0.0
smishing,kyc suspended,tfidf__kyc suspended,tfidf,0.0
smishing,la32wu,tfidf__la32wu,tfidf,0.0
smishing,la32wu 16,tfidf__la32wu 16,tfidf,0.0
smishing,lac,tfidf__lac,tfidf,0.0
smishing,lac onwards,tfidf__lac onwards,tfidf,0.0
smishing,ladies male,tfidf__ladies male,tfidf,0.0
smishing,landline complimentary,tfidf__landline complimentary,tfidf,0.0
smishing,landline tcs,tfidf__landline tcs,tfidf,0.0
smishing,later,tfidf__later,tfidf,0.0
smishing,ldn wc1n3xx,tfidf__ldn wc1n3xx,tfidf,0.0
smishing,le,tfidf__le,tfidf,0.0
smishing,le 61200,tfidf__le 61200,tfidf,0.0
smishing,leadership,tfidf__leadership,tfidf,0.0
smishing,leave msg,tfidf__leave msg,tfidf,0.0
smishing,let's 150p,tfidf__let's 150p,tfidf,0.0
smishing,let's talk,tfidf__let's talk,tfidf,0.0
smishing,like company,tfidf__like company,tfidf,0.0
smishing,like santa,tfidf__like santa,tfidf,0.0
smishing,lily,tfidf__lily,tfidf,0.0
smishing,lily txt,tfidf__lily txt,tfidf,0.0
smishing,line access,tfidf__line access,tfidf,0.0
smishing,linerental latest,tfidf__linerental latest,tfidf,0.0
smishing,linerental motorola,tfidf__linerental motorola,tfidf,0.0
smishing,lines,tfidf__lines,tfidf,0.0
smishing,lines close,tfidf__lines close,tfidf,0.0
smishing,link just,tfidf__link just,tfidf,0.0
smishing,listen,tfidf__listen,tfidf,0.0
smishing,little ones,tfidf__little ones,tfidf,0.0
smishing,live india,tfidf__live india,tfidf,0.0
smishing,live tv,tfidf__live tv,tfidf,0.0
smishing,liverpool henry,tfidf__liverpool henry,tfidf,0.0
smishing,lnly hope,tfidf__lnly hope,tfidf,0.0
smishing,local dates,tfidf__local dates,tfidf,0.0
smishing,login unsubscribe,tfidf__login unsubscribe,tfidf,0.0
smishing,logon,tfidf__logon,tfidf,0.0
smishing,logon urltoken,tfidf__logon urltoken,tfidf,0.0
smishing,logos,tfidf__logos,tfidf,0.0
smishing,london,tfidf__london,tfidf,0.0
smishing,london w1j,tfidf__london w1j,tfidf,0.0
smishing,lonely,tfidf__lonely,tfidf,0.0
smishing,lonely black,tfidf__lonely black,tfidf,0.0
smishing,lonely text,tfidf__lonely text,tfidf,0.0
smishing,lookatme,tfidf__lookatme,tfidf,0.0
smishing,lookatme thanks,tfidf__lookatme thanks,tfidf,0.0
smishing,lookatme you've,tfidf__lookatme you've,tfidf,0.0
smishing,lord,tfidf__lord,tfidf,0.0
smishing,lord rings,tfidf__lord rings,tfidf,0.0
smishing,lose,tfidf__lose,tfidf,0.0
smishing,lost,tfidf__lost,tfidf,0.0
smishing,lost 12,tfidf__lost 12,tfidf,0.0
smishing,lost 3pound,tfidf__lost 3pound,tfidf,0.0
smishing,lotr,tfidf__lotr,tfidf,0.0
smishing,lotr june,tfidf__lotr june,tfidf,0.0
smishing,lotr soundtrack,tfidf__lotr soundtrack,tfidf,0.0
smishing,lots,tfidf__lots,tfidf,0.0
smishing,lots cash,tfidf__lots cash,tfidf,0.0
smishing,lots new,tfidf__lots new,tfidf,0.0
smishing,loudly,tfidf__loudly,tfidf,0.0
smishing,loudly shrilly,tfidf__loudly shrilly,tfidf,0.0
smishing,lounge,tfidf__lounge,tfidf,0.0
smishing,lounge passes,tfidf__lounge passes,tfidf,0.0
smishing,loved,tfidf__loved,tfidf,0.0
smishing,loving,tfidf__loving,tfidf,0.0
smishing,loyal,tfidf__loyal,tfidf,0.0
smishing,loyal mobile,tfidf__loyal mobile,tfidf,0.0
smishing,lucozade,tfidf__lucozade,tfidf,0.0
smishing,lucozade energy,tfidf__lucozade energy,tfidf,0.0
smishing,lucy,tfidf__lucy,tfidf,0.0
smishing,luv claire,tfidf__luv claire,tfidf,0.0
smishing,m60,tfidf__m60,tfidf,0.0
smishing,m60 1er,tfidf__m60 1er,tfidf,0.0
smishing,m8s,tfidf__m8s,tfidf,0.0
smishing,m8s txt,tfidf__m8s txt,tfidf,0.0
smishing,mad1,tfidf__mad1,tfidf,0.0
smishing,mad1 real,tfidf__mad1 real,tfidf,0.0
smishing,mad2,tfidf__mad2,tfidf,0.0
smishing,mad2 88888,tfidf__mad2 88888,tfidf,0.0
smishing,mail,tfidf__mail,tfidf,0.0
smishing,mailbox messaging,tfidf__mailbox messaging,tfidf,0.0
smishing,male,tfidf__male,tfidf,0.0
smishing,male gigolo,tfidf__male gigolo,tfidf,0.0
smishing,margin,tfidf__margin,tfidf,0.0
smishing,margin 78,tfidf__margin 78,tfidf,0.0
smishing,market,tfidf__market,tfidf,0.0
smishing,market square,tfidf__market square,tfidf,0.0
smishing,match logon,tfidf__match logon,tfidf,0.0
smishing,match yell,tfidf__match yell,tfidf,0.0
smishing,mates join,tfidf__mates join,tfidf,0.0
smishing,matrix3,tfidf__matrix3,tfidf,0.0
smishing,matrix3 starwars3,tfidf__matrix3 starwars3,tfidf,0.0
smishing,max,tfidf__max,tfidf,0.0
smishing,max 50,tfidf__max 50,tfidf,0.0
smishing,maximum,tfidf__maximum,tfidf,0.0
smishing,maximum prizes,tfidf__maximum prizes,tfidf,0.0
smishing,meaning,tfidf__meaning,tfidf,0.0
smishing,med,tfidf__med,tfidf,0.0
smishing,med holiday,tfidf__med holiday,tfidf,0.0
smishing,med popcorn,tfidf__med popcorn,tfidf,0.0
smishing,meeting,tfidf__meeting,tfidf,0.0
smishing,men,tfidf__men,tfidf,0.0
smishing,men home,tfidf__men home,tfidf,0.0
smishing,mens,tfidf__mens,tfidf,0.0
smishing,mens club,tfidf__mens club,tfidf,0.0
smishing,message jamster,tfidf__message jamster,tfidf,0.0
smishing,message waiting,tfidf__message waiting,tfidf,0.0
smishing,messages reply,tfidf__messages reply,tfidf,0.0
smishing,messages text,tfidf__messages text,tfidf,0.0
smishing,messaging,tfidf__messaging,tfidf,0.0
smishing,messaging sms,tfidf__messaging sms,tfidf,0.0
smishing,metro,tfidf__metro,tfidf,0.0
smishing,metro station,tfidf__metro station,tfidf,0.0
smishing,midnight,tfidf__midnight,tfidf,0.0
smishing,min mob,tfidf__min mob,tfidf,0.0
smishing,min polo,tfidf__min polo,tfidf,0.0
smishing,min term,tfidf__min term,tfidf,0.0
smishing,mind,tfidf__mind,tfidf,0.0
smishing,minmobsmore,tfidf__minmobsmore,tfidf,0.0
smishing,minmobsmore lkpobox177hp51fl,tfidf__minmobsmore lkpobox177hp51fl,tfidf,0.0
smishing,minmobsmorelkpobox177hp51fl,tfidf__minmobsmorelkpobox177hp51fl,tfidf,0.0
smishing,minmoremobsemspobox45po139wa,tfidf__minmoremobsemspobox45po139wa,tfidf,0.0
smishing,mins 100,tfidf__mins 100,tfidf,0.0
smishing,mins 1000,tfidf__mins 1000,tfidf,0.0
smishing,mins 150,tfidf__mins 150,tfidf,0.0
smishing,mins texts,tfidf__mins texts,tfidf,0.0
smishing,mins txts,tfidf__mins txts,tfidf,0.0
smishing,minute fixed,tfidf__minute fixed,tfidf,0.0
smishing,minutes mobil,tfidf__minutes mobil,tfidf,0.0
smishing,mistake,tfidf__mistake,tfidf,0.0
smishing,mistake shortcode,tfidf__mistake shortcode,tfidf,0.0
smishing,mjzgroup,tfidf__mjzgroup,tfidf,0.0
smishing,mjzgroup phonetoken,tfidf__mjzgroup phonetoken,tfidf,0.0
smishing,mkt,tfidf__mkt,tfidf,0.0
smishing,mkt paschim,tfidf__mkt paschim,tfidf,0.0
smishing,mmsto,tfidf__mmsto,tfidf,0.0
smishing,mmsto 32323,tfidf__mmsto 32323,tfidf,0.0
smishing,mob awarded,tfidf__mob awarded,tfidf,0.0
smishing,mob embody,tfidf__mob embody,tfidf,0.0
smishing,mob offer,tfidf__mob offer,tfidf,0.0
smishing,mob tell,tfidf__mob tell,tfidf,0.0
smishing,mob tones,tfidf__mob tones,tfidf,0.0
smishing,mob vary,tfidf__mob vary,tfidf,0.0
smishing,mobil,tfidf__mobil,tfidf,0.0
smishing,mobil free,tfidf__mobil free,tfidf,0.0
smishing,mobile 07xxxxxxxxx,tfidf__mobile 07xxxxxxxxx,tfidf,0.0
smishing,mobile 750,tfidf__mobile 750,tfidf,0.0
smishing,mobile 7cfca1a,tfidf__mobile 7cfca1a,tfidf,0.0
smishing,mobile charged,tfidf__mobile charged,tfidf,0.0
smishing,mobile club,tfidf__mobile club,tfidf,0.0
smishing,mobile customers,tfidf__mobile customers,tfidf,0.0
smishing,mobile fit,tfidf__mobile fit,tfidf,0.0
smishing,mobile security,tfidf__mobile security,tfidf,0.0
smishing,mobile stop,tfidf__mobile stop,tfidf,0.0
smishing,mobile tonights,tfidf__mobile tonights,tfidf,0.0
smishing,mobile try,tfidf__mobile try,tfidf,0.0
smishing,mobiles mobileupd8,tfidf__mobiles mobileupd8,tfidf,0.0
smishing,mobilesvary,tfidf__mobilesvary,tfidf,0.0
smishing,mobilesvary max,tfidf__mobilesvary max,tfidf,0.0
smishing,moby pub,tfidf__moby pub,tfidf,0.0
smishing,mobypobox734ls27yf,tfidf__mobypobox734ls27yf,tfidf,0.0
smishing,modify,tfidf__modify,tfidf,0.0
smishing,modify urltoken,tfidf__modify urltoken,tfidf,0.0
smishing,mono lionp,tfidf__mono lionp,tfidf,0.0
smishing,month aom,tfidf__month aom,tfidf,0.0
smishing,moon's,tfidf__moon's,tfidf,0.0
smishing,moon's children,tfidf__moon's children,tfidf,0.0
smishing,motorola free,tfidf__motorola free,tfidf,0.0
smishing,motorola phones,tfidf__motorola phones,tfidf,0.0
smishing,motorola sonyericsson,tfidf__motorola sonyericsson,tfidf,0.0
smishing,mourn,tfidf__mourn,tfidf,0.0
smishing,mourn loudly,tfidf__mourn loudly,tfidf,0.0
smishing,mre,tfidf__mre,tfidf,0.0
smishing,mre film,tfidf__mre film,tfidf,0.0
smishing,msg 2day,tfidf__msg 2day,tfidf,0.0
smishing,msg 50rcvd,tfidf__msg 50rcvd,tfidf,0.0
smishing,msg billed,tfidf__msg billed,tfidf,0.0
smishing,msg opt,tfidf__msg opt,tfidf,0.0
smishing,msg rcd,tfidf__msg rcd,tfidf,0.0
smishing,msg send,tfidf__msg send,tfidf,0.0
smishing,mtalk phonetoken,tfidf__mtalk phonetoken,tfidf,0.0
smishing,mths 500,tfidf__mths 500,tfidf,0.0
smishing,mum,tfidf__mum,tfidf,0.0
smishing,murder,tfidf__murder,tfidf,0.0
smishing,murderer,tfidf__murderer,tfidf,0.0
smishing,music news,tfidf__music news,tfidf,0.0
smishing,music store,tfidf__music store,tfidf,0.0
smishing,music urltoken,tfidf__music urltoken,tfidf,0.0
smishing,mymoby,tfidf__mymoby,tfidf,0.0
smishing,mymoby tv,tfidf__mymoby tv,tfidf,0.0
smishing,n9dx,tfidf__n9dx,tfidf,0.0
smishing,na,tfidf__na,tfidf,0.0
smishing,nab card,tfidf__nab card,tfidf,0.0
smishing,ncr,tfidf__ncr,tfidf,0.0
smishing,ncr 50rs,tfidf__ncr 50rs,tfidf,0.0
smishing,ncr rs50,tfidf__ncr rs50,tfidf,0.0
smishing,near pari,tfidf__near pari,tfidf,0.0
smishing,nearly,tfidf__nearly,tfidf,0.0
smishing,need song,tfidf__need song,tfidf,0.0
smishing,needs,tfidf__needs,tfidf,0.0
smishing,netherlands,tfidf__netherlands,tfidf,0.0
smishing,new cam,tfidf__new cam,tfidf,0.0
smishing,new jersey,tfidf__new jersey,tfidf,0.0
smishing,new local,tfidf__new local,tfidf,0.0
smishing,new nokia6600,tfidf__new nokia6600,tfidf,0.0
smishing,new people,tfidf__new people,tfidf,0.0
smishing,new season,tfidf__new season,tfidf,0.0
smishing,new tone,tfidf__new tone,tfidf,0.0
smishing,new tones,tfidf__new tones,tfidf,0.0
smishing,new voicemail,tfidf__new voicemail,tfidf,0.0
smishing,newest selection,tfidf__newest selection,tfidf,0.0
smishing,news phone,tfidf__news phone,tfidf,0.0
smishing,news results,tfidf__news results,tfidf,0.0
smishing,news ur,tfidf__news ur,tfidf,0.0
smishing,ni8,tfidf__ni8,tfidf,0.0
smishing,no1 bbc,tfidf__no1 bbc,tfidf,0.0
smishing,noe,tfidf__noe,tfidf,0.0
smishing,noida 9500,tfidf__noida 9500,tfidf,0.0
smishing,noida near,tfidf__noida near,tfidf,0.0
smishing,nok,tfidf__nok,tfidf,0.0
smishing,nok 87021,tfidf__nok 87021,tfidf,0.0
smishing,nokia 3650,tfidf__nokia 3650,tfidf,0.0
smishing,nokia bluetooth,tfidf__nokia bluetooth,tfidf,0.0
smishing,nokia logo,tfidf__nokia logo,tfidf,0.0
smishing,nokia music,tfidf__nokia music,tfidf,0.0
smishing,nokia6600,tfidf__nokia6600,tfidf,0.0
smishing,nokia6600 mobile,tfidf__nokia6600 mobile,tfidf,0.0
smishing,nokias,tfidf__nokias,tfidf,0.0
smishing,nokias poly,tfidf__nokias poly,tfidf,0.0
smishing,norm,tfidf__norm,tfidf,0.0
smishing,norm 150p,tfidf__norm 150p,tfidf,0.0
smishing,notify,tfidf__notify,tfidf,0.0
smishing,nr,tfidf__nr,tfidf,0.0
smishing,nr metro,tfidf__nr metro,tfidf,0.0
smishing,num,tfidf__num,tfidf,0.0
smishing,number experience,tfidf__number experience,tfidf,0.0
smishing,number mistake,tfidf__number mistake,tfidf,0.0
smishing,number phonetoken,tfidf__number phonetoken,tfidf,0.0
smishing,number urltoken,tfidf__number urltoken,tfidf,0.0
smishing,number x29,tfidf__number x29,tfidf,0.0
smishing,numbers stop,tfidf__numbers stop,tfidf,0.0
smishing,o2 50,tfidf__o2 50,tfidf,0.0
smishing,o2 games,tfidf__o2 games,tfidf,0.0
smishing,offer 750,tfidf__offer 750,tfidf,0.0
smishing,offer claim,tfidf__offer claim,tfidf,0.0
smishing,offer latest,tfidf__offer latest,tfidf,0.0
smishing,offer package,tfidf__offer package,tfidf,0.0
smishing,offer stop,tfidf__offer stop,tfidf,0.0
smishing,offers bhk,tfidf__offers bhk,tfidf,0.0
smishing,offers pls,tfidf__offers pls,tfidf,0.0
smishing,office airtel,tfidf__office airtel,tfidf,0.0
smishing,official england,tfidf__official england,tfidf,0.0
smishing,ok 2600,tfidf__ok 2600,tfidf,0.0
smishing,ok 84025,tfidf__ok 84025,tfidf,0.0
smishing,ok xxx,tfidf__ok xxx,tfidf,0.0
smishing,om,tfidf__om,tfidf,0.0
smishing,oncall,tfidf__oncall,tfidf,0.0
smishing,oncall mjzgroup,tfidf__oncall mjzgroup,tfidf,0.0
smishing,ones,tfidf__ones,tfidf,0.0
smishing,ones like,tfidf__ones like,tfidf,0.0
smishing,ons,tfidf__ons,tfidf,0.0
smishing,ons phonetoken,tfidf__ons phonetoken,tfidf,0.0
smishing,onwards,tfidf__onwards,tfidf,0.0
smishing,onwards bhk,tfidf__onwards bhk,tfidf,0.0
smishing,onwards urltoken,tfidf__onwards urltoken,tfidf,0.0
smishing,oor,tfidf__oor,tfidf,0.0
smishing,oor step,tfidf__oor step,tfidf,0.0
smishing,opt availa,tfidf__opt availa,tfidf,0.0
smishing,opt available,tfidf__opt available,tfidf,0.0
smishing,optin,tfidf__optin,tfidf,0.0
smishing,optin subscriber,tfidf__optin subscriber,tfidf,0.0
smishing,or2optout,tfidf__or2optout,tfidf,0.0
smishing,or2optout hv9d,tfidf__or2optout hv9d,tfidf,0.0
smishing,or2stoptxt,tfidf__or2stoptxt,tfidf,0.0
smishing,orange bluetooth,tfidf__orange bluetooth,tfidf,0.0
smishing,orange contract,tfidf__orange contract,tfidf,0.0
smishing,orange customer,tfidf__orange customer,tfidf,0.0
smishing,orange mobileupd8,tfidf__orange mobileupd8,tfidf,0.0
smishing,orange price,tfidf__orange price,tfidf,0.0
smishing,order 42,tfidf__order 42,tfidf,0.0
smishing,oredi,tfidf__oredi,tfidf,0.0
smishing,original,tfidf__original,tfidf,0.0
smishing,original best,tfidf__original best,tfidf,0.0
smishing,oz,tfidf__oz,tfidf,0.0
smishing,oz lucozade,tfidf__oz lucozade,tfidf,0.0
smishing,packs,tfidf__packs,tfidf,0.0
smishing,packs urltoken,tfidf__packs urltoken,tfidf,0.0
smishing,paid,tfidf__paid,tfidf,0.0
smishing,pain,tfidf__pain,tfidf,0.0
smishing,pan,tfidf__pan,tfidf,0.0
smishing,pan card,tfidf__pan card,tfidf,0.0
smishing,panasonic,tfidf__panasonic,tfidf,0.0
smishing,panasonic bluetoothhdset,tfidf__panasonic bluetoothhdset,tfidf,0.0
smishing,pari,tfidf__pari,tfidf,0.0
smishing,pari chowk,tfidf__pari chowk,tfidf,0.0
smishing,paschim,tfidf__paschim,tfidf,0.0
smishing,paschim viha,tfidf__paschim viha,tfidf,0.0
smishing,pass,tfidf__pass,tfidf,0.0
smishing,pass bergkamp,tfidf__pass bergkamp,tfidf,0.0
smishing,pass phonetoken,tfidf__pass phonetoken,tfidf,0.0
smishing,passes,tfidf__passes,tfidf,0.0
smishing,passport,tfidf__passport,tfidf,0.0
smishing,passport assistance,tfidf__passport assistance,tfidf,0.0
smishing,pay2tmkyc,tfidf__pay2tmkyc,tfidf,0.0
smishing,paying,tfidf__paying,tfidf,0.0
smishing,payments,tfidf__payments,tfidf,0.0
smishing,payments bank,tfidf__payments bank,tfidf,0.0
smishing,paytm payments,tfidf__paytm payments,tfidf,0.0
smishing,paytm team,tfidf__paytm team,tfidf,0.0
smishing,pc urltoken,tfidf__pc urltoken,tfidf,0.0
smishing,pdate,tfidf__pdate,tfidf,0.0
smishing,pdate double,tfidf__pdate double,tfidf,0.0
smishing,peace,tfidf__peace,tfidf,0.0
smishing,pence,tfidf__pence,tfidf,0.0
smishing,pence minute,tfidf__pence minute,tfidf,0.0
smishing,peoples,tfidf__peoples,tfidf,0.0
smishing,pg,tfidf__pg,tfidf,0.0
smishing,pg todays,tfidf__pg todays,tfidf,0.0
smishing,ph 08700435505150p,tfidf__ph 08700435505150p,tfidf,0.0
smishing,phoenix reply,tfidf__phoenix reply,tfidf,0.0
smishing,phone delivered,tfidf__phone delivered,tfidf,0.0
smishing,phone pounds,tfidf__phone pounds,tfidf,0.0
smishing,phone services,tfidf__phone services,tfidf,0.0
smishing,phone750,tfidf__phone750,tfidf,0.0
smishing,phone750 anytime,tfidf__phone750 anytime,tfidf,0.0
smishing,phones half,tfidf__phones half,tfidf,0.0
smishing,phones mobileupd8,tfidf__phones mobileupd8,tfidf,0.0
smishing,phonetoken 00,tfidf__phonetoken 00,tfidf,0.0
smishing,phonetoken 04,tfidf__phonetoken 04,tfidf,0.0
smishing,phonetoken 2stop,tfidf__phonetoken 2stop,tfidf,0.0
smishing,phonetoken 9am,tfidf__phonetoken 9am,tfidf,0.0
smishing,phonetoken answer,tfidf__phonetoken answer,tfidf,0.0
smishing,phonetoken avail,tfidf__phonetoken avail,tfidf,0.0
smishing,phonetoken b4,tfidf__phonetoken b4,tfidf,0.0
smishing,phonetoken book,tfidf__phonetoken book,tfidf,0.0
smishing,phonetoken box334sk38ch,tfidf__phonetoken box334sk38ch,tfidf,0.0
smishing,phonetoken calls,tfidf__phonetoken calls,tfidf,0.0
smishing,phonetoken cite,tfidf__phonetoken cite,tfidf,0.0
smishing,phonetoken closingdate04,tfidf__phonetoken closingdate04,tfidf,0.0
smishing,phonetoken details,tfidf__phonetoken details,tfidf,0.0
smishing,phonetoken dress,tfidf__phonetoken dress,tfidf,0.0
smishing,phonetoken exact,tfidf__phonetoken exact,tfidf,0.0
smishing,phonetoken help08718728876,tfidf__phonetoken help08718728876,tfidf,0.0
smishing,phonetoken hope,tfidf__phonetoken hope,tfidf,0.0
smishing,phonetoken ibh,tfidf__phonetoken ibh,tfidf,0.0
smishing,phonetoken immediately,tfidf__phonetoken immediately,tfidf,0.0
smishing,phonetoken ingest,tfidf__phonetoken ingest,tfidf,0.0
smishing,phonetoken jwala,tfidf__phonetoken jwala,tfidf,0.0
smishing,phonetoken lines,tfidf__phonetoken lines,tfidf,0.0
smishing,phonetoken lucy,tfidf__phonetoken lucy,tfidf,0.0
smishing,phonetoken msg150p,tfidf__phonetoken msg150p,tfidf,0.0
smishing,phonetoken offer,tfidf__phonetoken offer,tfidf,0.0
smishing,phonetoken or2optout,tfidf__phonetoken or2optout,tfidf,0.0
smishing,phonetoken poly,tfidf__phonetoken poly,tfidf,0.0
smishing,phonetoken profit,tfidf__phonetoken profit,tfidf,0.0
smishing,phonetoken retrieve,tfidf__phonetoken retrieve,tfidf,0.0
smishing,phonetoken revealed,tfidf__phonetoken revealed,tfidf,0.0
smishing,phonetoken rodger,tfidf__phonetoken rodger,tfidf,0.0
smishing,phonetoken secret,tfidf__phonetoken secret,tfidf,0.0
smishing,phonetoken sms,tfidf__phonetoken sms,tfidf,0.0
smishing,phonetoken sp,tfidf__phonetoken sp,tfidf,0.0
smishing,phonetoken stopsms,tfidf__phonetoken stopsms,tfidf,0.0
smishing,phonetoken suprman,tfidf__phonetoken suprman,tfidf,0.0
smishing,phonetoken urgent,tfidf__phonetoken urgent,tfidf,0.0
smishing,phonetoken visit,tfidf__phonetoken visit,tfidf,0.0
smishing,phony,tfidf__phony,tfidf,0.0
smishing,phony 350,tfidf__phony 350,tfidf,0.0
smishing,picked,tfidf__picked,tfidf,0.0
smishing,picked loyal,tfidf__picked loyal,tfidf,0.0
smishing,picked win,tfidf__picked win,tfidf,0.0
smishing,pics nearly,tfidf__pics nearly,tfidf,0.0
smishing,picsfree1,tfidf__picsfree1,tfidf,0.0
smishing,pix qlynnbv,tfidf__pix qlynnbv,tfidf,0.0
smishing,pix ringtones,tfidf__pix ringtones,tfidf,0.0
smishing,play 83370,tfidf__play 83370,tfidf,0.0
smishing,play cricex,tfidf__play cricex,tfidf,0.0
smishing,play text,tfidf__play text,tfidf,0.0
smishing,play urltoken,tfidf__play urltoken,tfidf,0.0
smishing,played,tfidf__played,tfidf,0.0
smishing,pleased notify,tfidf__pleased notify,tfidf,0.0
smishing,plot sale,tfidf__plot sale,tfidf,0.0
smishing,plots available,tfidf__plots available,tfidf,0.0
smishing,pls claim,tfidf__pls claim,tfidf,0.0
smishing,pls goto,tfidf__pls goto,tfidf,0.0
smishing,pls reply,tfidf__pls reply,tfidf,0.0
smishing,pls resubmit,tfidf__pls resubmit,tfidf,0.0
smishing,pls send,tfidf__pls send,tfidf,0.0
smishing,pls stop,tfidf__pls stop,tfidf,0.0
smishing,plz,tfidf__plz,tfidf,0.0
smishing,po box420,tfidf__po box420,tfidf,0.0
smishing,pobox36504w45wq 150p,tfidf__pobox36504w45wq 150p,tfidf,0.0
smishing,pod,tfidf__pod,tfidf,0.0
smishing,pod 80182,tfidf__pod 80182,tfidf,0.0
smishing,pod 84128,tfidf__pod 84128,tfidf,0.0
smishing,pokecoins,tfidf__pokecoins,tfidf,0.0
smishing,pokecoins pokemon,tfidf__pokecoins pokemon,tfidf,0.0
smishing,pokemon,tfidf__pokemon,tfidf,0.0
smishing,pokemon gol,tfidf__pokemon gol,tfidf,0.0
smishing,polo,tfidf__polo,tfidf,0.0
smishing,polo suite,tfidf__polo suite,tfidf,0.0
smishing,poly charity,tfidf__poly charity,tfidf,0.0
smishing,poly ringtone,tfidf__poly ringtone,tfidf,0.0
smishing,poly text,tfidf__poly text,tfidf,0.0
smishing,poly true,tfidf__poly true,tfidf,0.0
smishing,polys zed,tfidf__polys zed,tfidf,0.0
smishing,popcorn,tfidf__popcorn,tfidf,0.0
smishing,popcorn just,tfidf__popcorn just,tfidf,0.0
smishing,portfolio,tfidf__portfolio,tfidf,0.0
smishing,portfolio watch,tfidf__portfolio watch,tfidf,0.0
smishing,possession,tfidf__possession,tfidf,0.0
smishing,possession registry,tfidf__possession registry,tfidf,0.0
smishing,post,tfidf__post,tfidf,0.0
smishing,posts,tfidf__posts,tfidf,0.0
smishing,posts hello,tfidf__posts hello,tfidf,0.0
smishing,pounds accident,tfidf__pounds accident,tfidf,0.0
smishing,pounds free,tfidf__pounds free,tfidf,0.0
smishing,pounds week,tfidf__pounds week,tfidf,0.0
smishing,ppm 18,tfidf__ppm 18,tfidf,0.0
smishing,prefer,tfidf__prefer,tfidf,0.0
smishing,premium,tfidf__premium,tfidf,0.0
smishing,premium phone,tfidf__premium phone,tfidf,0.0
smishing,presleys,tfidf__presleys,tfidf,0.0
smishing,presleys birthday,tfidf__presleys birthday,tfidf,0.0
smishing,press key,tfidf__press key,tfidf,0.0
smishing,prevention,tfidf__prevention,tfidf,0.0
smishing,prevention phonetoken,tfidf__prevention phonetoken,tfidf,0.0
smishing,price linerental,tfidf__price linerental,tfidf,0.0
smishing,privy,tfidf__privy,tfidf,0.0
smishing,privy address,tfidf__privy address,tfidf,0.0
smishing,prize customer,tfidf__prize customer,tfidf,0.0
smishing,prize draw,tfidf__prize draw,tfidf,0.0
smishing,prize embody,tfidf__prize embody,tfidf,0.0
smishing,prize just,tfidf__prize just,tfidf,0.0
smishing,prize yesterday,tfidf__prize yesterday,tfidf,0.0
smishing,prizes sdm,tfidf__prizes sdm,tfidf,0.0
smishing,processed,tfidf__processed,tfidf,0.0
smishing,profit,tfidf__profit,tfidf,0.0
smishing,profit charity,tfidf__profit charity,tfidf,0.0
smishing,project,tfidf__project,tfidf,0.0
smishing,promo,tfidf__promo,tfidf,0.0
smishing,property,tfidf__property,tfidf,0.0
smishing,psf yrs,tfidf__psf yrs,tfidf,0.0
smishing,pub,tfidf__pub,tfidf,0.0
smishing,purchase video,tfidf__purchase video,tfidf,0.0
smishing,pvt,tfidf__pvt,tfidf,0.0
smishing,pyatm,tfidf__pyatm,tfidf,0.0
smishing,pyatm wallet,tfidf__pyatm wallet,tfidf,0.0
smishing,qlynnbv,tfidf__qlynnbv,tfidf,0.0
smishing,qlynnbv help08700621170150p,tfidf__qlynnbv help08700621170150p,tfidf,0.0
smishing,qualify,tfidf__qualify,tfidf,0.0
smishing,quality,tfidf__quality,tfidf,0.0
smishing,quality items,tfidf__quality items,tfidf,0.0
smishing,quote,tfidf__quote,tfidf,0.0
smishing,quote 1st,tfidf__quote 1st,tfidf,0.0
smishing,quotes,tfidf__quotes,tfidf,0.0
smishing,quotes track,tfidf__quotes track,tfidf,0.0
smishing,rally,tfidf__rally,tfidf,0.0
smishing,rally le,tfidf__rally le,tfidf,0.0
smishing,rally oz,tfidf__rally oz,tfidf,0.0
smishing,randomly,tfidf__randomly,tfidf,0.0
smishing,randomly picked,tfidf__randomly picked,tfidf,0.0
smishing,randy reply,tfidf__randy reply,tfidf,0.0
smishing,rate 10p,tfidf__rate 10p,tfidf,0.0
smishing,rates employ,tfidf__rates employ,tfidf,0.0
smishing,ravana,tfidf__ravana,tfidf,0.0
smishing,rayman,tfidf__rayman,tfidf,0.0
smishing,rayman golf,tfidf__rayman golf,tfidf,0.0
smishing,ready download,tfidf__ready download,tfidf,0.0
smishing,ready possession,tfidf__ready possession,tfidf,0.0
smishing,real text,tfidf__real text,tfidf,0.0
smishing,reat investment,tfidf__reat investment,tfidf,0.0
smishing,receive 400,tfidf__receive 400,tfidf,0.0
smishing,recent draw,tfidf__recent draw,tfidf,0.0
smishing,recently used,tfidf__recently used,tfidf,0.0
smishing,records indicate,tfidf__records indicate,tfidf,0.0
smishing,recpt,tfidf__recpt,tfidf,0.0
smishing,red day,tfidf__red day,tfidf,0.0
smishing,red wings,tfidf__red wings,tfidf,0.0
smishing,reduce,tfidf__reduce,tfidf,0.0
smishing,reduce fat,tfidf__reduce fat,tfidf,0.0
smishing,ref 9307622,tfidf__ref 9307622,tfidf,0.0
smishing,refer,tfidf__refer,tfidf,0.0
smishing,refer pg,tfidf__refer pg,tfidf,0.0
smishing,regard renewing,tfidf__regard renewing,tfidf,0.0
smishing,registered optin,tfidf__registered optin,tfidf,0.0
smishing,registration process,tfidf__registration process,tfidf,0.0
smishing,registry,tfidf__registry,tfidf,0.0
smishing,registry rs,tfidf__registry rs,tfidf,0.0
smishing,regn,tfidf__regn,tfidf,0.0
smishing,regn ok,tfidf__regn ok,tfidf,0.0
smishing,regret,tfidf__regret,tfidf,0.0
smishing,released,tfidf__released,tfidf,0.0
smishing,remember,tfidf__remember,tfidf,0.0
smishing,reminder o2,tfidf__reminder o2,tfidf,0.0
smishing,renewing,tfidf__renewing,tfidf,0.0
smishing,rental 12,tfidf__rental 12,tfidf,0.0
smishing,reply claim,tfidf__reply claim,tfidf,0.0
smishing,reply end,tfidf__reply end,tfidf,0.0
smishing,reply free,tfidf__reply free,tfidf,0.0
smishing,reply lotr,tfidf__reply lotr,tfidf,0.0
smishing,reply message,tfidf__reply message,tfidf,0.0
smishing,reply oncall,tfidf__reply oncall,tfidf,0.0
smishing,reply pix,tfidf__reply pix,tfidf,0.0
smishing,reply post,tfidf__reply post,tfidf,0.0
smishing,reply sing,tfidf__reply sing,tfidf,0.0
smishing,reply sony,tfidf__reply sony,tfidf,0.0
smishing,reply summer,tfidf__reply summer,tfidf,0.0
smishing,reply themob,tfidf__reply themob,tfidf,0.0
smishing,reply tones2u,tfidf__reply tones2u,tfidf,0.0
smishing,reply yell,tfidf__reply yell,tfidf,0.0
smishing,replys150,tfidf__replys150,tfidf,0.0
smishing,representative freephone,tfidf__representative freephone,tfidf,0.0
smishing,request expiry,tfidf__request expiry,tfidf,0.0
smishing,require,tfidf__require,tfidf,0.0
smishing,residency,tfidf__residency,tfidf,0.0
smishing,residency sec,tfidf__residency sec,tfidf,0.0
smishing,resubmit,tfidf__resubmit,tfidf,0.0
smishing,resubmit request,tfidf__resubmit request,tfidf,0.0
smishing,results,tfidf__results,tfidf,0.0
smishing,results daily,tfidf__results daily,tfidf,0.0
smishing,retrieve,tfidf__retrieve,tfidf,0.0
smishing,retrieve messages,tfidf__retrieve messages,tfidf,0.0
smishing,return,tfidf__return,tfidf,0.0
smishing,return commercial,tfidf__return commercial,tfidf,0.0
smishing,return contact,tfidf__return contact,tfidf,0.0
smishing,return king,tfidf__return king,tfidf,0.0
smishing,return ravana,tfidf__return ravana,tfidf,0.0
smishing,return service,tfidf__return service,tfidf,0.0
smishing,return vat,tfidf__return vat,tfidf,0.0
smishing,reveal consider,tfidf__reveal consider,tfidf,0.0
smishing,reward just,tfidf__reward just,tfidf,0.0
smishing,reward match,tfidf__reward match,tfidf,0.0
smishing,ridge,tfidf__ridge,tfidf,0.0
smishing,ridge residency,tfidf__ridge residency,tfidf,0.0
smishing,rigid,tfidf__rigid,tfidf,0.0
smishing,rigid force,tfidf__rigid force,tfidf,0.0
smishing,ring,tfidf__ring,tfidf,0.0
smishing,rings,tfidf__rings,tfidf,0.0
smishing,rings return,tfidf__rings return,tfidf,0.0
smishing,ringtone colour,tfidf__ringtone colour,tfidf,0.0
smishing,ringtones,tfidf__ringtones,tfidf,0.0
smishing,ringtones games,tfidf__ringtones games,tfidf,0.0
smishing,ripped,tfidf__ripped,tfidf,0.0
smishing,rite,tfidf__rite,tfidf,0.0
smishing,rodds1,tfidf__rodds1,tfidf,0.0
smishing,rodds1 21,tfidf__rodds1 21,tfidf,0.0
smishing,rodger,tfidf__rodger,tfidf,0.0
smishing,round,tfidf__round,tfidf,0.0
smishing,row w1jhl,tfidf__row w1jhl,tfidf,0.0
smishing,rply chat,tfidf__rply chat,tfidf,0.0
smishing,rply tone,tfidf__rply tone,tfidf,0.0
smishing,rs 10,tfidf__rs 10,tfidf,0.0
smishing,rs 150,tfidf__rs 150,tfidf,0.0
smishing,rs 250,tfidf__rs 250,tfidf,0.0
smishing,rs 4399,tfidf__rs 4399,tfidf,0.0
smishing,rs threshold,tfidf__rs threshold,tfidf,0.0
smishing,rs50,tfidf__rs50,tfidf,0.0
smishing,rs50 extra,tfidf__rs50 extra,tfidf,0.0
smishing,rs650,tfidf__rs650,tfidf,0.0
smishing,rs650 vibration,tfidf__rs650 vibration,tfidf,0.0
smishing,rs999,tfidf__rs999,tfidf,0.0
smishing,rs999 ncr,tfidf__rs999 ncr,tfidf,0.0
smishing,rstm,tfidf__rstm,tfidf,0.0
smishing,rstm sw7,tfidf__rstm sw7,tfidf,0.0
smishing,sae box326,tfidf__sae box326,tfidf,0.0
smishing,sale,tfidf__sale,tfidf,0.0
smishing,sale arsenal,tfidf__sale arsenal,tfidf,0.0
smishing,sale haridwar,tfidf__sale haridwar,tfidf,0.0
smishing,santa,tfidf__santa,tfidf,0.0
smishing,santa calling,tfidf__santa calling,tfidf,0.0
smishing,santa xmas,tfidf__santa xmas,tfidf,0.0
smishing,sanya,tfidf__sanya,tfidf,0.0
smishing,sanya 0km,tfidf__sanya 0km,tfidf,0.0
smishing,satisfy,tfidf__satisfy,tfidf,0.0
smishing,sauna,tfidf__sauna,tfidf,0.0
smishing,sauna belt,tfidf__sauna belt,tfidf,0.0
smishing,sauna slim,tfidf__sauna slim,tfidf,0.0
smishing,savamob offers,tfidf__savamob offers,tfidf,0.0
smishing,save activ8,tfidf__save activ8,tfidf,0.0
smishing,sawan,tfidf__sawan,tfidf,0.0
smishing,sawan ki,tfidf__sawan ki,tfidf,0.0
smishing,say hi,tfidf__say hi,tfidf,0.0
smishing,scores,tfidf__scores,tfidf,0.0
smishing,scores simple,tfidf__scores simple,tfidf,0.0
smishing,sdm,tfidf__sdm,tfidf,0.0
smishing,season,tfidf__season,tfidf,0.0
smishing,season 2wks,tfidf__season 2wks,tfidf,0.0
smishing,sec 135,tfidf__sec 135,tfidf,0.0
smishing,sec 15,tfidf__sec 15,tfidf,0.0
smishing,sec 70,tfidf__sec 70,tfidf,0.0
smishing,sec 93,tfidf__sec 93,tfidf,0.0
smishing,second,tfidf__second,tfidf,0.0
smishing,secure mobile,tfidf__secure mobile,tfidf,0.0
smishing,secure theft,tfidf__secure theft,tfidf,0.0
smishing,security,tfidf__security,tfidf,0.0
smishing,security deposit,tfidf__security deposit,tfidf,0.0
smishing,security details,tfidf__security details,tfidf,0.0
smishing,security download,tfidf__security download,tfidf,0.0
smishing,seeds,tfidf__seeds,tfidf,0.0
smishing,seeds worth,tfidf__seeds worth,tfidf,0.0
smishing,selected 350,tfidf__selected 350,tfidf,0.0
smishing,selected incur,tfidf__selected incur,tfidf,0.0
smishing,selection,tfidf__selection,tfidf,0.0
smishing,selection content,tfidf__selection content,tfidf,0.0
smishing,selection summer,tfidf__selection summer,tfidf,0.0
smishing,self,tfidf__self,tfidf,0.0
smishing,self address,tfidf__self address,tfidf,0.0
smishing,send 50,tfidf__send 50,tfidf,0.0
smishing,send hide,tfidf__send hide,tfidf,0.0
smishing,send word,tfidf__send word,tfidf,0.0
smishing,sending,tfidf__sending,tfidf,0.0
smishing,sept,tfidf__sept,tfidf,0.0
smishing,server,tfidf__server,tfidf,0.0
smishing,service cal,tfidf__service cal,tfidf,0.0
smishing,service code,tfidf__service code,tfidf,0.0
smishing,service passport,tfidf__service passport,tfidf,0.0
smishing,service tax,tfidf__service tax,tfidf,0.0
smishing,service uk,tfidf__service uk,tfidf,0.0
smishing,service vu,tfidf__service vu,tfidf,0.0
smishing,settings reply,tfidf__settings reply,tfidf,0.0
smishing,sexy singles,tfidf__sexy singles,tfidf,0.0
smishing,shall,tfidf__shall,tfidf,0.0
smishing,share wid,tfidf__share wid,tfidf,0.0
smishing,she's,tfidf__she's,tfidf,0.0
smishing,shops,tfidf__shops,tfidf,0.0
smishing,shops market,tfidf__shops market,tfidf,0.0
smishing,shortcode,tfidf__shortcode,tfidf,0.0
smishing,shortcode urltoken,tfidf__shortcode urltoken,tfidf,0.0
smishing,shot,tfidf__shot,tfidf,0.0
smishing,shot yards,tfidf__shot yards,tfidf,0.0
smishing,shows won,tfidf__shows won,tfidf,0.0
smishing,shrilly,tfidf__shrilly,tfidf,0.0
smishing,shrilly ad,tfidf__shrilly ad,tfidf,0.0
smishing,simple,tfidf__simple,tfidf,0.0
smishing,simple shot,tfidf__simple shot,tfidf,0.0
smishing,simpsons,tfidf__simpsons,tfidf,0.0
smishing,simpsons movie,tfidf__simpsons movie,tfidf,0.0
smishing,singles,tfidf__singles,tfidf,0.0
smishing,singles yr,tfidf__singles yr,tfidf,0.0
smishing,sis,tfidf__sis,tfidf,0.0
smishing,sk3,tfidf__sk3,tfidf,0.0
smishing,sk3 8wp,tfidf__sk3 8wp,tfidf,0.0
smishing,skilgme,tfidf__skilgme,tfidf,0.0
smishing,skillgame,tfidf__skillgame,tfidf,0.0
smishing,skillgame 1winaweek,tfidf__skillgame 1winaweek,tfidf,0.0
smishing,sleep,tfidf__sleep,tfidf,0.0
smishing,slim,tfidf__slim,tfidf,0.0
smishing,slim belt,tfidf__slim belt,tfidf,0.0
smishing,smile,tfidf__smile,tfidf,0.0
smishing,smoke,tfidf__smoke,tfidf,0.0
smishing,sms 3g,tfidf__sms 3g,tfidf,0.0
smishing,sms free,tfidf__sms free,tfidf,0.0
smishing,sms messages,tfidf__sms messages,tfidf,0.0
smishing,sms video,tfidf__sms video,tfidf,0.0
smishing,sms ynd,tfidf__sms ynd,tfidf,0.0
smishing,smsservices,tfidf__smsservices,tfidf,0.0
smishing,smsservices yourinclusive,tfidf__smsservices yourinclusive,tfidf,0.0
smishing,smth,tfidf__smth,tfidf,0.0
smishing,sn,tfidf__sn,tfidf,0.0
smishing,snap,tfidf__snap,tfidf,0.0
smishing,song,tfidf__song,tfidf,0.0
smishing,song ur,tfidf__song ur,tfidf,0.0
smishing,songs,tfidf__songs,tfidf,0.0
smishing,songs www,tfidf__songs www,tfidf,0.0
smishing,sony mre,tfidf__sony mre,tfidf,0.0
smishing,sony nokia,tfidf__sony nokia,tfidf,0.0
smishing,sonyericsson,tfidf__sonyericsson,tfidf,0.0
smishing,sonyericsson nokia,tfidf__sonyericsson nokia,tfidf,0.0
smishing,sonyericsson tooth,tfidf__sonyericsson tooth,tfidf,0.0
smishing,soon agni,tfidf__soon agni,tfidf,0.0
smishing,sorry i'll,tfidf__sorry i'll,tfidf,0.0
smishing,sorry unsubscribe,tfidf__sorry unsubscribe,tfidf,0.0
smishing,sound,tfidf__sound,tfidf,0.0
smishing,sound poly,tfidf__sound poly,tfidf,0.0
smishing,sounds,tfidf__sounds,tfidf,0.0
smishing,sounds just,tfidf__sounds just,tfidf,0.0
smishing,soundtrack,tfidf__soundtrack,tfidf,0.0
smishing,soundtrack cds,tfidf__soundtrack cds,tfidf,0.0
smishing,space aims,tfidf__space aims,tfidf,0.0
smishing,spaze,tfidf__spaze,tfidf,0.0
smishing,spaze privy,tfidf__spaze privy,tfidf,0.0
smishing,special cinema,tfidf__special cinema,tfidf,0.0
smishing,special won't,tfidf__special won't,tfidf,0.0
smishing,speedchat,tfidf__speedchat,tfidf,0.0
smishing,sports,tfidf__sports,tfidf,0.0
smishing,sports music,tfidf__sports music,tfidf,0.0
smishing,sppok,tfidf__sppok,tfidf,0.0
smishing,sppok ur,tfidf__sppok ur,tfidf,0.0
smishing,sptv,tfidf__sptv,tfidf,0.0
smishing,sptv new,tfidf__sptv new,tfidf,0.0
smishing,sqft,tfidf__sqft,tfidf,0.0
smishing,sqft phonetoken,tfidf__sqft phonetoken,tfidf,0.0
smishing,square,tfidf__square,tfidf,0.0
smishing,square golf,tfidf__square golf,tfidf,0.0
smishing,stamped,tfidf__stamped,tfidf,0.0
smishing,stamped self,tfidf__stamped self,tfidf,0.0
smishing,star,tfidf__star,tfidf,0.0
smishing,star hotels,tfidf__star hotels,tfidf,0.0
smishing,stars,tfidf__stars,tfidf,0.0
smishing,stars karaoke,tfidf__stars karaoke,tfidf,0.0
smishing,start film,tfidf__start film,tfidf,0.0
smishing,starwars3,tfidf__starwars3,tfidf,0.0
smishing,starwars3 free,tfidf__starwars3 free,tfidf,0.0
smishing,statement 078,tfidf__statement 078,tfidf,0.0
smishing,station sec,tfidf__station sec,tfidf,0.0
smishing,stay f1ve,tfidf__stay f1ve,tfidf,0.0
smishing,staying,tfidf__staying,tfidf,0.0
smishing,std chgs,tfidf__std chgs,tfidf,0.0
smishing,std text,tfidf__std text,tfidf,0.0
smishing,stdtxtrate,tfidf__stdtxtrate,tfidf,0.0
smishing,stdtxtrate reply,tfidf__stdtxtrate reply,tfidf,0.0
smishing,step,tfidf__step,tfidf,0.0
smishing,step service,tfidf__step service,tfidf,0.0
smishing,stock quotes,tfidf__stock quotes,tfidf,0.0
smishing,stop 62468,tfidf__stop 62468,tfidf,0.0
smishing,stop bootydelious,tfidf__stop bootydelious,tfidf,0.0
smishing,stop end,tfidf__stop end,tfidf,0.0
smishing,stop go2,tfidf__stop go2,tfidf,0.0
smishing,stop help08714742804,tfidf__stop help08714742804,tfidf,0.0
smishing,stop mix,tfidf__stop mix,tfidf,0.0
smishing,stop msg,tfidf__stop msg,tfidf,0.0
smishing,stop stopcost,tfidf__stop stopcost,tfidf,0.0
smishing,stop txts,tfidf__stop txts,tfidf,0.0
smishing,stopcost,tfidf__stopcost,tfidf,0.0
smishing,stopcost 150p,tfidf__stopcost 150p,tfidf,0.0
smishing,stopsms,tfidf__stopsms,tfidf,0.0
smishing,stopsms 08,tfidf__stopsms 08,tfidf,0.0
smishing,stopsms 08718727870150ppm,tfidf__stopsms 08718727870150ppm,tfidf,0.0
smishing,store 88039,tfidf__store 88039,tfidf,0.0
smishing,store download,tfidf__store download,tfidf,0.0
smishing,store reply,tfidf__store reply,tfidf,0.0
smishing,strong,tfidf__strong,tfidf,0.0
smishing,study,tfidf__study,tfidf,0.0
smishing,sub 16,tfidf__sub 16,tfidf,0.0
smishing,subscribe,tfidf__subscribe,tfidf,0.0
smishing,subscribe weekly,tfidf__subscribe weekly,tfidf,0.0
smishing,subscriber ur,tfidf__subscriber ur,tfidf,0.0
smishing,succeed 000,tfidf__succeed 000,tfidf,0.0
smishing,suggest,tfidf__suggest,tfidf,0.0
smishing,suite 373,tfidf__suite 373,tfidf,0.0
smishing,summer,tfidf__summer,tfidf,0.0
smishing,summer free,tfidf__summer free,tfidf,0.0
smishing,summers,tfidf__summers,tfidf,0.0
smishing,summers finally,tfidf__summers finally,tfidf,0.0
smishing,sun0819,tfidf__sun0819,tfidf,0.0
smishing,sun0819 posts,tfidf__sun0819 posts,tfidf,0.0
smishing,sunshine hols,tfidf__sunshine hols,tfidf,0.0
smishing,super,tfidf__super,tfidf,0.0
smishing,suprman,tfidf__suprman,tfidf,0.0
smishing,suprman matrix3,tfidf__suprman matrix3,tfidf,0.0
smishing,surprise look,tfidf__surprise look,tfidf,0.0
smishing,suspend,tfidf__suspend,tfidf,0.0
smishing,suspend pay,tfidf__suspend pay,tfidf,0.0
smishing,sw7,tfidf__sw7,tfidf,0.0
smishing,sw7 3ss,tfidf__sw7 3ss,tfidf,0.0
smishing,swat,tfidf__swat,tfidf,0.0
smishing,swat wkend,tfidf__swat wkend,tfidf,0.0
smishing,swayamvara,tfidf__swayamvara,tfidf,0.0
smishing,t0day's,tfidf__t0day's,tfidf,0.0
smishing,t0day's draw,tfidf__t0day's draw,tfidf,0.0
smishing,tag,tfidf__tag,tfidf,0.0
smishing,tag cost,tfidf__tag cost,tfidf,0.0
smishing,tap,tfidf__tap,tfidf,0.0
smishing,tax return,tfidf__tax return,tfidf,0.0
smishing,tb ok,tfidf__tb ok,tfidf,0.0
smishing,tcs,tfidf__tcs,tfidf,0.0
smishing,tcs sae,tfidf__tcs sae,tfidf,0.0
smishing,team india,tfidf__team india,tfidf,0.0
smishing,term,tfidf__term,tfidf,0.0
smishing,term 54,tfidf__term 54,tfidf,0.0
smishing,termsapply,tfidf__termsapply,tfidf,0.0
smishing,text banneduk,tfidf__text banneduk,tfidf,0.0
smishing,text free,tfidf__text free,tfidf,0.0
smishing,text mad1,tfidf__text mad1,tfidf,0.0
smishing,text mad2,tfidf__text mad2,tfidf,0.0
smishing,text new,tfidf__text new,tfidf,0.0
smishing,text ok,tfidf__text ok,tfidf,0.0
smishing,text pounds,tfidf__text pounds,tfidf,0.0
smishing,text rally,tfidf__text rally,tfidf,0.0
smishing,text store,tfidf__text store,tfidf,0.0
smishing,text tone,tfidf__text tone,tfidf,0.0
smishing,text urltoken,tfidf__text urltoken,tfidf,0.0
smishing,text valid,tfidf__text valid,tfidf,0.0
smishing,text wanna,tfidf__text wanna,tfidf,0.0
smishing,text wap,tfidf__text wap,tfidf,0.0
smishing,text word,tfidf__text word,tfidf,0.0
smishing,text you're,tfidf__text you're,tfidf,0.0
smishing,textand,tfidf__textand,tfidf,0.0
smishing,textand new,tfidf__textand new,tfidf,0.0
smishing,textpod,tfidf__textpod,tfidf,0.0
smishing,textpod chance,tfidf__textpod chance,tfidf,0.0
smishing,texts text,tfidf__texts text,tfidf,0.0
smishing,thank paytm,tfidf__thank paytm,tfidf,0.0
smishing,thanks good,tfidf__thanks good,tfidf,0.0
smishing,thanks purchase,tfidf__thanks purchase,tfidf,0.0
smishing,thanks vote,tfidf__thanks vote,tfidf,0.0
smishing,theft,tfidf__theft,tfidf,0.0
smishing,theft secure,tfidf__theft secure,tfidf,0.0
smishing,themob,tfidf__themob,tfidf,0.0
smishing,themob help,tfidf__themob help,tfidf,0.0
smishing,threshold,tfidf__threshold,tfidf,0.0
smishing,threshold rs,tfidf__threshold rs,tfidf,0.0
smishing,tickets phonetoken,tfidf__tickets phonetoken,tfidf,0.0
smishing,tid,tfidf__tid,tfidf,0.0
smishing,tid phonetoken,tfidf__tid phonetoken,tfidf,0.0
smishing,time calls1,tfidf__time calls1,tfidf,0.0
smishing,time i'm,tfidf__time i'm,tfidf,0.0
smishing,time wanna,tfidf__time wanna,tfidf,0.0
smishing,times,tfidf__times,tfidf,0.0
smishing,times universal,tfidf__times universal,tfidf,0.0
smishing,title,tfidf__title,tfidf,0.0
smishing,title 8007,tfidf__title 8007,tfidf,0.0
smishing,tnc,tfidf__tnc,tfidf,0.0
smishing,tnc urltoken,tfidf__tnc urltoken,tfidf,0.0
smishing,today homes,tfidf__today homes,tfidf,0.0
smishing,today's offer,tfidf__today's offer,tfidf,0.0
smishing,todays hindustan,tfidf__todays hindustan,tfidf,0.0
smishing,tomo,tfidf__tomo,tfidf,0.0
smishing,tomorrow 100,tfidf__tomorrow 100,tfidf,0.0
smishing,tone charity,tfidf__tone charity,tfidf,0.0
smishing,tone dracula,tfidf__tone dracula,tfidf,0.0
smishing,tone flag,tfidf__tone flag,tfidf,0.0
smishing,tone reply,tfidf__tone reply,tfidf,0.0
smishing,tone title,tfidf__tone title,tfidf,0.0
smishing,tones 4u,tfidf__tones 4u,tfidf,0.0
smishing,tones gossip,tfidf__tones gossip,tfidf,0.0
smishing,tones include,tfidf__tones include,tfidf,0.0
smishing,tones ready,tfidf__tones ready,tfidf,0.0
smishing,tones reply,tfidf__tones reply,tfidf,0.0
smishing,tones2u,tfidf__tones2u,tfidf,0.0
smishing,tones2u text,tfidf__tones2u text,tfidf,0.0
smishing,tonights,tfidf__tonights,tfidf,0.0
smishing,tonights game,tfidf__tonights game,tfidf,0.0
smishing,took,tfidf__took,tfidf,0.0
smishing,tooth,tfidf__tooth,tfidf,0.0
smishing,tooth free,tfidf__tooth free,tfidf,0.0
smishing,total,tfidf__total,tfidf,0.0
smishing,touch claim,tfidf__touch claim,tfidf,0.0
smishing,touch reply,tfidf__touch reply,tfidf,0.0
smishing,track,tfidf__track,tfidf,0.0
smishing,track portfolio,tfidf__track portfolio,tfidf,0.0
smishing,tracks,tfidf__tracks,tfidf,0.0
smishing,tracks nokia,tfidf__tracks nokia,tfidf,0.0
smishing,traders,tfidf__traders,tfidf,0.0
smishing,traders stockists,tfidf__traders stockists,tfidf,0.0
smishing,transmit,tfidf__transmit,tfidf,0.0
smishing,treat,tfidf__treat,tfidf,0.0
smishing,trebles,tfidf__trebles,tfidf,0.0
smishing,trial urltoken,tfidf__trial urltoken,tfidf,0.0
smishing,tried reply,tfidf__tried reply,tfidf,0.0
smishing,true pix,tfidf__true pix,tfidf,0.0
smishing,truly,tfidf__truly,tfidf,0.0
smishing,truly special,tfidf__truly special,tfidf,0.0
smishing,try today,tfidf__try today,tfidf,0.0
smishing,trying contact,tfidf__trying contact,tfidf,0.0
smishing,tscs08714740323,tfidf__tscs08714740323,tfidf,0.0
smishing,tscs08714740323 1winawk,tfidf__tscs08714740323 1winawk,tfidf,0.0
smishing,tulip,tfidf__tulip,tfidf,0.0
smishing,tulip lily,tfidf__tulip lily,tfidf,0.0
smishing,turn,tfidf__turn,tfidf,0.0
smishing,turn 20l,tfidf__turn 20l,tfidf,0.0
smishing,tv channels,tfidf__tv channels,tfidf,0.0
smishing,tv urltoken,tfidf__tv urltoken,tfidf,0.0
smishing,txt 84025,tfidf__txt 84025,tfidf,0.0
smishing,txt action,tfidf__txt action,tfidf,0.0
smishing,txt answer,tfidf__txt answer,tfidf,0.0
smishing,txt finish,tfidf__txt finish,tfidf,0.0
smishing,txt nok,tfidf__txt nok,tfidf,0.0
smishing,txt orange,tfidf__txt orange,tfidf,0.0
smishing,txt play,tfidf__txt play,tfidf,0.0
smishing,txt pod,tfidf__txt pod,tfidf,0.0
smishing,txt tone,tfidf__txt tone,tfidf,0.0
smishing,txts 6monthsavailable,tfidf__txts 6monthsavailable,tfidf,0.0
smishing,txts mobileupd8,tfidf__txts mobileupd8,tfidf,0.0
smishing,txts orange,tfidf__txts orange,tfidf,0.0
smishing,txtx,tfidf__txtx,tfidf,0.0
smishing,txtx stop,tfidf__txtx stop,tfidf,0.0
smishing,type,tfidf__type,tfidf,0.0
smishing,uk 10,tfidf__uk 10,tfidf,0.0
smishing,uk po,tfidf__uk po,tfidf,0.0
smishing,uk's fastest,tfidf__uk's fastest,tfidf,0.0
smishing,ululate,tfidf__ululate,tfidf,0.0
smishing,ululate mourn,tfidf__ululate mourn,tfidf,0.0
smishing,unauthorized,tfidf__unauthorized,tfidf,0.0
smishing,unauthorized person,tfidf__unauthorized person,tfidf,0.0
smishing,unitech,tfidf__unitech,tfidf,0.0
smishing,unitech offers,tfidf__unitech offers,tfidf,0.0
smishing,united,tfidf__united,tfidf,0.0
smishing,united kingdom,tfidf__united kingdom,tfidf,0.0
smishing,universal,tfidf__universal,tfidf,0.0
smishing,universal group,tfidf__universal group,tfidf,0.0
smishing,unloosen phonetoken,tfidf__unloosen phonetoken,tfidf,0.0
smishing,unsubscribe mob,tfidf__unsubscribe mob,tfidf,0.0
smishing,update or2stoptxt,tfidf__update or2stoptxt,tfidf,0.0
smishing,update unloosen,tfidf__update unloosen,tfidf,0.0
smishing,upgrade loyalty,tfidf__upgrade loyalty,tfidf,0.0
smishing,upgrdcentre,tfidf__upgrdcentre,tfidf,0.0
smishing,upgrdcentre orange,tfidf__upgrdcentre orange,tfidf,0.0
smishing,ur 250,tfidf__ur 250,tfidf,0.0
smishing,ur 350,tfidf__ur 350,tfidf,0.0
smishing,ur club,tfidf__ur club,tfidf,0.0
smishing,ur draw,tfidf__ur draw,tfidf,0.0
smishing,ur fone,tfidf__ur fone,tfidf,0.0
smishing,ur games,tfidf__ur games,tfidf,0.0
smishing,ur grant,tfidf__ur grant,tfidf,0.0
smishing,ur m8s,tfidf__ur m8s,tfidf,0.0
smishing,ur med,tfidf__ur med,tfidf,0.0
smishing,ur mins,tfidf__ur mins,tfidf,0.0
smishing,ur number,tfidf__ur number,tfidf,0.0
smishing,urgent 2nd,tfidf__urgent 2nd,tfidf,0.0
smishing,urgent costa,tfidf__urgent costa,tfidf,0.0
smishing,urgent exist,tfidf__urgent exist,tfidf,0.0
smishing,urgent message,tfidf__urgent message,tfidf,0.0
smishing,urgent trying,tfidf__urgent trying,tfidf,0.0
smishing,urgent ur,tfidf__urgent ur,tfidf,0.0
smishing,urltoken 150ppmmobilesvary,tfidf__urltoken 150ppmmobilesvary,tfidf,0.0
smishing,urltoken 18,tfidf__urltoken 18,tfidf,0.0
smishing,urltoken 220,tfidf__urltoken 220,tfidf,0.0
smishing,urltoken 50p,tfidf__urltoken 50p,tfidf,0.0
smishing,urltoken activate,tfidf__urltoken activate,tfidf,0.0
smishing,urltoken agni,tfidf__urltoken agni,tfidf,0.0
smishing,urltoken apply,tfidf__urltoken apply,tfidf,0.0
smishing,urltoken blackberry,tfidf__urltoken blackberry,tfidf,0.0
smishing,urltoken book,tfidf__urltoken book,tfidf,0.0
smishing,urltoken claim,tfidf__urltoken claim,tfidf,0.0
smishing,urltoken custcare,tfidf__urltoken custcare,tfidf,0.0
smishing,urltoken dear,tfidf__urltoken dear,tfidf,0.0
smishing,urltoken download,tfidf__urltoken download,tfidf,0.0
smishing,urltoken embody,tfidf__urltoken embody,tfidf,0.0
smishing,urltoken itcould,tfidf__urltoken itcould,tfidf,0.0
smishing,urltoken lots,tfidf__urltoken lots,tfidf,0.0
smishing,urltoken mobile,tfidf__urltoken mobile,tfidf,0.0
smishing,urltoken mymoby,tfidf__urltoken mymoby,tfidf,0.0
smishing,urltoken original,tfidf__urltoken original,tfidf,0.0
smishing,urltoken ph,tfidf__urltoken ph,tfidf,0.0
smishing,urltoken pobox36504w45wq,tfidf__urltoken pobox36504w45wq,tfidf,0.0
smishing,urltoken replys150,tfidf__urltoken replys150,tfidf,0.0
smishing,urltoken share,tfidf__urltoken share,tfidf,0.0
smishing,urltoken skillgame,tfidf__urltoken skillgame,tfidf,0.0
smishing,urltoken sms,tfidf__urltoken sms,tfidf,0.0
smishing,use sauna,tfidf__use sauna,tfidf,0.0
smishing,use web2mobile,tfidf__use web2mobile,tfidf,0.0
smishing,used phonetoken,tfidf__used phonetoken,tfidf,0.0
smishing,using,tfidf__using,tfidf,0.0
smishing,valid 12hours,tfidf__valid 12hours,tfidf,0.0
smishing,valid house,tfidf__valid house,tfidf,0.0
smishing,valued inr,tfidf__valued inr,tfidf,0.0
smishing,vary,tfidf__vary,tfidf,0.0
smishing,vary mobiles,tfidf__vary mobiles,tfidf,0.0
smishing,vary service,tfidf__vary service,tfidf,0.0
smishing,vat,tfidf__vat,tfidf,0.0
smishing,vat return,tfidf__vat return,tfidf,0.0
smishing,vibration,tfidf__vibration,tfidf,0.0
smishing,vibration belt,tfidf__vibration belt,tfidf,0.0
smishing,vibration sauna,tfidf__vibration sauna,tfidf,0.0
smishing,video camera,tfidf__video camera,tfidf,0.0
smishing,video clip,tfidf__video clip,tfidf,0.0
smishing,video mmsto,tfidf__video mmsto,tfidf,0.0
smishing,video mobile,tfidf__video mobile,tfidf,0.0
smishing,video phone750,tfidf__video phone750,tfidf,0.0
smishing,videos urltoken,tfidf__videos urltoken,tfidf,0.0
smishing,viha,tfidf__viha,tfidf,0.0
smishing,villa,tfidf__villa,tfidf,0.0
smishing,villa 87077,tfidf__villa 87077,tfidf,0.0
smishing,village,tfidf__village,tfidf,0.0
smishing,village 83118,tfidf__village 83118,tfidf,0.0
smishing,violet,tfidf__violet,tfidf,0.0
smishing,violet tulip,tfidf__violet tulip,tfidf,0.0
smishing,vishal,tfidf__vishal,tfidf,0.0
smishing,vishal batra,tfidf__vishal batra,tfidf,0.0
smishing,voicemail,tfidf__voicemail,tfidf,0.0
smishing,voicemail phonetoken,tfidf__voicemail phonetoken,tfidf,0.0
smishing,vote,tfidf__vote,tfidf,0.0
smishing,voucher entered,tfidf__voucher entered,tfidf,0.0
smishing,voucher phonetoken,tfidf__voucher phonetoken,tfidf,0.0
smishing,vouchers text,tfidf__vouchers text,tfidf,0.0
smishing,vouchers won,tfidf__vouchers won,tfidf,0.0
smishing,vs netherlands,tfidf__vs netherlands,tfidf,0.0
smishing,vu,tfidf__vu,tfidf,0.0
smishing,vu bcm1896wc1n3xx,tfidf__vu bcm1896wc1n3xx,tfidf,0.0
smishing,w1j,tfidf__w1j,tfidf,0.0
smishing,w1j 6hl,tfidf__w1j 6hl,tfidf,0.0
smishing,w1jhl,tfidf__w1jhl,tfidf,0.0
smishing,w1jhl 16,tfidf__w1jhl 16,tfidf,0.0
smishing,w4,tfidf__w4,tfidf,0.0
smishing,w4 5wq,tfidf__w4 5wq,tfidf,0.0
smishing,w8in,tfidf__w8in,tfidf,0.0
smishing,w8in 4utxt,tfidf__w8in 4utxt,tfidf,0.0
smishing,waiting computer,tfidf__waiting computer,tfidf,0.0
smishing,wake,tfidf__wake,tfidf,0.0
smishing,walk,tfidf__walk,tfidf,0.0
smishing,wallet,tfidf__wallet,tfidf,0.0
smishing,wan2 win,tfidf__wan2 win,tfidf,0.0
smishing,wanna chat,tfidf__wanna chat,tfidf,0.0
smishing,wanna cum,tfidf__wanna cum,tfidf,0.0
smishing,want 750,tfidf__want 750,tfidf,0.0
smishing,want funk,tfidf__want funk,tfidf,0.0
smishing,want xmas,tfidf__want xmas,tfidf,0.0
smishing,wap 82468,tfidf__wap 82468,tfidf,0.0
smishing,warner,tfidf__warner,tfidf,0.0
smishing,warner village,tfidf__warner village,tfidf,0.0
smishing,wat doing,tfidf__wat doing,tfidf,0.0
smishing,watch 90,tfidf__watch 90,tfidf,0.0
smishing,watch live,tfidf__watch live,tfidf,0.0
smishing,way today,tfidf__way today,tfidf,0.0
smishing,wc1n3xx,tfidf__wc1n3xx,tfidf,0.0
smishing,web2mobile,tfidf__web2mobile,tfidf,0.0
smishing,web2mobile ur,tfidf__web2mobile ur,tfidf,0.0
smishing,week 16,tfidf__week 16,tfidf,0.0
smishing,week entry,tfidf__week entry,tfidf,0.0
smishing,week initiate,tfidf__week initiate,tfidf,0.0
smishing,week phonetoken,tfidf__week phonetoken,tfidf,0.0
smishing,week's word,tfidf__week's word,tfidf,0.0
smishing,weekend urltoken,tfidf__weekend urltoken,tfidf,0.0
smishing,weekend's,tfidf__weekend's,tfidf,0.0
smishing,weekly 2006,tfidf__weekly 2006,tfidf,0.0
smishing,weekly comp,tfidf__weekly comp,tfidf,0.0
smishing,weekly competition,tfidf__weekly competition,tfidf,0.0
smishing,weekly cool,tfidf__weekly cool,tfidf,0.0
smishing,weekly new,tfidf__weekly new,tfidf,0.0
smishing,weeks completely,tfidf__weeks completely,tfidf,0.0
smishing,weeks new,tfidf__weeks new,tfidf,0.0
smishing,weeks pls,tfidf__weeks pls,tfidf,0.0
smishing,weeks prize,tfidf__weeks prize,tfidf,0.0
smishing,welcome weekend,tfidf__welcome weekend,tfidf,0.0
smishing,what's,tfidf__what's,tfidf,0.0
smishing,whats no1,tfidf__whats no1,tfidf,0.0
smishing,wicklow,tfidf__wicklow,tfidf,0.0
smishing,wicklow eire,tfidf__wicklow eire,tfidf,0.0
smishing,wid frnd,tfidf__wid frnd,tfidf,0.0
smishing,wid ur,tfidf__wid ur,tfidf,0.0
smishing,win 200,tfidf__win 200,tfidf,0.0
smishing,win 40gb,tfidf__win 40gb,tfidf,0.0
smishing,win 80086,tfidf__win 80086,tfidf,0.0
smishing,win ipad,tfidf__win ipad,tfidf,0.0
smishing,win lotr,tfidf__win lotr,tfidf,0.0
smishing,win meet,tfidf__win meet,tfidf,0.0
smishing,win tickets,tfidf__win tickets,tfidf,0.0
smishing,wings,tfidf__wings,tfidf,0.0
smishing,winner ave,tfidf__winner ave,tfidf,0.0
smishing,winner specially,tfidf__winner specially,tfidf,0.0
smishing,wiv,tfidf__wiv,tfidf,0.0
smishing,wk box139,tfidf__wk box139,tfidf,0.0
smishing,wkend,tfidf__wkend,tfidf,0.0
smishing,wkend warner,tfidf__wkend warner,tfidf,0.0
smishing,won 1450,tfidf__won 1450,tfidf,0.0
smishing,won play,tfidf__won play,tfidf,0.0
smishing,won't,tfidf__won't,tfidf,0.0
smishing,word enter,tfidf__word enter,tfidf,0.0
smishing,word i'd,tfidf__word i'd,tfidf,0.0
smishing,word win,tfidf__word win,tfidf,0.0
smishing,words,tfidf__words,tfidf,0.0
smishing,world cup,tfidf__world cup,tfidf,0.0
smishing,wow just,tfidf__wow just,tfidf,0.0
smishing,wrc,tfidf__wrc,tfidf,0.0
smishing,wrc rally,tfidf__wrc rally,tfidf,0.0
smishing,www,tfidf__www,tfidf,0.0
smishing,www music,tfidf__www music,tfidf,0.0
smishing,x29,tfidf__x29,tfidf,0.0
smishing,x29 mobile,tfidf__x29 mobile,tfidf,0.0
smishing,xmas eve,tfidf__xmas eve,tfidf,0.0
smishing,xmas iscoming,tfidf__xmas iscoming,tfidf,0.0
smishing,xmas offer,tfidf__xmas offer,tfidf,0.0
smishing,xmas prize,tfidf__xmas prize,tfidf,0.0
smishing,xmas reward,tfidf__xmas reward,tfidf,0.0
smishing,xmas tones,tfidf__xmas tones,tfidf,0.0
smishing,xx calls,tfidf__xx calls,tfidf,0.0
smishing,xxsp,tfidf__xxsp,tfidf,0.0
smishing,xxsp urltoken,tfidf__xxsp urltoken,tfidf,0.0
smishing,xxx std,tfidf__xxx std,tfidf,0.0
smishing,xxxx,tfidf__xxxx,tfidf,0.0
smishing,xxxx selected,tfidf__xxxx selected,tfidf,0.0
smishing,yards,tfidf__yards,tfidf,0.0
smishing,yards pass,tfidf__yards pass,tfidf,0.0
smishing,year special,tfidf__year special,tfidf,0.0
smishing,yell customer,tfidf__yell customer,tfidf,0.0
smishing,yer,tfidf__yer,tfidf,0.0
smishing,yer mobile,tfidf__yer mobile,tfidf,0.0
smishing,yes 440,tfidf__yes 440,tfidf,0.0
smishing,yes msg,tfidf__yes msg,tfidf,0.0
smishing,yhl,tfidf__yhl,tfidf,0.0
smishing,yield,tfidf__yield,tfidf,0.0
smishing,ynd,tfidf__ynd,tfidf,0.0
smishing,ynd 53030,tfidf__ynd 53030,tfidf,0.0
smishing,yo,tfidf__yo,tfidf,0.0
smishing,yoko,tfidf__yoko,tfidf,0.0
smishing,yoko phonetoken,tfidf__yoko phonetoken,tfidf,0.0
smishing,you've won,tfidf__you've won,tfidf,0.0
smishing,yourinclusive,tfidf__yourinclusive,tfidf,0.0
smishing,yourinclusive text,tfidf__yourinclusive text,tfidf,0.0
smishing,yr area,tfidf__yr area,tfidf,0.0
smishing,yr prize,tfidf__yr prize,tfidf,0.0
smishing,yrs free,tfidf__yrs free,tfidf,0.0
smishing,zed phonetoken,tfidf__zed phonetoken,tfidf,0.0
spam,phone_count,numeric__phone_count,structured,0.4793922193725866
spam,PHONE,numeric__PHONE,structured,0.20115083250969715
spam,url_count,numeric__url_count,structured,0.16162936462325628
spam,urltoken,tfidf__urltoken,tfidf,0.09580133948735689
spam,txt,tfidf__txt,tfidf,0.07416676151415501
spam,URL,numeric__URL,structured,0.050368123108787966
spam,stop,tfidf__stop,tfidf,0.04412188641086708
spam,claim,tfidf__claim,tfidf,0.03511205067669499
spam,free,tfidf__free,tfidf,0.03303500762359381
spam,text,tfidf__text,tfidf,0.03195162988644537
spam,i'm,tfidf__i'm,tfidf,0.03138387863360184
spam,ok,tfidf__ok,tfidf,0.02834203186385689
spam,phonetoken,tfidf__phonetoken,tfidf,0.027743414067738118
spam,tone,tfidf__tone,tfidf,0.027678303716814453
spam,prize,tfidf__prize,tfidf,0.02657241972843141
spam,ringtone,tfidf__ringtone,tfidf,0.025500068000031954
spam,tones,tfidf__tones,tfidf,0.02531894073960458
spam,contact,tfidf__contact,tfidf,0.022695735681560112
spam,customer,tfidf__customer,tfidf,0.022434772025416317
spam,mobile,tfidf__mobile,tfidf,0.020110843719514746
spam,150p,tfidf__150p,tfidf,0.01874316052703514
spam,50,tfidf__50,tfidf,0.018687790639048834
spam,reply,tfidf__reply,tfidf,0.0186800272022876
spam,latest,tfidf__latest,tfidf,0.018492146311441738
spam,nokia,tfidf__nokia,tfidf,0.01777889445709583
spam,embody,tfidf__embody,tfidf,0.01744712441591974
spam,know,tfidf__know,tfidf,0.015611984227179796
spam,bring,tfidf__bring,tfidf,0.015139542748984729
spam,phone,tfidf__phone,tfidf,0.014977336835119698
spam,help,tfidf__help,tfidf,0.014628382779852326
spam,sms,tfidf__sms,tfidf,0.014482105002095045
spam,EMAIL,numeric__EMAIL,structured,0.014404982102221927
spam,email_count,numeric__email_count,structured,0.014404982102221927
spam,freemsg,tfidf__freemsg,tfidf,0.014221887537731435
spam,going,tfidf__going,tfidf,0.013984784410378568
spam,msg,tfidf__msg,tfidf,0.013735096293305948
spam,exist,tfidf__exist,tfidf,0.013616612113713103
spam,unsubscribe,tfidf__unsubscribe,tfidf,0.013092076497695749
spam,news,tfidf__news,tfidf,0.012798921475433902
spam,service,tfidf__service,tfidf,0.01267246052096001
spam,dear,tfidf__dear,tfidf,0.012441686949016326
spam,win,tfidf__win,tfidf,0.012350658856657223
spam,want,tfidf__want,tfidf,0.011605981956571922
spam,live,tfidf__live,tfidf,0.011262637167317483
spam,18,tfidf__18,tfidf,0.01100995967526626
spam,care,tfidf__care,tfidf,0.010912501125692866
spam,games,tfidf__games,tfidf,0.01080745899931595
spam,1st,tfidf__1st,tfidf,0.010568439762881056
spam,i'll,tfidf__i'll,tfidf,0.01038661666796418
spam,won,tfidf__won,tfidf,0.00988873659874629
spam,happy,tfidf__happy,tfidf,0.009484909591861455
spam,wish,tfidf__wish,tfidf,0.009286938854831391
spam,think,tfidf__think,tfidf,0.009248136340022726
spam,thanks,tfidf__thanks,tfidf,0.009069225150565135
spam,week,tfidf__week,tfidf,0.008985370228858413
spam,send,tfidf__send,tfidf,0.008920931993179887
spam,ingest,tfidf__ingest,tfidf,0.008346330541643264
spam,new,tfidf__new,tfidf,0.008181752653023053
spam,texts,tfidf__texts,tfidf,0.008032051056244771
spam,home,tfidf__home,tfidf,0.008015942646137534
spam,game,tfidf__game,tfidf,0.007973184252984718
spam,don't,tfidf__don't,tfidf,0.007910257955341516
spam,message,tfidf__message,tfidf,0.007841306959955415
spam,need,tfidf__need,tfidf,0.007834931152869387
spam,like,tfidf__like,tfidf,0.007702081132057913
spam,today,tfidf__today,tfidf,0.007651237332873067
spam,answer,tfidf__answer,tfidf,0.0075723488566672706
spam,oh,tfidf__oh,tfidf,0.007489762923336658
spam,let,tfidf__let,tfidf,0.0072369800686648235
spam,pics,tfidf__pics,tfidf,0.007197594412767491
spam,holiday,tfidf__holiday,tfidf,0.007144580026135211
spam,update,tfidf__update,tfidf,0.007004011045913664
spam,come,tfidf__come,tfidf,0.0069954087697922124
spam,000,tfidf__000,tfidf,0.006927479099487242
spam,urgent,tfidf__urgent,tfidf,0.006678179174791538
spam,love,tfidf__love,tfidf,0.006619828056708401
spam,good,tfidf__good,tfidf,0.0065941644352512626
spam,ready,tfidf__ready,tfidf,0.006588854155452952
spam,club,tfidf__club,tfidf,0.00651493268993734
spam,free phonetoken,tfidf__free phonetoken,tfidf,0.006445458345813516
spam,week just,tfidf__week just,tfidf,0.006376244252888918
spam,message phonetoken,tfidf__message phonetoken,tfidf,0.00631640376971476
spam,day,tfidf__day,tfidf,0.006248063059879759
spam,chat,tfidf__chat,tfidf,0.006227669987786576
spam,card,tfidf__card,tfidf,0.006222778856240487
spam,100,tfidf__100,tfidf,0.006191039982253522
spam,code,tfidf__code,tfidf,0.006160222975670566
spam,did,tfidf__did,tfidf,0.006153609770838715
spam,sky,tfidf__sky,tfidf,0.006150940014124503
spam,300,tfidf__300,tfidf,0.006088501989251577
spam,16,tfidf__16,tfidf,0.0060737322726151
spam,friend,tfidf__friend,tfidf,0.006057175000483796
spam,sorry,tfidf__sorry,tfidf,0.006050781405247013
spam,urltoken urltoken,tfidf__urltoken urltoken,tfidf,0.005995419411858732
spam,real,tfidf__real,tfidf,0.005959917371388499
spam,word,tfidf__word,tfidf,0.005952891726354521
spam,congratulations,tfidf__congratulations,tfidf,0.005947739683709524
spam,that's,tfidf__that's,tfidf,0.005871532237370221
spam,wk,tfidf__wk,tfidf,0.005858534774397596
spam,mins,tfidf__mins,tfidf,0.005813029634261149
spam,86688,tfidf__86688,tfidf,0.005792740743151613
spam,play,tfidf__play,tfidf,0.005698059852659941
spam,receive,tfidf__receive,tfidf,0.005668305103597095
spam,selected,tfidf__selected,tfidf,0.005528457648365639
spam,really,tfidf__really,tfidf,0.005502769110597694
spam,weekly,tfidf__weekly,tfidf,0.0054541868754499215
spam,experience,tfidf__experience,tfidf,0.005291978607068884
spam,speak,tfidf__speak,tfidf,0.005280355500099324
spam,latest news,tfidf__latest news,tfidf,0.005225940021692381
spam,paytm,tfidf__paytm,tfidf,0.005188646309261179
spam,chance,tfidf__chance,tfidf,0.005160363871379549
spam,delivery,tfidf__delivery,tfidf,0.005121827498982158
spam,book,tfidf__book,tfidf,0.005116819673909785
spam,landline,tfidf__landline,tfidf,0.005091053357058611
spam,hope,tfidf__hope,tfidf,0.005056205813353408
spam,price,tfidf__price,tfidf,0.005044875292872975
spam,poly,tfidf__poly,tfidf,0.005023642277003276
spam,guess,tfidf__guess,tfidf,0.00499494564541856
spam,time,tfidf__time,tfidf,0.004960454674431491
spam,new message,tfidf__new message,tfidf,0.004941811997249149
spam,bid,tfidf__bid,tfidf,0.004909035981358952
spam,finish,tfidf__finish,tfidf,0.004905092941365497
spam,can't,tfidf__can't,tfidf,0.004894158837487947
spam,lor,tfidf__lor,tfidf,0.004853922110494229
spam,brother,tfidf__brother,tfidf,0.004817374574821578
spam,thanx,tfidf__thanx,tfidf,0.004777435478027962
spam,collect,tfidf__collect,tfidf,0.00476834892922684
spam,girls,tfidf__girls,tfidf,0.0047433537793443595
spam,tonight,tfidf__tonight,tfidf,0.00472319052876051
spam,camera,tfidf__camera,tfidf,0.004675117274820138
spam,account,tfidf__account,tfidf,0.004663036912063469
spam,prize claim,tfidf__prize claim,tfidf,0.004560864209407886
spam,txt stop,tfidf__txt stop,tfidf,0.004557717872127084
spam,trying,tfidf__trying,tfidf,0.004548614719177069
spam,station,tfidf__station,tfidf,0.00453095477937242
spam,comp,tfidf__comp,tfidf,0.0045001174634470955
spam,double,tfidf__double,tfidf,0.004446587560212161
spam,award,tfidf__award,tfidf,0.004438994100963546
spam,content,tfidf__content,tfidf,0.004381730360014379
spam,suffice,tfidf__suffice,tfidf,0.004331735111627598
spam,yeah,tfidf__yeah,tfidf,0.004277561290952704
spam,looking,tfidf__looking,tfidf,0.00423783397032025
spam,help phonetoken,tfidf__help phonetoken,tfidf,0.004225368878014981
spam,order,tfidf__order,tfidf,0.004201163376306194
spam,apple,tfidf__apple,tfidf,0.004195720099409003
spam,150p msg,tfidf__150p msg,tfidf,0.004141920002080718
spam,winner,tfidf__winner,tfidf,0.004110584067184647
spam,noida,tfidf__noida,tfidf,0.004085524601109952
spam,10,tfidf__10,tfidf,0.004052530139597113
spam,1000,tfidf__1000,tfidf,0.0040413691898319734
spam,500,tfidf__500,tfidf,0.004040237519629035
spam,atm,tfidf__atm,tfidf,0.004018232420739198
spam,calls,tfidf__calls,tfidf,0.0040135436705805655
spam,mob,tfidf__mob,tfidf,0.003988698225301606
spam,bt,tfidf__bt,tfidf,0.00395586109125452
spam,2nd,tfidf__2nd,tfidf,0.0039034352861256993
spam,guaranteed,tfidf__guaranteed,tfidf,0.0038388482892325894
spam,http,tfidf__http,tfidf,0.003813412583303378
spam,camcorder,tfidf__camcorder,tfidf,0.0037700424165764503
spam,auction,tfidf__auction,tfidf,0.003713966891518567
spam,year,tfidf__year,tfidf,0.003670534023037193
spam,join,tfidf__join,tfidf,0.003664046774183709
spam,250,tfidf__250,tfidf,0.003644069139552071
spam,morning,tfidf__morning,tfidf,0.003630347598306565
spam,hmv,tfidf__hmv,tfidf,0.0035929623765955003
spam,okie,tfidf__okie,tfidf,0.0035712984543512195
spam,way,tfidf__way,tfidf,0.003533621593295101
spam,wot,tfidf__wot,tfidf,0.003504088654159167
spam,gurgaon,tfidf__gurgaon,tfidf,0.0034878390713604427
spam,video,tfidf__video,tfidf,0.0034723143011614424
spam,texts phonetoken,tfidf__texts phonetoken,tfidf,0.0034399327370875435
spam,entry,tfidf__entry,tfidf,0.0034297186053867043
spam,free ringtone,tfidf__free ringtone,tfidf,0.00340225522304375
spam,tell,tfidf__tell,tfidf,0.0033879027134475596
spam,shows,tfidf__shows,tfidf,0.0033670168770663926
spam,rate,tfidf__rate,tfidf,0.0033387469012776077
spam,days,tfidf__days,tfidf,0.0033253537923923775
spam,princess,tfidf__princess,tfidf,0.003319641687986345
spam,shortly,tfidf__shortly,tfidf,0.003304916941955545
spam,secret,tfidf__secret,tfidf,0.003271648958502951
spam,hey,tfidf__hey,tfidf,0.0032670212130055773
spam,tomorrow,tfidf__tomorrow,tfidf,0.003227911893202641
spam,10p min,tfidf__10p min,tfidf,0.0032064168676393377
spam,enjoy,tfidf__enjoy,tfidf,0.0031462681323973667
spam,dear customer,tfidf__dear customer,tfidf,0.0031423433275183494
spam,horny,tfidf__horny,tfidf,0.003128017454220837
spam,new video,tfidf__new video,tfidf,0.0031248959511401726
spam,xxx,tfidf__xxx,tfidf,0.003124075225301294
spam,admirer,tfidf__admirer,tfidf,0.003082751217833078
spam,reveal,tfidf__reveal,tfidf,0.003082751217833078
spam,secret admirer,tfidf__secret admirer,tfidf,0.003082751217833078
spam,special phonetoken,tfidf__special phonetoken,tfidf,0.003082751217833078
spam,points,tfidf__points,tfidf,0.0030744153208895125
spam,make,tfidf__make,tfidf,0.0030396199522556714
spam,awarded,tfidf__awarded,tfidf,0.0030309095743420236
spam,activate,tfidf__activate,tfidf,0.003022174369533796
spam,quiz,tfidf__quiz,tfidf,0.00300087507573153
spam,custcare,tfidf__custcare,tfidf,0.002995443078847596
spam,custcare phonetoken,tfidf__custcare phonetoken,tfidf,0.002995443078847596
spam,got,tfidf__got,tfidf,0.0029829789987143264
spam,email,tfidf__email,tfidf,0.0029809858909507873
spam,double mins,tfidf__double mins,tfidf,0.002976424946956137
spam,attempt,tfidf__attempt,tfidf,0.0029624820168691864
spam,food,tfidf__food,tfidf,0.002958561016732374
spam,wed,tfidf__wed,tfidf,0.0029421429522920968
spam,haha,tfidf__haha,tfidf,0.002916388007585685
spam,text stop,tfidf__text stop,tfidf,0.002898486619228969
spam,nite,tfidf__nite,tfidf,0.0028584603723486564
spam,valid,tfidf__valid,tfidf,0.002825367968616771
spam,stop texts,tfidf__stop texts,tfidf,0.0028051109061682754
spam,2000,tfidf__2000,tfidf,0.002785055607976578
spam,mr,tfidf__mr,tfidf,0.0027845506757025987
spam,750,tfidf__750,tfidf,0.0027829233215255983
spam,dont,tfidf__dont,tfidf,0.002780959320510557
spam,easy,tfidf__easy,tfidf,0.0027718860844621043
spam,download,tfidf__download,tfidf,0.002763824058203932
spam,grant,tfidf__grant,tfidf,0.0027460924380445584
spam,aight,tfidf__aight,tfidf,0.002731214670048523
spam,min 18,tfidf__min 18,tfidf,0.00271395002102537
spam,number,tfidf__number,tfidf,0.002683516166547077
spam,bt national,tfidf__bt national,tfidf,0.002666417390536631
spam,ur,tfidf__ur,tfidf,0.002659848892606323
spam,services,tfidf__services,tfidf,0.0026593199979113823
spam,videos,tfidf__videos,tfidf,0.0026320066107947144
spam,sure,tfidf__sure,tfidf,0.002606682031547436
spam,god,tfidf__god,tfidf,0.002585226905251049
spam,start,tfidf__start,tfidf,0.002584769394403731
spam,you're,tfidf__you're,tfidf,0.002574701268402867
spam,free texts,tfidf__free texts,tfidf,0.0025612596981382935
spam,8007,tfidf__8007,tfidf,0.002542473220959744
spam,numbers,tfidf__numbers,tfidf,0.0025402797754902565
spam,selected receive,tfidf__selected receive,tfidf,0.0025202269095036655
spam,operator claim,tfidf__operator claim,tfidf,0.002514486016876754
spam,good luck,tfidf__good luck,tfidf,0.0025005743972393245
spam,national rate,tfidf__national rate,tfidf,0.002498966042841966
spam,job,tfidf__job,tfidf,0.0024976973587307622
spam,til,tfidf__til,tfidf,0.00248488873003447
spam,don't floppy,tfidf__don't floppy,tfidf,0.002480888270664396
spam,floppy,tfidf__floppy,tfidf,0.002480888270664396
spam,floppy snappy,tfidf__floppy snappy,tfidf,0.002480888270664396
spam,service photo,tfidf__service photo,tfidf,0.002480888270664396
spam,road gurgaon,tfidf__road gurgaon,tfidf,0.0024798359868139085
spam,id,tfidf__id,tfidf,0.0024777358942892347
spam,wat,tfidf__wat,tfidf,0.002472158695486797
spam,meant,tfidf__meant,tfidf,0.0024715631311054034
spam,live operator,tfidf__live operator,tfidf,0.002466316488471152
spam,review,tfidf__review,tfidf,0.0024594823102312294
spam,right,tfidf__right,tfidf,0.0024566773295671375
spam,contact reveal,tfidf__contact reveal,tfidf,0.002447443885222408
spam,make contact,tfidf__make contact,tfidf,0.002447443885222408
spam,ur special,tfidf__ur special,tfidf,0.002447443885222408
spam,touch,tfidf__touch,tfidf,0.0024438073371567527
spam,revealed,tfidf__revealed,tfidf,0.0024433891560390144
spam,yesterday,tfidf__yesterday,tfidf,0.0024351021424450555
spam,feel,tfidf__feel,tfidf,0.002432403404052313
spam,send customer,tfidf__send customer,tfidf,0.0024228923304251836
spam,email emailtoken,tfidf__email emailtoken,tfidf,0.002406726693521483
spam,83600,tfidf__83600,tfidf,0.0023857760657058614
spam,ladies,tfidf__ladies,tfidf,0.002363817813221594
spam,sexy,tfidf__sexy,tfidf,0.0023589908633526056
spam,apply,tfidf__apply,tfidf,0.002349886757235129
spam,plan,tfidf__plan,tfidf,0.002345596079350942
spam,having,tfidf__having,tfidf,0.002337192979740946
spam,arrogate,tfidf__arrogate,tfidf,0.0023123139252805803
spam,just txt,tfidf__just txt,tfidf,0.0023089967594309094
spam,tone ur,tfidf__tone ur,tfidf,0.0023089967594309094
spam,yr,tfidf__yr,tfidf,0.0023089275146693897
spam,worry,tfidf__worry,tfidf,0.0023047140676276568
spam,welcome,tfidf__welcome,tfidf,0.0022968158525528107
spam,lol,tfidf__lol,tfidf,0.002285712515696969
spam,work,tfidf__work,tfidf,0.0022799262099589494
spam,comin,tfidf__comin,tfidf,0.0022676230116536133
spam,comes,tfidf__comes,tfidf,0.0022648685683161088
spam,balance,tfidf__balance,tfidf,0.002234966932588884
spam,emailtoken,tfidf__emailtoken,tfidf,0.0022203566442297895
spam,store,tfidf__store,tfidf,0.002192821852304558
spam,min,tfidf__min,tfidf,0.0021844750666313783
spam,date,tfidf__date,tfidf,0.0021726826386295737
spam,saturday,tfidf__saturday,tfidf,0.0021714756866952757
spam,bahamas,tfidf__bahamas,tfidf,0.002165838372720378
spam,send stop,tfidf__send stop,tfidf,0.002159901947793903
spam,dial,tfidf__dial,tfidf,0.0021561620686453477
spam,said,tfidf__said,tfidf,0.002153173804926736
spam,uk,tfidf__uk,tfidf,0.0021478759518685324
spam,luck,tfidf__luck,tfidf,0.002140832458967052
spam,upgrade,tfidf__upgrade,tfidf,0.0021404254598121394
spam,log,tfidf__log,tfidf,0.002130536141070822
spam,probably,tfidf__probably,tfidf,0.0021160809965774774
spam,money,tfidf__money,tfidf,0.002101347648565752
spam,world,tfidf__world,tfidf,0.0020968231129390676
spam,identifier,tfidf__identifier,tfidf,0.0020710579054785258
spam,identifier code,tfidf__identifier code,tfidf,0.0020710579054785258
spam,phonetoken identifier,tfidf__phonetoken identifier,tfidf,0.0020710579054785258
spam,pounds,tfidf__pounds,tfidf,0.0020687498205172695
spam,area,tfidf__area,tfidf,0.0020547483586120176
spam,police,tfidf__police,tfidf,0.0020538179416575955
spam,free camcorder,tfidf__free camcorder,tfidf,0.0020519833650637434
spam,fine,tfidf__fine,tfidf,0.0020422941258670603
spam,anytime,tfidf__anytime,tfidf,0.002041874170958177
spam,wait,tfidf__wait,tfidf,0.002036147247362262
spam,online,tfidf__online,tfidf,0.0020351922052927623
spam,filthy,tfidf__filthy,tfidf,0.0020349414955565088
spam,speak live,tfidf__speak live,tfidf,0.002029194573181418
spam,little,tfidf__little,tfidf,0.0020290717436941756
spam,true,tfidf__true,tfidf,0.002024273364001661
spam,phones,tfidf__phones,tfidf,0.002020485339799493
spam,weekend calls,tfidf__weekend calls,tfidf,0.00199124988912184
spam,account statement,tfidf__account statement,tfidf,0.001985851315701077
spam,match,tfidf__match,tfidf,0.0019799249130110328
spam,50 msg,tfidf__50 msg,tfidf,0.001974834164061274
spam,phonetoken landline,tfidf__phonetoken landline,tfidf,0.001961613285839398
spam,info,tfidf__info,tfidf,0.001958317519988504
spam,services phonetoken,tfidf__services phonetoken,tfidf,0.0019250121530815655
spam,valued,tfidf__valued,tfidf,0.0019225265069424482
spam,opt,tfidf__opt,tfidf,0.0019165425015634711
spam,150,tfidf__150,tfidf,0.0019165032004276935
spam,81618,tfidf__81618,tfidf,0.00191074955621985
spam,subpoly,tfidf__subpoly,tfidf,0.00191074955621985
spam,subpoly 81618,tfidf__subpoly 81618,tfidf,0.00191074955621985
spam,thats,tfidf__thats,tfidf,0.0019024663041918276
spam,sec,tfidf__sec,tfidf,0.0019000959202141174
spam,po,tfidf__po,tfidf,0.0018957221098027176
spam,1st week,tfidf__1st week,tfidf,0.0018952907152900355
spam,offering,tfidf__offering,tfidf,0.001892360010524728
spam,offering tones,tfidf__offering tones,tfidf,0.001892360010524728
spam,pound offering,tfidf__pound offering,tfidf,0.001892360010524728
spam,charged,tfidf__charged,tfidf,0.001892355025837121
spam,http urltoken,tfidf__http urltoken,tfidf,0.0018921781147485804
spam,auction send,tfidf__auction send,tfidf,0.0018752457052501699
spam,airtel,tfidf__airtel,tfidf,0.0018629505578491214
spam,00 000,tfidf__00 000,tfidf,0.0018615325048993415
spam,asked,tfidf__asked,tfidf,0.0018576595897251942
spam,ur cash,tfidf__ur cash,tfidf,0.001855477716101555
spam,lucky,tfidf__lucky,tfidf,0.001854192450037285
spam,jamster,tfidf__jamster,tfidf,0.0018535366362035738
spam,atm card,tfidf__atm card,tfidf,0.0018470443131304408
spam,rid,tfidf__rid,tfidf,0.001845455984236541
spam,25,tfidf__25,tfidf,0.0018355665376203348
spam,refused,tfidf__refused,tfidf,0.001832945759907103
spam,phone 750,tfidf__phone 750,tfidf,0.001823609868253797
spam,called,tfidf__called,tfidf,0.001821462337940772
spam,polyphonic,tfidf__polyphonic,tfidf,0.001815749635889853
spam,500 pounds,tfidf__500 pounds,tfidf,0.0018151184824202232
spam,straight,tfidf__straight,tfidf,0.0018070241157139605
spam,no1,tfidf__no1,tfidf,0.0018004782283318227
spam,line phonetoken,tfidf__line phonetoken,tfidf,0.0017965281971452191
spam,ringtone order,tfidf__ringtone order,tfidf,0.0017963189415749201
spam,emailtoken phonetoken,tfidf__emailtoken phonetoken,tfidf,0.001793042570565063
spam,ya,tfidf__ya,tfidf,0.0017829141429746961
spam,survive urltoken,tfidf__survive urltoken,tfidf,0.0017756961536984361
spam,04,tfidf__04,tfidf,0.0017617521741436026
spam,ur mob,tfidf__ur mob,tfidf,0.001758772133149397
spam,customer care,tfidf__customer care,tfidf,0.0017587552285935524
spam,life,tfidf__life,tfidf,0.0017517334743074686
spam,meet,tfidf__meet,tfidf,0.0017348128656328261
spam,possess,tfidf__possess,tfidf,0.0017331532017725668
spam,nights,tfidf__nights,tfidf,0.0017309932218149001
spam,alerts,tfidf__alerts,tfidf,0.0017298825098363772
spam,advance,tfidf__advance,tfidf,0.0017228106821283206
spam,look,tfidf__look,tfidf,0.0017126882077922213
spam,starts,tfidf__starts,tfidf,0.001704926772854163
spam,big,tfidf__big,tfidf,0.0017031335753979863
spam,reply real,tfidf__reply real,tfidf,0.0017030241854183604
spam,shop,tfidf__shop,tfidf,0.001696732245722948
spam,wallpaper,tfidf__wallpaper,tfidf,0.001696295094844733
spam,pay,tfidf__pay,tfidf,0.0016886809285601779
spam,statement,tfidf__statement,tfidf,0.0016800987649485239
spam,nokia tone,tfidf__nokia tone,tfidf,0.0016777239524705394
spam,phonetoken claim,tfidf__phonetoken claim,tfidf,0.001676400934935047
spam,wkly,tfidf__wkly,tfidf,0.0016762187024897503
spam,tried,tfidf__tried,tfidf,0.001675473108321572
spam,use,tfidf__use,tfidf,0.001671821286436279
spam,actually,tfidf__actually,tfidf,0.001664492812247683
spam,upload,tfidf__upload,tfidf,0.0016643344253316618
spam,end,tfidf__end,tfidf,0.0016614833617588985
spam,say,tfidf__say,tfidf,0.001660905596980135
spam,makes,tfidf__makes,tfidf,0.0016542462107245026
spam,internet,tfidf__internet,tfidf,0.00164039602709119
spam,congrats,tfidf__congrats,tfidf,0.0016399240413470196
spam,camcorder phonetoken,tfidf__camcorder phonetoken,tfidf,0.0016202230913804187
spam,saying,tfidf__saying,tfidf,0.0016184863435188919
spam,offers,tfidf__offers,tfidf,0.001613551646472426
spam,psf,tfidf__psf,tfidf,0.0016118711122007378
spam,went,tfidf__went,tfidf,0.0016011789357390184
spam,flights,tfidf__flights,tfidf,0.0016009651490933665
spam,250k,tfidf__250k,tfidf,0.0015945745676408608
spam,250k dream,tfidf__250k dream,tfidf,0.0015945745676408608
spam,88088,tfidf__88088,tfidf,0.0015945745676408608
spam,active,tfidf__active,tfidf,0.0015945745676408608
spam,dream team,tfidf__dream team,tfidf,0.0015945745676408608
spam,fantasy,tfidf__fantasy,tfidf,0.0015945745676408608
spam,fantasy football,tfidf__fantasy football,tfidf,0.0015945745676408608
spam,gamestar,tfidf__gamestar,tfidf,0.0015945745676408608
spam,gamestar sky,tfidf__gamestar sky,tfidf,0.0015945745676408608
spam,register,tfidf__register,tfidf,0.0015945745676408608
spam,register sky,tfidf__register sky,tfidf,0.0015945745676408608
spam,sky active,tfidf__sky active,tfidf,0.0015945745676408608
spam,we're,tfidf__we're,tfidf,0.0015855541470192439
spam,payment,tfidf__payment,tfidf,0.0015824398892143594
spam,month,tfidf__month,tfidf,0.0015804463594057397
spam,covid,tfidf__covid,tfidf,0.0015803400337669363
spam,covid 19,tfidf__covid 19,tfidf,0.0015803400337669363
spam,refund,tfidf__refund,tfidf,0.0015661816079742348
spam,soon,tfidf__soon,tfidf,0.001563292435194257
spam,charge,tfidf__charge,tfidf,0.0015588049487416913
spam,txts,tfidf__txts,tfidf,0.0015570568380084194
spam,family,tfidf__family,tfidf,0.001553561441778908
spam,cd,tfidf__cd,tfidf,0.0015422698295074263
spam,years,tfidf__years,tfidf,0.0015408515597294488
spam,missing,tfidf__missing,tfidf,0.001531449835614758
spam,2nd time,tfidf__2nd time,tfidf,0.0015288445413168404
spam,opt 88088,tfidf__opt 88088,tfidf,0.0015217870125957568
spam,sky opt,tfidf__sky opt,tfidf,0.0015217870125957568
spam,football,tfidf__football,tfidf,0.0015192369654244422
spam,starts saturday,tfidf__starts saturday,tfidf,0.0015138098163763971
spam,evening,tfidf__evening,tfidf,0.001513406597832499
spam,tenants,tfidf__tenants,tfidf,0.0015128356474652385
spam,tenants welcome,tfidf__tenants welcome,tfidf,0.0015128356474652385
spam,details,tfidf__details,tfidf,0.0015079338066096644
spam,told,tfidf__told,tfidf,0.0015054644444522116
spam,ph,tfidf__ph,tfidf,0.0015047058404992974
spam,doin,tfidf__doin,tfidf,0.0015045330323227028
spam,currently,tfidf__currently,tfidf,0.0014864499861047041
spam,messages,tfidf__messages,tfidf,0.0014820369475742761
spam,colour camera,tfidf__colour camera,tfidf,0.0014678123770675844
spam,road,tfidf__road,tfidf,0.0014661965854821405
spam,pic,tfidf__pic,tfidf,0.0014661910887238895
spam,motorola,tfidf__motorola,tfidf,0.0014660853884432303
spam,phonetoken 10p,tfidf__phonetoken 10p,tfidf,0.0014655445098008225
spam,support,tfidf__support,tfidf,0.0014652959546723459
spam,88888,tfidf__88888,tfidf,0.00146320379068186
spam,let know,tfidf__let know,tfidf,0.0014628986524532176
spam,activate customer,tfidf__activate customer,tfidf,0.0014610542764673942
spam,straight phone,tfidf__straight phone,tfidf,0.001443383610423674
spam,cs urltoken,tfidf__cs urltoken,tfidf,0.0014412329294028498
spam,special,tfidf__special,tfidf,0.0014401366106163653
spam,partner,tfidf__partner,tfidf,0.0014333726037887812
spam,december,tfidf__december,tfidf,0.001430016656224386
spam,mean,tfidf__mean,tfidf,0.0014261593299789938
spam,mobileupd8,tfidf__mobileupd8,tfidf,0.0014090558783478899
spam,fun,tfidf__fun,tfidf,0.0014020337060971473
spam,151,tfidf__151,tfidf,0.001401475608532129
spam,half,tfidf__half,tfidf,0.001398456708854013
spam,price rental,tfidf__price rental,tfidf,0.0013957977608422556
spam,vouchers,tfidf__vouchers,tfidf,0.0013842009107044142
spam,watching,tfidf__watching,tfidf,0.0013832482783683346
spam,min stop,tfidf__min stop,tfidf,0.0013696139754924106
spam,40,tfidf__40,tfidf,0.0013587003561310782
spam,150ppm,tfidf__150ppm,tfidf,0.0013563573811813936
spam,2003,tfidf__2003,tfidf,0.001354364171986643
spam,2003 account,tfidf__2003 account,tfidf,0.001354364171986643
spam,private 2003,tfidf__private 2003,tfidf,0.001354364171986643
spam,just text,tfidf__just text,tfidf,0.0013542438622117803
spam,150 worth,tfidf__150 worth,tfidf,0.001354040240933741
spam,ur 150,tfidf__ur 150,tfidf,0.001354040240933741
spam,car,tfidf__car,tfidf,0.001353387070100533
spam,750 pound,tfidf__750 pound,tfidf,0.0013533603526670016
spam,easy phonetoken,tfidf__easy phonetoken,tfidf,0.0013533603526670016
spam,pound prize,tfidf__pound prize,tfidf,0.0013533603526670016
spam,08704439680ts,tfidf__08704439680ts,tfidf,0.0013502400553859764
spam,08704439680ts cs,tfidf__08704439680ts cs,tfidf,0.0013502400553859764
spam,79,tfidf__79,tfidf,0.0013502400553859764
spam,79 book,tfidf__79 book,tfidf,0.0013502400553859764
spam,book year,tfidf__book year,tfidf,0.0013502400553859764
spam,flights 79,tfidf__flights 79,tfidf,0.0013502400553859764
spam,nights flights,tfidf__nights flights,tfidf,0.0013502400553859764
spam,paris nights,tfidf__paris nights,tfidf,0.0013502400553859764
spam,romantic paris,tfidf__romantic paris,tfidf,0.0013502400553859764
spam,year 08704439680ts,tfidf__year 08704439680ts,tfidf,0.0013502400553859764
spam,350,tfidf__350,tfidf,0.001347873098179568
spam,airtel live,tfidf__airtel live,tfidf,0.0013467855399581649
spam,just phonetoken,tfidf__just phonetoken,tfidf,0.0013451437182328198
spam,looking make,tfidf__looking make,tfidf,0.0013422005227970376
spam,lets,tfidf__lets,tfidf,0.001328964748454212
spam,txt ur,tfidf__txt ur,tfidf,0.0013262226557754638
spam,house,tfidf__house,tfidf,0.0013237299412821755
spam,want new,tfidf__want new,tfidf,0.0013234913977560666
spam,mins half,tfidf__mins half,tfidf,0.0013193960041936398
spam,romantic,tfidf__romantic,tfidf,0.0013193437247546523
spam,team,tfidf__team,tfidf,0.001317692592579976
spam,xxx pics,tfidf__xxx pics,tfidf,0.0013147358326240173
spam,gay chat,tfidf__gay chat,tfidf,0.0013076965331945453
spam,photo upload,tfidf__photo upload,tfidf,0.0013076965331945453
spam,upload phonetoken,tfidf__upload phonetoken,tfidf,0.0013076965331945453
spam,cash,tfidf__cash,tfidf,0.0013075321612194197
spam,tot,tfidf__tot,tfidf,0.0013038685780513075
spam,yes,tfidf__yes,tfidf,0.0013025542329893655
spam,dream,tfidf__dream,tfidf,0.001295432880699292
spam,great,tfidf__great,tfidf,0.0012948018580945617
spam,handset,tfidf__handset,tfidf,0.0012921750467711295
spam,promise,tfidf__promise,tfidf,0.001290390874006918
spam,credits,tfidf__credits,tfidf,0.001289039939889946
spam,chat 86688,tfidf__chat 86688,tfidf,0.001287951613336226
spam,loan,tfidf__loan,tfidf,0.0012849024268131353
spam,link,tfidf__link,tfidf,0.0012825094919729394
spam,cha,tfidf__cha,tfidf,0.0012815892889504017
spam,office,tfidf__office,tfidf,0.0012803762163068541
spam,hold,tfidf__hold,tfidf,0.0012746780555594006
spam,rental,tfidf__rental,tfidf,0.0012641266607946065
spam,weekend,tfidf__weekend,tfidf,0.001260488616562609
spam,wkly comp,tfidf__wkly comp,tfidf,0.0012597472132597062
spam,19,tfidf__19,tfidf,0.001258571428004559
spam,problem,tfidf__problem,tfidf,0.0012575171685088558
spam,150p min,tfidf__150p min,tfidf,0.0012531691546549338
spam,hours,tfidf__hours,tfidf,0.0012486248833416369
spam,kyc,tfidf__kyc,tfidf,0.0012481462276163686
spam,friendship,tfidf__friendship,tfidf,0.0012475056918133105
spam,minutes mobile,tfidf__minutes mobile,tfidf,0.001246406659232707
spam,mobile 100,tfidf__mobile 100,tfidf,0.001246406659232707
spam,pm,tfidf__pm,tfidf,0.0012386475192534233
spam,activated,tfidf__activated,tfidf,0.0012321807276383563
spam,calls phonetoken,tfidf__calls phonetoken,tfidf,0.0012307981982894176
spam,camera mobiles,tfidf__camera mobiles,tfidf,0.0012307981982894176
spam,free oranges,tfidf__free oranges,tfidf,0.0012307981982894176
spam,mobiles unlimited,tfidf__mobiles unlimited,tfidf,0.0012307981982894176
spam,oranges,tfidf__oranges,tfidf,0.0012307981982894176
spam,oranges latest,tfidf__oranges latest,tfidf,0.0012307981982894176
spam,unlimited weekend,tfidf__unlimited weekend,tfidf,0.0012307981982894176
spam,txt nokia,tfidf__txt nokia,tfidf,0.0012284255346375224
spam,unlimited,tfidf__unlimited,tfidf,0.0012264404518842586
spam,750 anytime,tfidf__750 anytime,tfidf,0.001220333112178295
spam,class,tfidf__class,tfidf,0.001218736055933798
spam,pound,tfidf__pound,tfidf,0.0012105509513126694
spam,free polyphonic,tfidf__free polyphonic,tfidf,0.0012077748151917676
spam,gr8,tfidf__gr8,tfidf,0.0012002405190136068
spam,points phonetoken,tfidf__points phonetoken,tfidf,0.001198336514953462
spam,orange tariffs,tfidf__orange tariffs,tfidf,0.0011971700641356393
spam,tariffs,tfidf__tariffs,tfidf,0.0011971700641356393
spam,select,tfidf__select,tfidf,0.0011950320070268016
spam,replying,tfidf__replying,tfidf,0.001194864406488164
spam,receive 1000,tfidf__receive 1000,tfidf,0.001192431859516527
spam,wan,tfidf__wan,tfidf,0.0011874361449054805
spam,000 prize,tfidf__000 prize,tfidf,0.0011766575041769925
spam,handset 750,tfidf__handset 750,tfidf,0.0011755194990991425
spam,video handset,tfidf__video handset,tfidf,0.0011755194990991425
spam,69698,tfidf__69698,tfidf,0.0011726983638622823
spam,1000 cash,tfidf__1000 cash,tfidf,0.0011694081191100912
spam,2005,tfidf__2005,tfidf,0.0011685659706534512
spam,just,tfidf__just,tfidf,0.001163263801835242
spam,lot,tfidf__lot,tfidf,0.0011624237700106686
spam,ur awarded,tfidf__ur awarded,tfidf,0.0011613363764803192
spam,redeemed,tfidf__redeemed,tfidf,0.0011576763726945886
spam,redeemed points,tfidf__redeemed points,tfidf,0.0011576763726945886
spam,1st tone,tfidf__1st tone,tfidf,0.0011567557065463893
spam,tone free,tfidf__tone free,tfidf,0.0011567557065463893
spam,help free,tfidf__help free,tfidf,0.0011493796026994716
spam,homeowners,tfidf__homeowners,tfidf,0.0011493796026994716
spam,homeowners tenants,tfidf__homeowners tenants,tfidf,0.0011493796026994716
spam,previously,tfidf__previously,tfidf,0.0011493796026994716
spam,previously refused,tfidf__previously refused,tfidf,0.0011493796026994716
spam,refused help,tfidf__refused help,tfidf,0.0011493796026994716
spam,fa,tfidf__fa,tfidf,0.0011470391277820548
spam,txt word,tfidf__txt word,tfidf,0.0011453688420507398
spam,offer,tfidf__offer,tfidf,0.0011397312983318505
spam,300 free,tfidf__300 free,tfidf,0.0011382539225523397
spam,deliveredtomorrow 300,tfidf__deliveredtomorrow 300,tfidf,0.0011382539225523397
spam,need help,tfidf__need help,tfidf,0.0011342241360793224
spam,mp3,tfidf__mp3,tfidf,0.0011327031805731089
spam,21st,tfidf__21st,tfidf,0.0011241204571990583
spam,colour,tfidf__colour,tfidf,0.0011240808294597894
spam,land line,tfidf__land line,tfidf,0.0011239161874794057
spam,todays,tfidf__todays,tfidf,0.0011218271357501558
spam,dvd,tfidf__dvd,tfidf,0.001118123197918345
spam,87077,tfidf__87077,tfidf,0.0011158209709801413
spam,logo,tfidf__logo,tfidf,0.0011154710562833832
spam,extra,tfidf__extra,tfidf,0.0011115528897597989
spam,access,tfidf__access,tfidf,0.0011113178010206252
spam,ringtone reply,tfidf__ringtone reply,tfidf,0.0011095736378937044
spam,tmr,tfidf__tmr,tfidf,0.0011062362216997903
spam,chance win,tfidf__chance win,tfidf,0.0010988878813781887
spam,update free,tfidf__update free,tfidf,0.0010988719675989027
spam,beautiful,tfidf__beautiful,tfidf,0.0010981698853634138
spam,claim code,tfidf__claim code,tfidf,0.0010973147547404818
spam,mobile number,tfidf__mobile number,tfidf,0.0010894356690296688
spam,eve,tfidf__eve,tfidf,0.0010871985219059255
spam,2000 cash,tfidf__2000 cash,tfidf,0.001083983701015322
spam,busy,tfidf__busy,tfidf,0.001082968591237949
spam,double txt,tfidf__double txt,tfidf,0.0010817140495861153
spam,mins double,tfidf__mins double,tfidf,0.0010817140495861153
spam,10p,tfidf__10p,tfidf,0.001080512536791664
spam,fuck,tfidf__fuck,tfidf,0.00108001182669454
spam,questions,tfidf__questions,tfidf,0.001076738679660812
spam,service know,tfidf__service know,tfidf,0.0010763374778975864
spam,important customer,tfidf__important customer,tfidf,0.0010738678456804754
spam,collection,tfidf__collection,tfidf,0.0010722717568395165
spam,free entry,tfidf__free entry,tfidf,0.001070977501463123
spam,network,tfidf__network,tfidf,0.0010680308307366422
spam,gift vouchers,tfidf__gift vouchers,tfidf,0.0010626975573651983
spam,coming,tfidf__coming,tfidf,0.001061991289159324
spam,callback,tfidf__callback,tfidf,0.00106036540138307
spam,yes callback,tfidf__yes callback,tfidf,0.00106036540138307
spam,price line,tfidf__price line,tfidf,0.0010603163511122816
spam,000 cash,tfidf__000 cash,tfidf,0.0010600999441724129
spam,purpose,tfidf__purpose,tfidf,0.0010591295112143363
spam,waiting,tfidf__waiting,tfidf,0.0010580986737942749
spam,free 1st,tfidf__free 1st,tfidf,0.0010531889028277692
spam,expires,tfidf__expires,tfidf,0.0010525331713730228
spam,phonetoken reply,tfidf__phonetoken reply,tfidf,0.001051842903807744
spam,phonetoken phonetoken,tfidf__phonetoken phonetoken,tfidf,0.001041983537349045
spam,fast,tfidf__fast,tfidf,0.0010399803193401028
spam,i've,tfidf__i've,tfidf,0.0010359567720538696
spam,missed,tfidf__missed,tfidf,0.0010351598318030137
spam,mob week,tfidf__mob week,tfidf,0.001032933004873488
spam,762,tfidf__762,tfidf,0.001030335765497874
spam,b4,tfidf__b4,tfidf,0.0010239168035461365
spam,units,tfidf__units,tfidf,0.001023110726433725
spam,paytm kyc,tfidf__paytm kyc,tfidf,0.0010228379614430254
spam,im,tfidf__im,tfidf,0.0010209703605394695
spam,25p,tfidf__25p,tfidf,0.001020628777207193
spam,bus,tfidf__bus,tfidf,0.0010166162536550376
spam,500 cd,tfidf__500 cd,tfidf,0.0010107468251675594
spam,cd gift,tfidf__cd gift,tfidf,0.0010107468251675594
spam,upgrade atm,tfidf__upgrade atm,tfidf,0.001009020266265614
spam,wid,tfidf__wid,tfidf,0.0009997602373005262
spam,rental camcorder,tfidf__rental camcorder,tfidf,0.0009994111766399368
spam,operator,tfidf__operator,tfidf,0.0009973695310117865
spam,stop phonetoken,tfidf__stop phonetoken,tfidf,0.0009871409985488682
spam,sky gamestar,tfidf__sky gamestar,tfidf,0.0009856475938458257
spam,specially selected,tfidf__specially selected,tfidf,0.0009840476179832768
spam,office ph,tfidf__office ph,tfidf,0.000977844036634791
spam,88888 apply,tfidf__88888 apply,tfidf,0.0009765710161925688
spam,apply 16,tfidf__apply 16,tfidf,0.0009765710161925688
spam,free wallpaper,tfidf__free wallpaper,tfidf,0.0009765710161925688
spam,heart 88888,tfidf__heart 88888,tfidf,0.0009765710161925688
spam,text heart,tfidf__text heart,tfidf,0.0009765710161925688
spam,wallpaper text,tfidf__wallpaper text,tfidf,0.0009765710161925688
spam,best,tfidf__best,tfidf,0.0009671052870557129
spam,log urltoken,tfidf__log urltoken,tfidf,0.0009652606335838183
spam,thank,tfidf__thank,tfidf,0.0009626944270287672
spam,tncs,tfidf__tncs,tfidf,0.0009620499351542493
spam,complete,tfidf__complete,tfidf,0.0009607000720326271
spam,entry 100,tfidf__entry 100,tfidf,0.000960510176310357
spam,vouchers free,tfidf__vouchers free,tfidf,0.000960510176310357
spam,ph phonetoken,tfidf__ph phonetoken,tfidf,0.000958136289150967
spam,ad,tfidf__ad,tfidf,0.0009577744748085698
spam,school,tfidf__school,tfidf,0.000954390850199217
spam,digital,tfidf__digital,tfidf,0.0009527725778253064
spam,digital camera,tfidf__digital camera,tfidf,0.0009527725778253064
spam,town,tfidf__town,tfidf,0.0009511162553637526
spam,bonus,tfidf__bonus,tfidf,0.00094941659548091
spam,line,tfidf__line,tfidf,0.000949243469589986
spam,flights speak,tfidf__flights speak,tfidf,0.000948034422941481
spam,holiday flights,tfidf__holiday flights,tfidf,0.000948034422941481
spam,da,tfidf__da,tfidf,0.0009445115901397049
spam,private,tfidf__private,tfidf,0.0009438243267326778
spam,didn't,tfidf__didn't,tfidf,0.0009434104833402893
spam,subscription,tfidf__subscription,tfidf,0.0009427756288261627
spam,trip,tfidf__trip,tfidf,0.0009411049481909582
spam,bout,tfidf__bout,tfidf,0.0009398334695001931
spam,direct,tfidf__direct,tfidf,0.0009356644724607763
spam,india,tfidf__india,tfidf,0.000933395660636103
spam,leave,tfidf__leave,tfidf,0.0009332112527771554
spam,o2,tfidf__o2,tfidf,0.000930234444954215
spam,saturday register,tfidf__saturday register,tfidf,0.0009281335310618003
spam,player,tfidf__player,tfidf,0.0009208462513170219
spam,recently,tfidf__recently,tfidf,0.0009197726601766026
spam,week free,tfidf__week free,tfidf,0.0009195455232811575
spam,vip,tfidf__vip,tfidf,0.0009193807503125602
spam,0870,tfidf__0870,tfidf,0.000916259403405395
spam,matches,tfidf__matches,tfidf,0.000915236184490036
spam,ave,tfidf__ave,tfidf,0.000913773279623819
spam,caller,tfidf__caller,tfidf,0.00091312216259253
spam,sample contact,tfidf__sample contact,tfidf,0.0009128480265822618
spam,music,tfidf__music,tfidf,0.000911818977366598
spam,warm,tfidf__warm,tfidf,0.0009086735948578219
spam,rs 00,tfidf__rs 00,tfidf,0.0009069983579326232
spam,250 wkly,tfidf__250 wkly,tfidf,0.0009048532351325709
spam,land,tfidf__land,tfidf,0.0009045903648043295
spam,good morning,tfidf__good morning,tfidf,0.0008936309674111976
spam,no1 nokia,tfidf__no1 nokia,tfidf,0.0008932515276822681
spam,week no1,tfidf__week no1,tfidf,0.0008932515276822681
spam,gift,tfidf__gift,tfidf,0.0008923631012489542
spam,king,tfidf__king,tfidf,0.0008916223152055642
spam,prize guaranteed,tfidf__prize guaranteed,tfidf,0.0008913041535248491
spam,dating service,tfidf__dating service,tfidf,0.0008910956087422792
spam,hear,tfidf__hear,tfidf,0.0008895947858151787
spam,11mths,tfidf__11mths,tfidf,0.0008872467309559009
spam,cost,tfidf__cost,tfidf,0.0008818186871827821
spam,wants,tfidf__wants,tfidf,0.0008799164208959967
spam,84128,tfidf__84128,tfidf,0.0008773523257473068
spam,wil,tfidf__wil,tfidf,0.0008763776740159902
spam,settings,tfidf__settings,tfidf,0.0008683830725727344
spam,plot,tfidf__plot,tfidf,0.0008679550761429305
spam,important,tfidf__important,tfidf,0.0008636130539533979
spam,rply,tfidf__rply,tfidf,0.0008630135116340798
spam,claim easy,tfidf__claim easy,tfidf,0.0008611007909539448
spam,definitely,tfidf__definitely,tfidf,0.0008602743459995724
spam,hungry,tfidf__hungry,tfidf,0.0008574474664794642
spam,terms,tfidf__terms,tfidf,0.0008559128571497052
spam,reply sms,tfidf__reply sms,tfidf,0.000853207509218816
spam,sunshine,tfidf__sunshine,tfidf,0.0008531669777544859
spam,c's,tfidf__c's,tfidf,0.0008519226831653352
spam,yup,tfidf__yup,tfidf,0.0008513244700908964
spam,urltoken txt,tfidf__urltoken txt,tfidf,0.0008496188655699093
spam,unable,tfidf__unable,tfidf,0.0008439309941981998
spam,wit,tfidf__wit,tfidf,0.000838157369680852
spam,mms,tfidf__mms,tfidf,0.0008343448509123405
spam,100 free,tfidf__100 free,tfidf,0.0008338277492715373
spam,convey,tfidf__convey,tfidf,0.0008333173268330305
spam,claim phonetoken,tfidf__claim phonetoken,tfidf,0.0008331594076986353
spam,freemsg today's,tfidf__freemsg today's,tfidf,0.0008302988470689619
spam,fun games,tfidf__fun games,tfidf,0.0008302988470689619
spam,games netcollex,tfidf__games netcollex,tfidf,0.0008302988470689619
spam,ready i'm,tfidf__ready i'm,tfidf,0.0008302988470689619
spam,sex fun,tfidf__sex fun,tfidf,0.0008302988470689619
spam,today's day,tfidf__today's day,tfidf,0.0008302988470689619
spam,send pics,tfidf__send pics,tfidf,0.0008261932161356536
spam,po box,tfidf__po box,tfidf,0.0008215689732482577
spam,format,tfidf__format,tfidf,0.0008202498647774568
spam,babes,tfidf__babes,tfidf,0.0008201898491295327
spam,free join,tfidf__free join,tfidf,0.0008195748912998233
spam,box,tfidf__box,tfidf,0.0008194975508237435
spam,reach,tfidf__reach,tfidf,0.0008157781956818202
spam,block,tfidf__block,tfidf,0.0008157719454790047
spam,recent,tfidf__recent,tfidf,0.0008154971918961025
spam,08700621170150p,tfidf__08700621170150p,tfidf,0.0008130867935423676
spam,08700621170150p msg,tfidf__08700621170150p msg,tfidf,0.0008130867935423676
spam,netcollex,tfidf__netcollex,tfidf,0.0008130867935423676
spam,netcollex 08700621170150p,tfidf__netcollex 08700621170150p,tfidf,0.0008130867935423676
spam,borin,tfidf__borin,tfidf,0.0008110219910849166
spam,wont,tfidf__wont,tfidf,0.0008099897290322289
spam,national,tfidf__national,tfidf,0.0008062209921867135
spam,cash balance,tfidf__cash balance,tfidf,0.0008047489154115982
spam,currently 500,tfidf__currently 500,tfidf,0.0008047489154115982
spam,200,tfidf__200,tfidf,0.0008042756721509964
spam,slide,tfidf__slide,tfidf,0.000803236598886241
spam,mobile 10,tfidf__mobile 10,tfidf,0.0008031715770664851
spam,heart,tfidf__heart,tfidf,0.0007997653107799169
spam,talk,tfidf__talk,tfidf,0.0007996821516249745
spam,making,tfidf__making,tfidf,0.0007978624161252275
spam,arrive,tfidf__arrive,tfidf,0.0007950334367348752
spam,somebody,tfidf__somebody,tfidf,0.0007917572663459497
spam,entitled,tfidf__entitled,tfidf,0.0007844619252267149
spam,cust,tfidf__cust,tfidf,0.0007839272625608908
spam,phonetoken stop,tfidf__phonetoken stop,tfidf,0.0007817908496970151
spam,computer,tfidf__computer,tfidf,0.0007751435743718016
spam,user,tfidf__user,tfidf,0.0007667978461738852
spam,fancies,tfidf__fancies,tfidf,0.0007652842014424266
spam,won 750,tfidf__won 750,tfidf,0.0007624294786407869
spam,gbp,tfidf__gbp,tfidf,0.0007610486975631741
spam,reward,tfidf__reward,tfidf,0.0007557775610762226
spam,bahamas callfreefone,tfidf__bahamas callfreefone,tfidf,0.000755503743224538
spam,bahamas cruise,tfidf__bahamas cruise,tfidf,0.000755503743224538
spam,callfreefone,tfidf__callfreefone,tfidf,0.000755503743224538
spam,callfreefone phonetoken,tfidf__callfreefone phonetoken,tfidf,0.000755503743224538
spam,cash 18,tfidf__cash 18,tfidf,0.000755503743224538
spam,cruise,tfidf__cruise,tfidf,0.000755503743224538
spam,cruise 2000,tfidf__cruise 2000,tfidf,0.000755503743224538
spam,additional,tfidf__additional,tfidf,0.0007497893807164729
spam,additional help,tfidf__additional help,tfidf,0.0007497893807164729
spam,help contact,tfidf__help contact,tfidf,0.0007497893807164729
spam,review details,tfidf__review details,tfidf,0.0007497893807164729
spam,guaranteed 1000,tfidf__guaranteed 1000,tfidf,0.000747014139008032
spam,just answer,tfidf__just answer,tfidf,0.0007469855522639889
spam,couple,tfidf__couple,tfidf,0.0007403295118600369
spam,check,tfidf__check,tfidf,0.0007359556094120089
spam,tickets,tfidf__tickets,tfidf,0.0007347187902374257
spam,20,tfidf__20,tfidf,0.0007338907298465275
spam,announcement,tfidf__announcement,tfidf,0.0007317275774405187
spam,service announcement,tfidf__service announcement,tfidf,0.0007317275774405187
spam,08712400602450p,tfidf__08712400602450p,tfidf,0.0007299053563469957
spam,61610,tfidf__61610,tfidf,0.0007299053563469957
spam,61610 unsubscribe,tfidf__61610 unsubscribe,tfidf,0.0007299053563469957
spam,content text,tfidf__content text,tfidf,0.0007299053563469957
spam,help 08712400602450p,tfidf__help 08712400602450p,tfidf,0.0007299053563469957
spam,new content,tfidf__new content,tfidf,0.0007299053563469957
spam,stop 61610,tfidf__stop 61610,tfidf,0.0007299053563469957
spam,unsubscribe help,tfidf__unsubscribe help,tfidf,0.0007299053563469957
spam,final attempt,tfidf__final attempt,tfidf,0.0007269887809528031
spam,says,tfidf__says,tfidf,0.0007260051038149281
spam,guaranteed phonetoken,tfidf__guaranteed phonetoken,tfidf,0.0007251925200300205
spam,music 87066,tfidf__music 87066,tfidf,0.0007229600955960742
spam,information,tfidf__information,tfidf,0.0007202533677093251
spam,caller prize,tfidf__caller prize,tfidf,0.0007174506928308644
spam,queries,tfidf__queries,tfidf,0.0007167789659348353
spam,yell,tfidf__yell,tfidf,0.0007132969148397187
spam,old,tfidf__old,tfidf,0.000712199908236832
spam,photo,tfidf__photo,tfidf,0.000709984460005869
spam,code rp176781,tfidf__code rp176781,tfidf,0.0007059070994125541
spam,discount code,tfidf__discount code,tfidf,0.0007059070994125541
spam,rp176781,tfidf__rp176781,tfidf,0.0007059070994125541
spam,stop urltoken,tfidf__stop urltoken,tfidf,0.0007059070994125541
spam,urltoken customer,tfidf__urltoken customer,tfidf,0.0007059070994125541
spam,sir,tfidf__sir,tfidf,0.0007058494739316867
spam,ref,tfidf__ref,tfidf,0.0007009920842182071
spam,500 ur,tfidf__500 ur,tfidf,0.0007004078433835483
spam,80's,tfidf__80's,tfidf,0.0007004078433835483
spam,80's answer,tfidf__80's answer,tfidf,0.0007004078433835483
spam,83600 good,tfidf__83600 good,tfidf,0.0007004078433835483
spam,answer 83600,tfidf__answer 83600,tfidf,0.0007004078433835483
spam,answer txt,tfidf__answer txt,tfidf,0.0007004078433835483
spam,girl 80's,tfidf__girl 80's,tfidf,0.0007004078433835483
spam,uptown,tfidf__uptown,tfidf,0.0007004078433835483
spam,uptown girl,tfidf__uptown girl,tfidf,0.0007004078433835483
spam,ur answer,tfidf__ur answer,tfidf,0.0007004078433835483
spam,ur balance,tfidf__ur balance,tfidf,0.0007004078433835483
spam,ur question,tfidf__ur question,tfidf,0.0007004078433835483
spam,lodge,tfidf__lodge,tfidf,0.0006992046604783835
spam,reply stop,tfidf__reply stop,tfidf,0.000698246833646561
spam,txtauction,tfidf__txtauction,tfidf,0.0006975068377512381
spam,3510i,tfidf__3510i,tfidf,0.0006962668642991485
spam,3510i colour,tfidf__3510i colour,tfidf,0.0006962668642991485
spam,colour phone,tfidf__colour phone,tfidf,0.0006962668642991485
spam,nokia 3510i,tfidf__nokia 3510i,tfidf,0.0006962668642991485
spam,conditions visit,tfidf__conditions visit,tfidf,0.0006950369315007111
spam,free terms,tfidf__free terms,tfidf,0.0006950369315007111
spam,message word,tfidf__message word,tfidf,0.0006950369315007111
spam,word free,tfidf__word free,tfidf,0.0006950369315007111
spam,86688 150p,tfidf__86688 150p,tfidf,0.0006921123519684823
spam,datebox1282essexcm61xn,tfidf__datebox1282essexcm61xn,tfidf,0.0006912836227677136
spam,datebox1282essexcm61xn 150p,tfidf__datebox1282essexcm61xn 150p,tfidf,0.0006912836227677136
spam,fancies wanna,tfidf__fancies wanna,tfidf,0.0006912836227677136
spam,guess somebody,tfidf__guess somebody,tfidf,0.0006912836227677136
spam,landline datebox1282essexcm61xn,tfidf__landline datebox1282essexcm61xn,tfidf,0.0006912836227677136
spam,secretly,tfidf__secretly,tfidf,0.0006912836227677136
spam,secretly fancies,tfidf__secretly fancies,tfidf,0.0006912836227677136
spam,12,tfidf__12,tfidf,0.0006890125575591588
spam,understand,tfidf__understand,tfidf,0.0006839289926335826
spam,logo pic,tfidf__logo pic,tfidf,0.0006810716005721758
spam,spook,tfidf__spook,tfidf,0.0006810716005721758
spam,28,tfidf__28,tfidf,0.0006784424433296912
spam,sent,tfidf__sent,tfidf,0.0006783606084935877
spam,phonetoken just,tfidf__phonetoken just,tfidf,0.0006758272268832876
spam,survey,tfidf__survey,tfidf,0.0006724572612327941
spam,50 tone,tfidf__50 tone,tfidf,0.0006718340682943245
spam,thanks ringtone,tfidf__thanks ringtone,tfidf,0.0006718340682943245
spam,tone arrive,tfidf__tone arrive,tfidf,0.0006718340682943245
spam,camcorder reply,tfidf__camcorder reply,tfidf,0.0006713826278616351
spam,wif,tfidf__wif,tfidf,0.0006703953344438511
spam,contract,tfidf__contract,tfidf,0.0006703742283506621
spam,29,tfidf__29,tfidf,0.0006692881324488111
spam,cash 000,tfidf__cash 000,tfidf,0.0006684562126409016
spam,86688 info,tfidf__86688 info,tfidf,0.000667760744074598
spam,bonus special,tfidf__bonus special,tfidf,0.000667760744074598
spam,genuine,tfidf__genuine,tfidf,0.000667760744074598
spam,genuine hmv,tfidf__genuine hmv,tfidf,0.000667760744074598
spam,hmv 86688,tfidf__hmv 86688,tfidf,0.000667760744074598
spam,hmv bonus,tfidf__hmv bonus,tfidf,0.000667760744074598
spam,hmv vouchers,tfidf__hmv vouchers,tfidf,0.000667760744074598
spam,info urltoken,tfidf__info urltoken,tfidf,0.000667760744074598
spam,pounds genuine,tfidf__pounds genuine,tfidf,0.000667760744074598
spam,send hmv,tfidf__send hmv,tfidf,0.000667760744074598
spam,special 500,tfidf__special 500,tfidf,0.000667760744074598
spam,place,tfidf__place,tfidf,0.0006665326888109593
spam,mono,tfidf__mono,tfidf,0.0006637213899432507
spam,68866,tfidf__68866,tfidf,0.0006636377176585554
spam,68866 subscriptn3gbp,tfidf__68866 subscriptn3gbp,tfidf,0.0006636377176585554
spam,freemsg month,tfidf__freemsg month,tfidf,0.0006636377176585554
spam,landlineonly,tfidf__landlineonly,tfidf,0.0006636377176585554
spam,month unlimited,tfidf__month unlimited,tfidf,0.0006636377176585554
spam,smartcall,tfidf__smartcall,tfidf,0.0006636377176585554
spam,smartcall txt,tfidf__smartcall txt,tfidf,0.0006636377176585554
spam,stop landlineonly,tfidf__stop landlineonly,tfidf,0.0006636377176585554
spam,subscriptn3gbp,tfidf__subscriptn3gbp,tfidf,0.0006636377176585554
spam,subscriptn3gbp wk,tfidf__subscriptn3gbp wk,tfidf,0.0006636377176585554
spam,txt 68866,tfidf__txt 68866,tfidf,0.0006636377176585554
spam,wk unlimited,tfidf__wk unlimited,tfidf,0.0006636377176585554
spam,run,tfidf__run,tfidf,0.0006623448087150002
spam,cancel,tfidf__cancel,tfidf,0.0006585584359612219
spam,pobox84,tfidf__pobox84,tfidf,0.0006549724155116539
spam,contact won,tfidf__contact won,tfidf,0.000654537454995715
spam,mobile 11mths,tfidf__mobile 11mths,tfidf,0.000654343326789192
spam,2004,tfidf__2004,tfidf,0.0006524249471734395
spam,100 weekly,tfidf__100 weekly,tfidf,0.0006485704659492478
spam,k718,tfidf__k718,tfidf,0.0006474945034244448
spam,k718 mobile,tfidf__k718 mobile,tfidf,0.0006474945034244448
spam,number k718,tfidf__number k718,tfidf,0.0006474945034244448
spam,order ref,tfidf__order ref,tfidf,0.0006474945034244448
spam,ref number,tfidf__ref number,tfidf,0.0006474945034244448
spam,tell ur,tfidf__tell ur,tfidf,0.0006444658002540945
spam,0776xxxxxxx,tfidf__0776xxxxxxx,tfidf,0.0006441730087884709
spam,0776xxxxxxx u've,tfidf__0776xxxxxxx u've,tfidf,0.0006441730087884709
spam,dear 0776xxxxxxx,tfidf__dear 0776xxxxxxx,tfidf,0.0006441730087884709
spam,txt chat,tfidf__txt chat,tfidf,0.0006441730087884709
spam,xchat,tfidf__xchat,tfidf,0.0006441730087884709
spam,msg mobile,tfidf__msg mobile,tfidf,0.000641579727915075
spam,20p,tfidf__20p,tfidf,0.0006413412583858217
spam,20p min,tfidf__20p min,tfidf,0.0006413412583858217
spam,room,tfidf__room,tfidf,0.0006403311011156736
spam,claim refund,tfidf__claim refund,tfidf,0.0006401222337979261
spam,80062,tfidf__80062,tfidf,0.0006399098695879578
spam,hit,tfidf__hit,tfidf,0.0006396247132797693
spam,near,tfidf__near,tfidf,0.0006390611019745969
spam,paytm office,tfidf__paytm office,tfidf,0.0006364678346924516
spam,current,tfidf__current,tfidf,0.0006360297006240329
spam,activate smartcall,tfidf__activate smartcall,tfidf,0.0006353909398407949
spam,calls activate,tfidf__calls activate,tfidf,0.0006353909398407949
spam,choice,tfidf__choice,tfidf,0.0006334405018789264
spam,paris,tfidf__paris,tfidf,0.0006301014290084685
spam,night,tfidf__night,tfidf,0.0006295994855602835
spam,sam,tfidf__sam,tfidf,0.0006278677243494211
spam,randy,tfidf__randy,tfidf,0.0006271834687300842
spam,natalja,tfidf__natalja,tfidf,0.0006257008631109448
spam,natalja 25,tfidf__natalja 25,tfidf,0.0006257008631109448
spam,good night,tfidf__good night,tfidf,0.0006256915423483733
spam,500 75,tfidf__500 75,tfidf,0.0006247083598986669
spam,txt phonetoken,tfidf__txt phonetoken,tfidf,0.0006245248370434804
spam,finally,tfidf__finally,tfidf,0.0006238695915793067
spam,call2optout lf56,tfidf__call2optout lf56,tfidf,0.000622335684017317
spam,latest offers,tfidf__latest offers,tfidf,0.000622335684017317
spam,lf56,tfidf__lf56,tfidf,0.000622335684017317
spam,mobileupd8 latest,tfidf__mobileupd8 latest,tfidf,0.000622335684017317
spam,offers phonetoken,tfidf__offers phonetoken,tfidf,0.000622335684017317
spam,txt price,tfidf__txt price,tfidf,0.000622335684017317
spam,ipod,tfidf__ipod,tfidf,0.0006222320730964178
spam,3g videophones,tfidf__3g videophones,tfidf,0.0006213821968865886
spam,congrats mobile,tfidf__congrats mobile,tfidf,0.0006213821968865886
spam,dload,tfidf__dload,tfidf,0.0006213821968865886
spam,dload polyph,tfidf__dload polyph,tfidf,0.0006213821968865886
spam,games dload,tfidf__games dload,tfidf,0.0006213821968865886
spam,java,tfidf__java,tfidf,0.0006213821968865886
spam,java games,tfidf__java games,tfidf,0.0006213821968865886
spam,mobile 3g,tfidf__mobile 3g,tfidf,0.0006213821968865886
spam,music noline,tfidf__music noline,tfidf,0.0006213821968865886
spam,noline,tfidf__noline,tfidf,0.0006213821968865886
spam,noline rentl,tfidf__noline rentl,tfidf,0.0006213821968865886
spam,phonetoken videochat,tfidf__phonetoken videochat,tfidf,0.0006213821968865886
spam,polyph,tfidf__polyph,tfidf,0.0006213821968865886
spam,polyph music,tfidf__polyph music,tfidf,0.0006213821968865886
spam,rentl,tfidf__rentl,tfidf,0.0006213821968865886
spam,videochat,tfidf__videochat,tfidf,0.0006213821968865886
spam,videochat wid,tfidf__videochat wid,tfidf,0.0006213821968865886
spam,videophones,tfidf__videophones,tfidf,0.0006213821968865886
spam,videophones phonetoken,tfidf__videophones phonetoken,tfidf,0.0006213821968865886
spam,tho,tfidf__tho,tfidf,0.0006203450926307528
spam,complete paytm,tfidf__complete paytm,tfidf,0.0006198684691826437
spam,kyc paytm,tfidf__kyc paytm,tfidf,0.0006198684691826437
spam,paytm complete,tfidf__paytm complete,tfidf,0.0006198684691826437
spam,does,tfidf__does,tfidf,0.0006197455106891257
spam,representative,tfidf__representative,tfidf,0.0006189656406672408
spam,service representative,tfidf__service representative,tfidf,0.0006189656406672408
spam,postcode,tfidf__postcode,tfidf,0.0006157527395864783
spam,congratulations ur,tfidf__congratulations ur,tfidf,0.0006143744646432127
spam,better,tfidf__better,tfidf,0.0006123660862984528
spam,package,tfidf__package,tfidf,0.0006060758467461469
spam,standard rates,tfidf__standard rates,tfidf,0.0006057099552207613
spam,todays vodafone,tfidf__todays vodafone,tfidf,0.0006051848766871347
spam,vodafone numbers,tfidf__vodafone numbers,tfidf,0.0006051848766871347
spam,goes,tfidf__goes,tfidf,0.0006049904583561913
spam,urgent mobile,tfidf__urgent mobile,tfidf,0.0006048183059499964
spam,0871277810910p,tfidf__0871277810910p,tfidf,0.0006046986738360245
spam,0871277810910p min,tfidf__0871277810910p min,tfidf,0.0006046986738360245
spam,1000 holiday,tfidf__1000 holiday,tfidf,0.0006046986738360245
spam,claim 0871277810910p,tfidf__claim 0871277810910p,tfidf,0.0006046986738360245
spam,draw txt,tfidf__draw txt,tfidf,0.0006037418551516758
spam,txt music,tfidf__txt music,tfidf,0.0006037418551516758
spam,charge help,tfidf__charge help,tfidf,0.000603569038784113
spam,credits pls,tfidf__credits pls,tfidf,0.000603569038784113
spam,extra charge,tfidf__extra charge,tfidf,0.000603569038784113
spam,stop extra,tfidf__stop extra,tfidf,0.000603569038784113
spam,text credits,tfidf__text credits,tfidf,0.000603569038784113
spam,unsubscribe stop,tfidf__unsubscribe stop,tfidf,0.000603569038784113
spam,urltoken login,tfidf__urltoken login,tfidf,0.000603569038784113
spam,drive,tfidf__drive,tfidf,0.0006009860328860894
spam,half price,tfidf__half price,tfidf,0.0006004511414051334
spam,hav,tfidf__hav,tfidf,0.0005951941858443687
spam,350 award,tfidf__350 award,tfidf,0.0005924500595781769
spam,800 redeemed,tfidf__800 redeemed,tfidf,0.0005923596391420244
spam,shows 800,tfidf__shows 800,tfidf,0.0005923596391420244
spam,new nokia,tfidf__new nokia,tfidf,0.000587711796227892
spam,hp,tfidf__hp,tfidf,0.0005873599235297883
spam,blu,tfidf__blu,tfidf,0.000586497495952977
spam,secure,tfidf__secure,tfidf,0.0005851668129720627
spam,offer video,tfidf__offer video,tfidf,0.0005848793299458921
spam,free msg,tfidf__free msg,tfidf,0.000583311294451965
spam,sub,tfidf__sub,tfidf,0.0005812977055688775
spam,orange,tfidf__orange,tfidf,0.0005780090770639438
spam,contacted,tfidf__contacted,tfidf,0.0005774999118733506
spam,cs apply,tfidf__cs apply,tfidf,0.0005770733328823924
spam,tone 16,tfidf__tone 16,tfidf,0.000576253941244298
spam,click urltoken,tfidf__click urltoken,tfidf,0.0005760177306650008
spam,working,tfidf__working,tfidf,0.0005751918195949495
spam,reveal cerebrate,tfidf__reveal cerebrate,tfidf,0.0005732838931905073
spam,std,tfidf__std,tfidf,0.000570772532986004
spam,sample,tfidf__sample,tfidf,0.0005707077770591172
spam,mins unlimited,tfidf__mins unlimited,tfidf,0.0005683442000798584
spam,unlimited text,tfidf__unlimited text,tfidf,0.0005683442000798584
spam,activate 500,tfidf__activate 500,tfidf,0.0005675367405643671
spam,message activate,tfidf__message activate,tfidf,0.0005675367405643671
spam,line rental,tfidf__line rental,tfidf,0.0005654202519040822
spam,83355,tfidf__83355,tfidf,0.0005650498916838675
spam,ipod mp3,tfidf__ipod mp3,tfidf,0.0005650498916838675
spam,latest nokia,tfidf__latest nokia,tfidf,0.0005650498916838675
spam,mtmsgrcvd18,tfidf__mtmsgrcvd18,tfidf,0.0005650498916838675
spam,chat private,tfidf__chat private,tfidf,0.0005621714541798119
spam,phonetoken cum,tfidf__phonetoken cum,tfidf,0.0005621714541798119
spam,private line,tfidf__private line,tfidf,0.0005621714541798119
spam,rude,tfidf__rude,tfidf,0.0005621714541798119
spam,rude chat,tfidf__rude chat,tfidf,0.0005621714541798119
spam,u4,tfidf__u4,tfidf,0.0005621714541798119
spam,u4 rude,tfidf__u4 rude,tfidf,0.0005621714541798119
spam,bonus prize,tfidf__bonus prize,tfidf,0.0005606058492957327
spam,prize phonetoken,tfidf__prize phonetoken,tfidf,0.0005606058492957327
spam,valued customer,tfidf__valued customer,tfidf,0.0005606058492957327
spam,unsub,tfidf__unsub,tfidf,0.0005570991576120192
spam,mates play,tfidf__mates play,tfidf,0.0005546542651689547
spam,play java,tfidf__play java,tfidf,0.0005546542651689547
spam,football tv,tfidf__football tv,tfidf,0.000552839139894956
spam,question,tfidf__question,tfidf,0.0005521313498336497
spam,click,tfidf__click,tfidf,0.0005519441541346206
spam,rcvd,tfidf__rcvd,tfidf,0.0005499010441881356
spam,24,tfidf__24,tfidf,0.0005478241813721438
spam,fantastic,tfidf__fantastic,tfidf,0.0005477588903594139
spam,link http,tfidf__link http,tfidf,0.0005475088281881866
spam,buy,tfidf__buy,tfidf,0.0005474357902989765
spam,gud,tfidf__gud,tfidf,0.0005467231839970475
spam,phonetoken speak,tfidf__phonetoken speak,tfidf,0.0005453846526271484
spam,key,tfidf__key,tfidf,0.0005447386535345392
spam,isn't,tfidf__isn't,tfidf,0.0005435571152530913
spam,mp3 player,tfidf__mp3 player,tfidf,0.0005397833356292286
spam,enjoyed new,tfidf__enjoyed new,tfidf,0.0005394371233412084
spam,messages replying,tfidf__messages replying,tfidf,0.000539239711984643
spam,replying message,tfidf__replying message,tfidf,0.000539239711984643
spam,msg reply,tfidf__msg reply,tfidf,0.0005390695764930249
spam,wen,tfidf__wen,tfidf,0.0005379275045688172
spam,advance 000,tfidf__advance 000,tfidf,0.0005376385182483892
spam,400,tfidf__400,tfidf,0.000534098304390672
spam,going bahamas,tfidf__going bahamas,tfidf,0.0005339112349282155
spam,ur going,tfidf__ur going,tfidf,0.0005339112349282155
spam,free mins,tfidf__free mins,tfidf,0.0005328811565077184
spam,ans,tfidf__ans,tfidf,0.0005326329772858158
spam,how's,tfidf__how's,tfidf,0.000532382677323451
spam,reply phonetoken,tfidf__reply phonetoken,tfidf,0.0005312177011268212
spam,mobiles,tfidf__mobiles,tfidf,0.0005303277634695484
spam,anytime network,tfidf__anytime network,tfidf,0.0005296397208267252
spam,inclusive text,tfidf__inclusive text,tfidf,0.000528520730536724
spam,services inclusive,tfidf__services inclusive,tfidf,0.000528520730536724
spam,sms services,tfidf__sms services,tfidf,0.000528520730536724
spam,match phonetoken,tfidf__match phonetoken,tfidf,0.0005275433798806698
spam,shopping,tfidf__shopping,tfidf,0.0005270007618355191
spam,minutes,tfidf__minutes,tfidf,0.0005248276024483128
spam,statement shows,tfidf__statement shows,tfidf,0.0005228366159579271
spam,important information,tfidf__important information,tfidf,0.0005217784487874432
spam,lucky day,tfidf__lucky day,tfidf,0.0005217784487874432
spam,okay,tfidf__okay,tfidf,0.0005197740573736874
spam,just 25p,tfidf__just 25p,tfidf,0.0005188881564218495
spam,entitled update,tfidf__entitled update,tfidf,0.0005179301901830434
spam,sleeping,tfidf__sleeping,tfidf,0.000517179779799077
spam,send chat,tfidf__send chat,tfidf,0.0005152793893201638
spam,balance currently,tfidf__balance currently,tfidf,0.0005134262290174021
spam,harry,tfidf__harry,tfidf,0.0005115513014744797
spam,maximize,tfidf__maximize,tfidf,0.0005105366468930465
spam,maximize ur,tfidf__maximize ur,tfidf,0.0005105366468930465
spam,hot,tfidf__hot,tfidf,0.0005058946327891184
spam,shop 85023,tfidf__shop 85023,tfidf,0.0005048873222614423
spam,text shop,tfidf__text shop,tfidf,0.0005048873222614423
spam,urgently,tfidf__urgently,tfidf,0.000504271604502815
spam,he's,tfidf__he's,tfidf,0.0005037685730966339
spam,bad,tfidf__bad,tfidf,0.0005036769837895547
spam,left,tfidf__left,tfidf,0.0005034830217921195
spam,arcade,tfidf__arcade,tfidf,0.0005024023346977549
spam,phonetoken delivery,tfidf__phonetoken delivery,tfidf,0.0005023240731733382
spam,dad,tfidf__dad,tfidf,0.0004997168275700785
spam,row w1j6hl,tfidf__row w1j6hl,tfidf,0.0004996883547347383
spam,w1j6hl,tfidf__w1j6hl,tfidf,0.0004996883547347383
spam,cash send,tfidf__cash send,tfidf,0.0004995871600535174
spam,cds,tfidf__cds,tfidf,0.0004987151171347833
spam,ac,tfidf__ac,tfidf,0.0004964605254598153
spam,sms ac,tfidf__sms ac,tfidf,0.0004964605254598153
spam,18 opt,tfidf__18 opt,tfidf,0.0004956706443209699
spam,opt txt,tfidf__opt txt,tfidf,0.0004956706443209699
spam,00,tfidf__00,tfidf,0.0004950117661399067
spam,don,tfidf__don,tfidf,0.0004919752897423783
spam,barbie,tfidf__barbie,tfidf,0.0004913912779064305
spam,divorce barbie,tfidf__divorce barbie,tfidf,0.0004913912779064305
spam,ken's,tfidf__ken's,tfidf,0.0004913912779064305
spam,ken's stuff,tfidf__ken's stuff,tfidf,0.0004913912779064305
spam,new divorce,tfidf__new divorce,tfidf,0.0004913912779064305
spam,latest camera,tfidf__latest camera,tfidf,0.0004912331554941001
spam,eerie,tfidf__eerie,tfidf,0.0004909387205609411
spam,just reply,tfidf__just reply,tfidf,0.0004898924330381912
spam,admirer looking,tfidf__admirer looking,tfidf,0.0004883117349141189
spam,000 bonus,tfidf__000 bonus,tfidf,0.00048813711651536006
spam,thought,tfidf__thought,tfidf,0.0004864676648409993
spam,87066 tncs,tfidf__87066 tncs,tfidf,0.0004861561671347234
spam,tncs urltoken,tfidf__tncs urltoken,tfidf,0.0004861561671347234
spam,gd,tfidf__gd,tfidf,0.0004846643256703684
spam,sae,tfidf__sae,tfidf,0.00048418484808379164
spam,forwarded,tfidf__forwarded,tfidf,0.0004821896109879198
spam,11 mnths,tfidf__11 mnths,tfidf,0.00048200192052411247
spam,contract mobile,tfidf__contract mobile,tfidf,0.00048200192052411247
spam,free double,tfidf__free double,tfidf,0.00048200192052411247
spam,mins text,tfidf__mins text,tfidf,0.00048200192052411247
spam,mnths,tfidf__mnths,tfidf,0.00048200192052411247
spam,mnths latest,tfidf__mnths latest,tfidf,0.00048200192052411247
spam,motorola nokia,tfidf__motorola nokia,tfidf,0.00048200192052411247
spam,tariffs text,tfidf__tariffs text,tfidf,0.00048200192052411247
spam,text orange,tfidf__text orange,tfidf,0.00048200192052411247
spam,phonetoken pobox45w2tg150p,tfidf__phonetoken pobox45w2tg150p,tfidf,0.0004801097543598074
spam,pobox45w2tg150p,tfidf__pobox45w2tg150p,tfidf,0.0004801097543598074
spam,910,tfidf__910,tfidf,0.0004794853719014148
spam,text yes,tfidf__text yes,tfidf,0.00047907117855367024
spam,phonetoken quoting,tfidf__phonetoken quoting,tfidf,0.0004761507095749333
spam,quoting,tfidf__quoting,tfidf,0.0004761507095749333
spam,quoting claim,tfidf__quoting claim,tfidf,0.0004761507095749333
spam,cc,tfidf__cc,tfidf,0.00047322844591050905
spam,cc phonetoken,tfidf__cc phonetoken,tfidf,0.00047322844591050905
spam,msg cc,tfidf__msg cc,tfidf,0.00047322844591050905
spam,11,tfidf__11,tfidf,0.00047120399180520595
spam,thk,tfidf__thk,tfidf,0.000470773603946625
spam,ill,tfidf__ill,tfidf,0.0004705330750452672
spam,it's,tfidf__it's,tfidf,0.0004689165154750601
spam,recent review,tfidf__recent review,tfidf,0.00046805142334108314
spam,awarded 500,tfidf__awarded 500,tfidf,0.00046729669489141174
spam,reply date,tfidf__reply date,tfidf,0.00046529943331838423
spam,cater,tfidf__cater,tfidf,0.0004645407993409749
spam,mu,tfidf__mu,tfidf,0.0004631700097053782
spam,ur area,tfidf__ur area,tfidf,0.0004627099730354128
spam,atm block,tfidf__atm block,tfidf,0.00046095928977027867
spam,block dear,tfidf__block dear,tfidf,0.00046095928977027867
spam,gay,tfidf__gay,tfidf,0.0004606848166590009
spam,cerebrate,tfidf__cerebrate,tfidf,0.0004600381165700085
spam,divorce,tfidf__divorce,tfidf,0.0004573648067346833
spam,sony,tfidf__sony,tfidf,0.0004573340613429099
spam,wanna phonetoken,tfidf__wanna phonetoken,tfidf,0.0004566857982835644
spam,wk txt,tfidf__wk txt,tfidf,0.00045654474744879776
spam,mix,tfidf__mix,tfidf,0.0004559254855202895
spam,driving,tfidf__driving,tfidf,0.00045584008663368867
spam,62468,tfidf__62468,tfidf,0.0004538185504804386
spam,representative phonetoken,tfidf__representative phonetoken,tfidf,0.0004531446882176673
spam,taking,tfidf__taking,tfidf,0.00045196422835306894
spam,claims,tfidf__claims,tfidf,0.00045148510087967083
spam,girl,tfidf__girl,tfidf,0.0004513695591259793
spam,5000,tfidf__5000,tfidf,0.0004487595762567155
spam,hope enjoyed,tfidf__hope enjoyed,tfidf,0.0004485009464449356
spam,nokia free,tfidf__nokia free,tfidf,0.00044753194227486874
spam,150p reply,tfidf__150p reply,tfidf,0.0004470534446494034
spam,boltblue,tfidf__boltblue,tfidf,0.0004470534446494034
spam,boltblue tones,tfidf__boltblue tones,tfidf,0.0004470534446494034
spam,cha cha,tfidf__cha cha,tfidf,0.0004470534446494034
spam,cha slide,tfidf__cha slide,tfidf,0.0004470534446494034
spam,jamz,tfidf__jamz,tfidf,0.0004470534446494034
spam,jamz toxic,tfidf__jamz toxic,tfidf,0.0004470534446494034
spam,mono poly3,tfidf__mono poly3,tfidf,0.0004470534446494034
spam,poly mono,tfidf__poly mono,tfidf,0.0004470534446494034
spam,poly3,tfidf__poly3,tfidf,0.0004470534446494034
spam,poly3 cha,tfidf__poly3 cha,tfidf,0.0004470534446494034
spam,reply poly,tfidf__reply poly,tfidf,0.0004470534446494034
spam,slide yeah,tfidf__slide yeah,tfidf,0.0004470534446494034
spam,slow jamz,tfidf__slow jamz,tfidf,0.0004470534446494034
spam,tones 150p,tfidf__tones 150p,tfidf,0.0004470534446494034
spam,tones txt,tfidf__tones txt,tfidf,0.0004470534446494034
spam,toxic,tfidf__toxic,tfidf,0.0004470534446494034
spam,toxic come,tfidf__toxic come,tfidf,0.0004470534446494034
spam,yeah slow,tfidf__yeah slow,tfidf,0.0004470534446494034
spam,mobile week,tfidf__mobile week,tfidf,0.000446814439635432
spam,sp,tfidf__sp,tfidf,0.00044670129565959157
spam,asking,tfidf__asking,tfidf,0.0004458280546264716
spam,10am,tfidf__10am,tfidf,0.0004452882222776005
spam,phonetoken 10am,tfidf__phonetoken 10am,tfidf,0.0004452882222776005
spam,phonetoken shows,tfidf__phonetoken shows,tfidf,0.00044458844323702336
spam,statement phonetoken,tfidf__statement phonetoken,tfidf,0.00044458844323702336
spam,somebody know,tfidf__somebody know,tfidf,0.00044455974401439515
spam,uks,tfidf__uks,tfidf,0.00044358026733761234
spam,mobile free,tfidf__mobile free,tfidf,0.00044312843447239403
spam,fancy,tfidf__fancy,tfidf,0.00044276966218789005
spam,liao,tfidf__liao,tfidf,0.00044214884104134666
spam,mths,tfidf__mths,tfidf,0.00044158449947615886
spam,1st wk,tfidf__1st wk,tfidf,0.0004409304396308524
spam,wk free,tfidf__wk free,tfidf,0.0004409304396308524
spam,ls15hb,tfidf__ls15hb,tfidf,0.0004391447150785363
spam,ls15hb 150p,tfidf__ls15hb 150p,tfidf,0.0004391447150785363
spam,pobox ls15hb,tfidf__pobox ls15hb,tfidf,0.0004391447150785363
spam,uk's,tfidf__uk's,tfidf,0.0004356673138640377
spam,deliveredtomorrow,tfidf__deliveredtomorrow,tfidf,0.00043533274222870653
spam,phone deliveredtomorrow,tfidf__phone deliveredtomorrow,tfidf,0.00043533274222870653
spam,calls help,tfidf__calls help,tfidf,0.00043450366818942326
spam,unlimited calls,tfidf__unlimited calls,tfidf,0.00043450366818942326
spam,free reply,tfidf__free reply,tfidf,0.00043355066243101325
spam,reply delivery,tfidf__reply delivery,tfidf,0.00043278365604336666
spam,alert,tfidf__alert,tfidf,0.0004298566182045358
spam,share,tfidf__share,tfidf,0.00042977677230278464
spam,enjoyed,tfidf__enjoyed,tfidf,0.00042973095937238754
spam,long,tfidf__long,tfidf,0.0004286034818962393
spam,delivery tomorrow,tfidf__delivery tomorrow,tfidf,0.00042743426674576326
spam,lar,tfidf__lar,tfidf,0.00042694853520453615
spam,receive 350,tfidf__receive 350,tfidf,0.0004267918954987782
spam,represent,tfidf__represent,tfidf,0.0004259067460783398
spam,mobile content,tfidf__mobile content,tfidf,0.0004251073682369271
spam,nokia phone,tfidf__nokia phone,tfidf,0.0004237442438878347
spam,claim bahamas,tfidf__claim bahamas,tfidf,0.00042361472071275814
spam,link picture,tfidf__link picture,tfidf,0.0004234766006020498
spam,txtin,tfidf__txtin,tfidf,0.0004233804790921512
spam,today urltoken,tfidf__today urltoken,tfidf,0.00042291220822682197
spam,phones free,tfidf__phones free,tfidf,0.0004225717322334809
spam,subscribed,tfidf__subscribed,tfidf,0.00042214065978556667
spam,sat,tfidf__sat,tfidf,0.00042132169945024176
spam,crazy,tfidf__crazy,tfidf,0.00041615129212028013
spam,hardcore,tfidf__hardcore,tfidf,0.000415641196966093
spam,driving faster,tfidf__driving faster,tfidf,0.0004155756270657274
spam,idiot driving,tfidf__idiot driving,tfidf,0.0004155756270657274
spam,maniac,tfidf__maniac,tfidf,0.0004155756270657274
spam,slower,tfidf__slower,tfidf,0.0004155756270657274
spam,you're driving,tfidf__you're driving,tfidf,0.0004155756270657274
spam,secure link,tfidf__secure link,tfidf,0.00041478638129199765
spam,cerebrate ur,tfidf__cerebrate ur,tfidf,0.00041470248670802325
spam,ingest secret,tfidf__ingest secret,tfidf,0.00041402992184500756
spam,sing,tfidf__sing,tfidf,0.00041268880306097956
spam,thing,tfidf__thing,tfidf,0.0004112672875866627
spam,care help,tfidf__care help,tfidf,0.00041040356754512715
spam,maybe,tfidf__maybe,tfidf,0.00041006573709922474
spam,zed,tfidf__zed,tfidf,0.0004096271317245287
spam,150pm unsubscribe,tfidf__150pm unsubscribe,tfidf,0.00040906930763185995
spam,69698 text,tfidf__69698 text,tfidf,0.00040906930763185995
spam,hot 69698,tfidf__hot 69698,tfidf,0.00040906930763185995
spam,stop 69698,tfidf__stop 69698,tfidf,0.00040906930763185995
spam,text hot,tfidf__text hot,tfidf,0.00040906930763185995
spam,unsubscribe text,tfidf__unsubscribe text,tfidf,0.00040906930763185995
spam,launch,tfidf__launch,tfidf,0.0004081809271896182
spam,wonderful,tfidf__wonderful,tfidf,0.0004060567049506374
spam,wid mates,tfidf__wid mates,tfidf,0.0004059991972226536
spam,cheap,tfidf__cheap,tfidf,0.00040551265999082725
spam,reply offer,tfidf__reply offer,tfidf,0.0004041547523477406
spam,price mobileupd8,tfidf__price mobileupd8,tfidf,0.0004040886280655404
spam,answer easy,tfidf__answer easy,tfidf,0.000403606660994781
spam,easy questions,tfidf__easy questions,tfidf,0.000403606660994781
spam,won just,tfidf__won just,tfidf,0.000403606660994781
spam,callback remove,tfidf__callback remove,tfidf,0.0004033741894306151
spam,card spook,tfidf__card spook,tfidf,0.00040225185878225696
spam,eerie tone,tfidf__eerie tone,tfidf,0.00040225185878225696
spam,free eerie,tfidf__free eerie,tfidf,0.00040225185878225696
spam,halloween,tfidf__halloween,tfidf,0.00040225185878225696
spam,halloween collection,tfidf__halloween collection,tfidf,0.00040225185878225696
spam,message plus,tfidf__message plus,tfidf,0.00040225185878225696
spam,mob halloween,tfidf__mob halloween,tfidf,0.00040225185878225696
spam,pic message,tfidf__pic message,tfidf,0.00040225185878225696
spam,spook 8007,tfidf__spook 8007,tfidf,0.00040225185878225696
spam,tone txt,tfidf__tone txt,tfidf,0.00040225185878225696
spam,txt card,tfidf__txt card,tfidf,0.00040225185878225696
spam,member,tfidf__member,tfidf,0.0004021909906298504
spam,feb,tfidf__feb,tfidf,0.00040206866124761266
spam,hold paytm,tfidf__hold paytm,tfidf,0.00040165647355075657
spam,free text,tfidf__free text,tfidf,0.000401089506343761
spam,leaving,tfidf__leaving,tfidf,0.00040082798742931304
spam,2005 text,tfidf__2005 text,tfidf,0.0004001186633219869
spam,21st 2005,tfidf__21st 2005,tfidf,0.0004001186633219869
spam,87121,tfidf__87121,tfidf,0.0004001186633219869
spam,entry question,tfidf__entry question,tfidf,0.0004001186633219869
spam,entry wkly,tfidf__entry wkly,tfidf,0.0004001186633219869
spam,fa 87121,tfidf__fa 87121,tfidf,0.0004001186633219869
spam,fa cup,tfidf__fa cup,tfidf,0.0004001186633219869
spam,final tkts,tfidf__final tkts,tfidf,0.0004001186633219869
spam,text fa,tfidf__text fa,tfidf,0.0004001186633219869
spam,tkts 21st,tfidf__tkts 21st,tfidf,0.0004001186633219869
spam,mobile update,tfidf__mobile update,tfidf,0.0004000165636762338
spam,12hrs,tfidf__12hrs,tfidf,0.00039923141209451395
spam,valid 12hrs,tfidf__valid 12hrs,tfidf,0.00039923141209451395
spam,laptop,tfidf__laptop,tfidf,0.0003974033644843352
spam,takes,tfidf__takes,tfidf,0.0003944235812763559
spam,enter,tfidf__enter,tfidf,0.0003934749575346357
spam,uk mobile,tfidf__uk mobile,tfidf,0.0003926991337907205
spam,haven't,tfidf__haven't,tfidf,0.00039268853688653694
spam,bought,tfidf__bought,tfidf,0.00039212132132299306
spam,tb,tfidf__tb,tfidf,0.00039136729498171933
spam,accumulate,tfidf__accumulate,tfidf,0.00039121310864052443
spam,3qxj9,tfidf__3qxj9,tfidf,0.00039047343285003377
spam,3qxj9 unsubscribe,tfidf__3qxj9 unsubscribe,tfidf,0.00039047343285003377
spam,9ae,tfidf__9ae,tfidf,0.00039047343285003377
spam,login 3qxj9,tfidf__login 3qxj9,tfidf,0.00039047343285003377
spam,conditions,tfidf__conditions,tfidf,0.0003894735785888985
spam,terms conditions,tfidf__terms conditions,tfidf,0.0003894735785888985
spam,hear new,tfidf__hear new,tfidf,0.0003885300633293958
spam,apple id,tfidf__apple id,tfidf,0.00038698777893797737
spam,man,tfidf__man,tfidf,0.0003860883817828041
spam,faster,tfidf__faster,tfidf,0.0003858566737673845
spam,course,tfidf__course,tfidf,0.0003844395350480546
spam,plots,tfidf__plots,tfidf,0.0003838890101060672
spam,smart,tfidf__smart,tfidf,0.00038380803762990003
spam,fact,tfidf__fact,tfidf,0.0003834457198558585
spam,call09050000327,tfidf__call09050000327,tfidf,0.0003825749493889061
spam,claim call09050000327,tfidf__claim call09050000327,tfidf,0.0003825749493889061
spam,85023,tfidf__85023,tfidf,0.0003818587460814465
spam,discount vouchers,tfidf__discount vouchers,tfidf,0.0003818587460814465
spam,worth discount,tfidf__worth discount,tfidf,0.0003818587460814465
spam,you've,tfidf__you've,tfidf,0.00038080346111962754
spam,fall,tfidf__fall,tfidf,0.0003799435930841684
spam,juz,tfidf__juz,tfidf,0.0003748616412943561
spam,rs 5000,tfidf__rs 5000,tfidf,0.0003744030151796529
spam,wanna,tfidf__wanna,tfidf,0.00037409317280250206
spam,delhi,tfidf__delhi,tfidf,0.00037299936940251124
spam,polys,tfidf__polys,tfidf,0.0003728260790130808
spam,reminder,tfidf__reminder,tfidf,0.00036835988900320803
spam,know secretly,tfidf__know secretly,tfidf,0.0003682038669806452
spam,credit,tfidf__credit,tfidf,0.00036761810937018826
spam,free minutes,tfidf__free minutes,tfidf,0.00036676102716894023
spam,tax,tfidf__tax,tfidf,0.000366725387056875
spam,900,tfidf__900,tfidf,0.00036641958998501233
spam,stay,tfidf__stay,tfidf,0.0003658520615930564
spam,linerental,tfidf__linerental,tfidf,0.00036580458708550647
spam,picture,tfidf__picture,tfidf,0.00036552923761451944
spam,announcement freephone,tfidf__announcement freephone,tfidf,0.0003649019128621302
spam,remove,tfidf__remove,tfidf,0.00036473312893713767
spam,institutionalize,tfidf__institutionalize,tfidf,0.0003642268927289233
spam,plus,tfidf__plus,tfidf,0.0003637325034749627
spam,87066,tfidf__87066,tfidf,0.00036274666514376635
spam,03,tfidf__03,tfidf,0.0003604420169245701
spam,speed,tfidf__speed,tfidf,0.0003597702937701982
spam,commercial,tfidf__commercial,tfidf,0.00035831681513695583
spam,8077,tfidf__8077,tfidf,0.00035611330582423857
spam,nokia 8077,tfidf__nokia 8077,tfidf,0.00035611330582423857
spam,won 000,tfidf__won 000,tfidf,0.0003560631018379128
spam,ts,tfidf__ts,tfidf,0.0003549671886404411
spam,ts cs,tfidf__ts cs,tfidf,0.0003549671886404411
spam,2nd attempt,tfidf__2nd attempt,tfidf,0.00035443845137505864
spam,protect,tfidf__protect,tfidf,0.0003543956427996235
spam,received,tfidf__received,tfidf,0.0003533871066644587
spam,late,tfidf__late,tfidf,0.0003529552865133072
spam,camera phonetoken,tfidf__camera phonetoken,tfidf,0.0003515096819167149
spam,landline delivery,tfidf__landline delivery,tfidf,0.0003515096819167149
spam,sipix,tfidf__sipix,tfidf,0.0003515096819167149
spam,sipix digital,tfidf__sipix digital,tfidf,0.0003515096819167149
spam,supply,tfidf__supply,tfidf,0.00034871391277397533
spam,supply cds,tfidf__supply cds,tfidf,0.00034871391277397533
spam,11 04,tfidf__11 04,tfidf,0.00034681407084204645
spam,http phonetoken,tfidf__http phonetoken,tfidf,0.00034560651744368267
spam,exit,tfidf__exit,tfidf,0.0003451085496781234
spam,test,tfidf__test,tfidf,0.0003432401769724853
spam,confirm,tfidf__confirm,tfidf,0.0003413663318354468
spam,40gb,tfidf__40gb,tfidf,0.00034132682691511215
spam,40gb ipod,tfidf__40gb ipod,tfidf,0.00034132682691511215
spam,fancies phonetoken,tfidf__fancies phonetoken,tfidf,0.0003396838657958735
spam,prem,tfidf__prem,tfidf,0.00033922210643804937
spam,phonetoken po,tfidf__phonetoken po,tfidf,0.00033909245942093997
spam,claim ur,tfidf__claim ur,tfidf,0.000337234228358178
spam,sad,tfidf__sad,tfidf,0.000335896135941393
spam,dun,tfidf__dun,tfidf,0.00033510720726906635
spam,daily,tfidf__daily,tfidf,0.00033456601529115984
spam,87239,tfidf__87239,tfidf,0.00033383929713649217
spam,stop 87239,tfidf__stop 87239,tfidf,0.00033383929713649217
spam,nationwide,tfidf__nationwide,tfidf,0.0003327221416475707
spam,min bt,tfidf__min bt,tfidf,0.00033240045726084714
spam,contacted dating,tfidf__contacted dating,tfidf,0.00033221920956608153
spam,concert,tfidf__concert,tfidf,0.0003313089435546572
spam,10 04,tfidf__10 04,tfidf,0.000331161595461788
spam,4goten,tfidf__4goten,tfidf,0.0003302548914704324
spam,4goten bout,tfidf__4goten bout,tfidf,0.0003302548914704324
spam,babe 4goten,tfidf__babe 4goten,tfidf,0.0003302548914704324
spam,bout scammers,tfidf__bout scammers,tfidf,0.0003302548914704324
spam,hi ya,tfidf__hi ya,tfidf,0.0003302548914704324
spam,msg subscription,tfidf__msg subscription,tfidf,0.0003302548914704324
spam,nos,tfidf__nos,tfidf,0.0003302548914704324
spam,prem rate,tfidf__prem rate,tfidf,0.0003302548914704324
spam,rate msg,tfidf__rate msg,tfidf,0.0003302548914704324
spam,regular,tfidf__regular,tfidf,0.0003302548914704324
spam,regular vodafone,tfidf__regular vodafone,tfidf,0.0003302548914704324
spam,scammers,tfidf__scammers,tfidf,0.0003302548914704324
spam,subscription nos,tfidf__subscription nos,tfidf,0.0003302548914704324
spam,ya babe,tfidf__ya babe,tfidf,0.0003302548914704324
spam,comprise,tfidf__comprise,tfidf,0.0003290529630796932
spam,orange line,tfidf__orange line,tfidf,0.00032879730050830523
spam,price orange,tfidf__price orange,tfidf,0.00032879730050830523
spam,1327,tfidf__1327,tfidf,0.0003281204768771594
spam,box 1327,tfidf__box 1327,tfidf,0.0003281204768771594
spam,hot live,tfidf__hot live,tfidf,0.0003281204768771594
spam,just 20p,tfidf__just 20p,tfidf,0.0003281204768771594
spam,live fantasies,tfidf__live fantasies,tfidf,0.0003281204768771594
spam,min ntt,tfidf__min ntt,tfidf,0.0003281204768771594
spam,friends,tfidf__friends,tfidf,0.0003280950136452728
spam,u've,tfidf__u've,tfidf,0.00032785470105110615
spam,81618 week,tfidf__81618 week,tfidf,0.00032764209200061194
spam,send subpoly,tfidf__send subpoly,tfidf,0.00032764209200061194
spam,week stop,tfidf__week stop,tfidf,0.00032764209200061194
spam,weekly ringtone,tfidf__weekly ringtone,tfidf,0.00032764209200061194
spam,weed,tfidf__weed,tfidf,0.0003274223625271074
spam,need new,tfidf__need new,tfidf,0.0003261592527648399
spam,unsubscribe txt,tfidf__unsubscribe txt,tfidf,0.00032425652170978305
spam,network mins,tfidf__network mins,tfidf,0.0003237874230918347
spam,2optout,tfidf__2optout,tfidf,0.00032333084687863507
spam,10 mths,tfidf__10 mths,tfidf,0.00032332036868851845
spam,camera video,tfidf__camera video,tfidf,0.00032332036868851845
spam,mths update,tfidf__mths update,tfidf,0.00032332036868851845
spam,video phones,tfidf__video phones,tfidf,0.00032332036868851845
spam,quite,tfidf__quite,tfidf,0.00032179978221158413
spam,thinks,tfidf__thinks,tfidf,0.00032022100168569714
spam,landline phonetoken,tfidf__landline phonetoken,tfidf,0.00031972142018157126
spam,embody selected,tfidf__embody selected,tfidf,0.0003192628499319418
spam,carlos,tfidf__carlos,tfidf,0.0003191063287817452
spam,urltoken reply,tfidf__urltoken reply,tfidf,0.00031846731136002176
spam,gold,tfidf__gold,tfidf,0.0003183749125314757
spam,12mths,tfidf__12mths,tfidf,0.00031677689961669126
spam,25p free,tfidf__25p free,tfidf,0.000316149073176777
spam,89693,tfidf__89693,tfidf,0.000316149073176777
spam,area just,tfidf__area just,tfidf,0.000316149073176777
spam,free receive,tfidf__free receive,tfidf,0.000316149073176777
spam,guys ur,tfidf__guys ur,tfidf,0.000316149073176777
spam,new textbuddy,tfidf__new textbuddy,tfidf,0.000316149073176777
spam,postcode urltoken,tfidf__postcode urltoken,tfidf,0.000316149073176777
spam,receive search,tfidf__receive search,tfidf,0.000316149073176777
spam,search postcode,tfidf__search postcode,tfidf,0.000316149073176777
spam,textbuddy,tfidf__textbuddy,tfidf,0.000316149073176777
spam,textbuddy chat,tfidf__textbuddy chat,tfidf,0.000316149073176777
spam,txt 89693,tfidf__txt 89693,tfidf,0.000316149073176777
spam,exciting,tfidf__exciting,tfidf,0.00031417912482994276
spam,text phonetoken,tfidf__text phonetoken,tfidf,0.00031127682956420154
spam,gift voucher,tfidf__gift voucher,tfidf,0.00031040697880622595
spam,reveal thinks,tfidf__reveal thinks,tfidf,0.00030480436142708525
spam,latest motorola,tfidf__latest motorola,tfidf,0.00030345934166554585
spam,tv,tfidf__tv,tfidf,0.000303432728423534
spam,idiot,tfidf__idiot,tfidf,0.00030342413646759043
spam,pobox,tfidf__pobox,tfidf,0.00030090883140615043
spam,win 100,tfidf__win 100,tfidf,0.000299123210847471
spam,30,tfidf__30,tfidf,0.0002989041991444525
spam,place stop,tfidf__place stop,tfidf,0.0002986546422171601
spam,instructions,tfidf__instructions,tfidf,0.00029828562926553987
spam,alright,tfidf__alright,tfidf,0.000297302784307873
spam,cash prize,tfidf__cash prize,tfidf,0.00029610697233122945
spam,behave,tfidf__behave,tfidf,0.000295795467578927
spam,questions send,tfidf__questions send,tfidf,0.0002957416871965547
spam,abt,tfidf__abt,tfidf,0.00029416806424726303
spam,sell,tfidf__sell,tfidf,0.0002933724496484768
spam,hour,tfidf__hour,tfidf,0.00029265876219268874
spam,miss,tfidf__miss,tfidf,0.00029189857247192085
spam,don't know,tfidf__don't know,tfidf,0.0002916868937925528
spam,baby,tfidf__baby,tfidf,0.0002914107602591449
spam,access airtel,tfidf__access airtel,tfidf,0.0002910423353579436
spam,activation,tfidf__activation,tfidf,0.0002910423353579436
spam,activation rental,tfidf__activation rental,tfidf,0.0002910423353579436
spam,browser,tfidf__browser,tfidf,0.0002910423353579436
spam,browser select,tfidf__browser select,tfidf,0.0002910423353579436
spam,browsing,tfidf__browsing,tfidf,0.0002910423353579436
spam,browsing charges,tfidf__browsing charges,tfidf,0.0002910423353579436
spam,charges airtel,tfidf__charges airtel,tfidf,0.0002910423353579436
spam,internet browser,tfidf__internet browser,tfidf,0.0002910423353579436
spam,key nokia,tfidf__key nokia,tfidf,0.0002910423353579436
spam,launch internet,tfidf__launch internet,tfidf,0.0002910423353579436
spam,live goto,tfidf__live goto,tfidf,0.0002910423353579436
spam,live long,tfidf__live long,tfidf,0.0002910423353579436
spam,mms settings,tfidf__mms settings,tfidf,0.0002910423353579436
spam,mobile office,tfidf__mobile office,tfidf,0.0002910423353579436
spam,nokia phones,tfidf__nokia phones,tfidf,0.0002910423353579436
spam,phone access,tfidf__phone access,tfidf,0.0002910423353579436
spam,phones launch,tfidf__phones launch,tfidf,0.0002910423353579436
spam,rental browsing,tfidf__rental browsing,tfidf,0.0002910423353579436
spam,select airtel,tfidf__select airtel,tfidf,0.0002910423353579436
spam,visit urltoken,tfidf__visit urltoken,tfidf,0.0002907250898151963
spam,dating,tfidf__dating,tfidf,0.0002904308723391728
spam,220cm2,tfidf__220cm2,tfidf,0.0002904071199733176
spam,220cm2 9ae,tfidf__220cm2 9ae,tfidf,0.0002904071199733176
spam,comuk,tfidf__comuk,tfidf,0.0002904071199733176
spam,comuk 220cm2,tfidf__comuk 220cm2,tfidf,0.0002904071199733176
spam,gotto,tfidf__gotto,tfidf,0.0002904071199733176
spam,gotto urltoken,tfidf__gotto urltoken,tfidf,0.0002904071199733176
spam,phonetoken comuk,tfidf__phonetoken comuk,tfidf,0.0002904071199733176
spam,pls gotto,tfidf__pls gotto,tfidf,0.0002904071199733176
spam,gentle,tfidf__gentle,tfidf,0.00029023032698219516
spam,amass,tfidf__amass,tfidf,0.00029021525605032767
spam,knw,tfidf__knw,tfidf,0.00028980628499691093
spam,fantasies,tfidf__fantasies,tfidf,0.0002897612612263786
spam,draw,tfidf__draw,tfidf,0.0002889858367896838
spam,9pm,tfidf__9pm,tfidf,0.0002888055973596876
spam,guy,tfidf__guy,tfidf,0.00028849638707525803
spam,people,tfidf__people,tfidf,0.00028775111518865163
spam,urltoken stop,tfidf__urltoken stop,tfidf,0.0002871746542154962
spam,await,tfidf__await,tfidf,0.0002869505315535573
spam,nhs,tfidf__nhs,tfidf,0.00028673418887252664
spam,occasions,tfidf__occasions,tfidf,0.00028673418887252664
spam,penalty,tfidf__penalty,tfidf,0.00028673418887252664
spam,protect nhs,tfidf__protect nhs,tfidf,0.00028673418887252664
spam,trial,tfidf__trial,tfidf,0.00028665058216306277
spam,bid phonetoken,tfidf__bid phonetoken,tfidf,0.00028531444831819664
spam,address,tfidf__address,tfidf,0.0002852757868613288
spam,connect,tfidf__connect,tfidf,0.00028484864721241586
spam,chat guys,tfidf__chat guys,tfidf,0.00028443700545167824
spam,hols,tfidf__hols,tfidf,0.00028436246307012237
spam,correct ans,tfidf__correct ans,tfidf,0.00028353043063534926
spam,receipt correct,tfidf__receipt correct,tfidf,0.00028353043063534926
spam,subscriber,tfidf__subscriber,tfidf,0.00028353043063534926
spam,reat,tfidf__reat,tfidf,0.0002832670276655711
spam,35,tfidf__35,tfidf,0.00028144352180007947
spam,bears,tfidf__bears,tfidf,0.0002804549859537715
spam,lei,tfidf__lei,tfidf,0.00027924366679355406
spam,ur chance,tfidf__ur chance,tfidf,0.00027881289190005704
spam,weekly draw,tfidf__weekly draw,tfidf,0.0002783837110010402
spam,smiling,tfidf__smiling,tfidf,0.00027825753536760524
spam,employ,tfidf__employ,tfidf,0.0002781561328392603
spam,800,tfidf__800,tfidf,0.00027743334525737136
spam,cash 2000,tfidf__cash 2000,tfidf,0.00027730921756811435
spam,come stop,tfidf__come stop,tfidf,0.0002766052405392529
spam,xx,tfidf__xx,tfidf,0.00027653968545259634
spam,week's,tfidf__week's,tfidf,0.00027635609341806306
spam,customer computer,tfidf__customer computer,tfidf,0.0002762099621890706
spam,vodafone customer,tfidf__vodafone customer,tfidf,0.0002762099621890706
spam,apart,tfidf__apart,tfidf,0.000275264652788201
spam,150p tone,tfidf__150p tone,tfidf,0.0002752443290744048
spam,82277,tfidf__82277,tfidf,0.0002752070349695227
spam,ansr,tfidf__ansr,tfidf,0.0002752070349695227
spam,ansr 82277,tfidf__ansr 82277,tfidf,0.0002752070349695227
spam,dvd player,tfidf__dvd player,tfidf,0.0002752070349695227
spam,quiz wkly,tfidf__quiz wkly,tfidf,0.0002752070349695227
spam,sony dvd,tfidf__sony dvd,tfidf,0.0002752070349695227
spam,sunshine quiz,tfidf__sunshine quiz,tfidf,0.0002752070349695227
spam,txt ansr,tfidf__txt ansr,tfidf,0.0002752070349695227
spam,nab,tfidf__nab,tfidf,0.0002749508854720925
spam,online store,tfidf__online store,tfidf,0.0002745400360081029
spam,rates apply,tfidf__rates apply,tfidf,0.0002743980826649641
spam,shopping spree,tfidf__shopping spree,tfidf,0.00027399559862542535
spam,spree,tfidf__spree,tfidf,0.00027399559862542535
spam,pounds maximize,tfidf__pounds maximize,tfidf,0.0002738294456065946
spam,await collection,tfidf__await collection,tfidf,0.0002714023543417513
spam,nice,tfidf__nice,tfidf,0.00027091430072190986
spam,reveal recall,tfidf__reveal recall,tfidf,0.00027047690665206036
spam,text messages,tfidf__text messages,tfidf,0.000270238900928259
spam,choose,tfidf__choose,tfidf,0.00026979495828236
spam,free message,tfidf__free message,tfidf,0.0002690758011404085
spam,phonetoken text,tfidf__phonetoken text,tfidf,0.00026826859509412675
spam,text help,tfidf__text help,tfidf,0.00026826859509412675
spam,phonetoken land,tfidf__phonetoken land,tfidf,0.0002681553377393511
spam,free camera,tfidf__free camera,tfidf,0.000267483252434383
spam,rs,tfidf__rs,tfidf,0.0002666776113321883
spam,receipt,tfidf__receipt,tfidf,0.0002659135786134661
spam,important message,tfidf__important message,tfidf,0.0002656863633832687
spam,dat,tfidf__dat,tfidf,0.00026266724727863047
spam,freemsg txt,tfidf__freemsg txt,tfidf,0.00026253252670520625
spam,rcv,tfidf__rcv,tfidf,0.0002620407760319582
spam,ur friends,tfidf__ur friends,tfidf,0.0002615064997585219
spam,age23,tfidf__age23,tfidf,0.00026123867812934007
spam,age23 blonde,tfidf__age23 blonde,tfidf,0.00026123867812934007
spam,blonde,tfidf__blonde,tfidf,0.00026123867812934007
spam,blonde new,tfidf__blonde new,tfidf,0.00026123867812934007
spam,fun text,tfidf__fun text,tfidf,0.00026123867812934007
spam,guys like,tfidf__guys like,tfidf,0.00026123867812934007
spam,mila,tfidf__mila,tfidf,0.00026123867812934007
spam,mila age23,tfidf__mila age23,tfidf,0.00026123867812934007
spam,mtalk,tfidf__mtalk,tfidf,0.00026123867812934007
spam,new uk,tfidf__new uk,tfidf,0.00026123867812934007
spam,sex uk,tfidf__sex uk,tfidf,0.00026123867812934007
spam,text mtalk,tfidf__text mtalk,tfidf,0.00026123867812934007
spam,uk guys,tfidf__uk guys,tfidf,0.00026123867812934007
spam,embody specially,tfidf__embody specially,tfidf,0.00026019017600256657
spam,open,tfidf__open,tfidf,0.000259774150977426
spam,cs,tfidf__cs,tfidf,0.00025939684275147663
spam,84128 custcare,tfidf__84128 custcare,tfidf,0.0002585724657297503
spam,charged 150p,tfidf__charged 150p,tfidf,0.0002585724657297503
spam,comp 1st,tfidf__comp 1st,tfidf,0.0002585724657297503
spam,follows,tfidf__follows,tfidf,0.0002585724657297503
spam,follows subsequent,tfidf__follows subsequent,tfidf,0.0002585724657297503
spam,free question,tfidf__free question,tfidf,0.0002585724657297503
spam,msg unsubscribe,tfidf__msg unsubscribe,tfidf,0.0002585724657297503
spam,question follows,tfidf__question follows,tfidf,0.0002585724657297503
spam,subsequent,tfidf__subsequent,tfidf,0.0002585724657297503
spam,subsequent wks,tfidf__subsequent wks,tfidf,0.0002585724657297503
spam,textcomp,tfidf__textcomp,tfidf,0.0002585724657297503
spam,textcomp 250,tfidf__textcomp 250,tfidf,0.0002585724657297503
spam,wks charged,tfidf__wks charged,tfidf,0.0002585724657297503
spam,newest,tfidf__newest,tfidf,0.0002582011523701998
spam,10 days,tfidf__10 days,tfidf,0.0002573597916409926
spam,msgs,tfidf__msgs,tfidf,0.00025731610398528805
spam,spider,tfidf__spider,tfidf,0.00025707370690756864
spam,draw 100,tfidf__draw 100,tfidf,0.000257056661170453
spam,10am 9pm,tfidf__10am 9pm,tfidf,0.0002570299309749387
spam,college,tfidf__college,tfidf,0.00025681986306666326
spam,8077 urltoken,tfidf__8077 urltoken,tfidf,0.00025645610139263524
spam,love life,tfidf__love life,tfidf,0.0002561381279334338
spam,customers,tfidf__customers,tfidf,0.0002560130777898047
spam,information orange,tfidf__information orange,tfidf,0.0002544033441625185
spam,orange user,tfidf__orange user,tfidf,0.0002544033441625185
spam,delivered phone,tfidf__delivered phone,tfidf,0.00025406653193610254
spam,successfully delivered,tfidf__successfully delivered,tfidf,0.00025406653193610254
spam,dude,tfidf__dude,tfidf,0.00025360324891527845
spam,customer service,tfidf__customer service,tfidf,0.00025252470601700675
spam,chat date,tfidf__chat date,tfidf,0.0002522340244563436
spam,collect phonetoken,tfidf__collect phonetoken,tfidf,0.00025067968843172343
spam,beware,tfidf__beware,tfidf,0.0002501663568946906
spam,line claim,tfidf__line claim,tfidf,0.00024966720725403795
spam,advise,tfidf__advise,tfidf,0.0002496025189063899
spam,11500,tfidf__11500,tfidf,0.00024959561665339683
spam,11500 psf,tfidf__11500 psf,tfidf,0.00024959561665339683
spam,124,tfidf__124,tfidf,0.00024959561665339683
spam,124 8200,tfidf__124 8200,tfidf,0.00024959561665339683
spam,12500,tfidf__12500,tfidf,0.00024959561665339683
spam,12500 psf,tfidf__12500 psf,tfidf,0.00024959561665339683
spam,18 silver,tfidf__18 silver,tfidf,0.00024959561665339683
spam,8200,tfidf__8200,tfidf,0.00024959561665339683
spam,8200 psf,tfidf__8200 psf,tfidf,0.00024959561665339683
spam,best deal,tfidf__best deal,tfidf,0.00024959561665339683
spam,commercial wave,tfidf__commercial wave,tfidf,0.00024959561665339683
spam,deal phonetoken,tfidf__deal phonetoken,tfidf,0.00024959561665339683
spam,gold 12500,tfidf__gold 12500,tfidf,0.00024959561665339683
spam,logix,tfidf__logix,tfidf,0.00024959561665339683
spam,logix sec,tfidf__logix sec,tfidf,0.00024959561665339683
spam,noida commercial,tfidf__noida commercial,tfidf,0.00024959561665339683
spam,psf best,tfidf__psf best,tfidf,0.00024959561665339683
spam,psf gold,tfidf__psf gold,tfidf,0.00024959561665339683
spam,psf logix,tfidf__psf logix,tfidf,0.00024959561665339683
spam,sec 124,tfidf__sec 124,tfidf,0.00024959561665339683
spam,sec 18,tfidf__sec 18,tfidf,0.00024959561665339683
spam,silver 11500,tfidf__silver 11500,tfidf,0.00024959561665339683
spam,wave,tfidf__wave,tfidf,0.00024959561665339683
spam,wave sec,tfidf__wave sec,tfidf,0.00024959561665339683
spam,prevent,tfidf__prevent,tfidf,0.000249191922086507
spam,asap,tfidf__asap,tfidf,0.00024877000403144444
spam,hide,tfidf__hide,tfidf,0.0002477177106561495
spam,8th,tfidf__8th,tfidf,0.0002469695710645793
spam,2000 prize,tfidf__2000 prize,tfidf,0.00024626169851824607
spam,unloosen,tfidf__unloosen,tfidf,0.00024502776567183077
spam,ingest embody,tfidf__ingest embody,tfidf,0.00024496182804085396
spam,150p daily,tfidf__150p daily,tfidf,0.0002441706665521603
spam,89123,tfidf__89123,tfidf,0.0002441706665521603
spam,date msg,tfidf__date msg,tfidf,0.0002441706665521603
spam,future mgs,tfidf__future mgs,tfidf,0.0002441706665521603
spam,mgs,tfidf__mgs,tfidf,0.0002441706665521603
spam,mobile date,tfidf__mobile date,tfidf,0.0002441706665521603
spam,phonetoken future,tfidf__phonetoken future,tfidf,0.0002441706665521603
spam,stop 89123,tfidf__stop 89123,tfidf,0.0002441706665521603
spam,welcome uk,tfidf__welcome uk,tfidf,0.0002441706665521603
spam,records,tfidf__records,tfidf,0.00024387197200097238
spam,free send,tfidf__free send,tfidf,0.0002436425683443459
spam,ringtone 1st,tfidf__ringtone 1st,tfidf,0.0002436425683443459
spam,stop opt,tfidf__stop opt,tfidf,0.0002431729665895504
spam,nokia 8007,tfidf__nokia 8007,tfidf,0.00024257968521682166
spam,16 reply,tfidf__16 reply,tfidf,0.00024217782489512163
spam,4info,tfidf__4info,tfidf,0.00024217782489512163
spam,friends 150p,tfidf__friends 150p,tfidf,0.00024217782489512163
spam,hl,tfidf__hl,tfidf,0.00024217782489512163
spam,hl 4info,tfidf__hl 4info,tfidf,0.00024217782489512163
spam,reply hl,tfidf__reply hl,tfidf,0.00024217782489512163
spam,hi,tfidf__hi,tfidf,0.0002416310522959117
spam,win 250,tfidf__win 250,tfidf,0.00024126623930542255
spam,visit,tfidf__visit,tfidf,0.00023970887927141074
spam,lunch,tfidf__lunch,tfidf,0.00023956272452328934
spam,kate,tfidf__kate,tfidf,0.0002393401455414124
spam,induce,tfidf__induce,tfidf,0.00023873606409310566
spam,84,tfidf__84,tfidf,0.0002377312211460625
spam,correct,tfidf__correct,tfidf,0.0002347573060864963
spam,87121 receive,tfidf__87121 receive,tfidf,0.0002342868425366927
spam,receive entry,tfidf__receive entry,tfidf,0.0002342868425366927
spam,free txtin,tfidf__free txtin,tfidf,0.00023420051372708442
spam,suite,tfidf__suite,tfidf,0.00023357217593850943
spam,latest orange,tfidf__latest orange,tfidf,0.00023335602394498737
spam,matches phonetoken,tfidf__matches phonetoken,tfidf,0.00023315035441291495
spam,hurt,tfidf__hurt,tfidf,0.00023281021877951248
spam,del,tfidf__del,tfidf,0.00023275575993988973
spam,ard,tfidf__ard,tfidf,0.00023242712552687622
spam,000 award,tfidf__000 award,tfidf,0.00023084779629909148
spam,standard,tfidf__standard,tfidf,0.00023007844653837923
spam,pa,tfidf__pa,tfidf,0.00022993186640640355
spam,sport,tfidf__sport,tfidf,0.0002283862864639476
spam,review mob,tfidf__review mob,tfidf,0.00022826592284795532
spam,video phone,tfidf__video phone,tfidf,0.00022728170884358655
spam,3uz,tfidf__3uz,tfidf,0.00022710119567462245
spam,m26,tfidf__m26,tfidf,0.00022710119567462245
spam,m26 3uz,tfidf__m26 3uz,tfidf,0.00022710119567462245
spam,15,tfidf__15,tfidf,0.00022491686891310466
spam,txtin tell,tfidf__txtin tell,tfidf,0.00022475129472498167
spam,forwarded phonetoken,tfidf__forwarded phonetoken,tfidf,0.00022474892145159044
spam,mailbox,tfidf__mailbox,tfidf,0.00022474892145159044
spam,messages matches,tfidf__messages matches,tfidf,0.00022474892145159044
spam,phonetoken hi,tfidf__phonetoken hi,tfidf,0.00022474892145159044
spam,sms alert,tfidf__sms alert,tfidf,0.00022474892145159044
spam,reply text,tfidf__reply text,tfidf,0.00022384662630737208
spam,pls,tfidf__pls,tfidf,0.00022369815429552076
spam,day urltoken,tfidf__day urltoken,tfidf,0.00022330378540442558
spam,sweet,tfidf__sweet,tfidf,0.00022308694958182644
spam,guaranteed caller,tfidf__guaranteed caller,tfidf,0.00022281250032465767
spam,winner guaranteed,tfidf__winner guaranteed,tfidf,0.00022281250032465767
spam,82242,tfidf__82242,tfidf,0.00022194219340754907
spam,admirer exist,tfidf__admirer exist,tfidf,0.00022179515221103227
spam,try,tfidf__try,tfidf,0.00022173047287122274
spam,ah,tfidf__ah,tfidf,0.00021945236739794835
spam,revising,tfidf__revising,tfidf,0.00021932054676549525
spam,revising soon,tfidf__revising soon,tfidf,0.00021932054676549525
spam,rates,tfidf__rates,tfidf,0.00021917067270783895
spam,150p textoperator,tfidf__150p textoperator,tfidf,0.00021884361512933146
spam,18 xxx,tfidf__18 xxx,tfidf,0.00021884361512933146
spam,89555,tfidf__89555,tfidf,0.00021884361512933146
spam,g696ga,tfidf__g696ga,tfidf,0.00021884361512933146
spam,g696ga 18,tfidf__g696ga 18,tfidf,0.00021884361512933146
spam,textoperator,tfidf__textoperator,tfidf,0.00021884361512933146
spam,textoperator g696ga,tfidf__textoperator g696ga,tfidf,0.00021884361512933146
spam,ldn,tfidf__ldn,tfidf,0.0002188290229732554
spam,successfully,tfidf__successfully,tfidf,0.0002185708203836774
spam,pix,tfidf__pix,tfidf,0.0002176751757681567
spam,plus free,tfidf__plus free,tfidf,0.00021733618871699054
spam,msg free,tfidf__msg free,tfidf,0.00021659613393872323
spam,nokia motorola,tfidf__nokia motorola,tfidf,0.00021650014957751452
spam,camera phone,tfidf__camera phone,tfidf,0.00021570594725230793
spam,7pm,tfidf__7pm,tfidf,0.00021520281286554693
spam,collected,tfidf__collected,tfidf,0.0002146000194877751
spam,collected simply,tfidf__collected simply,tfidf,0.0002146000194877751
spam,mix 85069,tfidf__mix 85069,tfidf,0.0002146000194877751
spam,text password,tfidf__text password,tfidf,0.0002146000194877751
spam,final,tfidf__final,tfidf,0.00021457553636953657
spam,121,tfidf__121,tfidf,0.00021453500021397878
spam,address dob,tfidf__address dob,tfidf,0.00021401074888162635
spam,asap ta,tfidf__asap ta,tfidf,0.00021401074888162635
spam,birds chaps,tfidf__birds chaps,tfidf,0.00021401074888162635
spam,champneys,tfidf__champneys,tfidf,0.00021401074888162635
spam,chaps,tfidf__chaps,tfidf,0.00021401074888162635
spam,chaps user,tfidf__chaps user,tfidf,0.00021401074888162635
spam,dob,tfidf__dob,tfidf,0.00021401074888162635
spam,dob asap,tfidf__dob asap,tfidf,0.00021401074888162635
spam,posh,tfidf__posh,tfidf,0.00021401074888162635
spam,posh birds,tfidf__posh birds,tfidf,0.00021401074888162635
spam,prods,tfidf__prods,tfidf,0.00021401074888162635
spam,prods champneys,tfidf__prods champneys,tfidf,0.00021401074888162635
spam,trial prods,tfidf__trial prods,tfidf,0.00021401074888162635
spam,user trial,tfidf__user trial,tfidf,0.00021401074888162635
spam,02,tfidf__02,tfidf,0.00021324372083030897
spam,reply win,tfidf__reply win,tfidf,0.0002116427560233756
spam,leh,tfidf__leh,tfidf,0.00021130275777809254
spam,ingest won,tfidf__ingest won,tfidf,0.000211154804883875
spam,network customer,tfidf__network customer,tfidf,0.00020944381062805675
spam,ans 80062,tfidf__ans 80062,tfidf,0.00020888437131993506
spam,colour mobiles,tfidf__colour mobiles,tfidf,0.0002088455345878963
spam,mobiles camera,tfidf__mobiles camera,tfidf,0.0002088455345878963
spam,114,tfidf__114,tfidf,0.00020847197584278454
spam,114 14,tfidf__114 14,tfidf,0.00020847197584278454
spam,14 tcr,tfidf__14 tcr,tfidf,0.00020847197584278454
spam,box 114,tfidf__box 114,tfidf,0.00020847197584278454
spam,tcr,tfidf__tcr,tfidf,0.00020847197584278454
spam,tcr w1,tfidf__tcr w1,tfidf,0.00020847197584278454
spam,afternoon,tfidf__afternoon,tfidf,0.00020833596956830542
spam,comp win,tfidf__comp win,tfidf,0.00020803622548021679
spam,win fa,tfidf__win fa,tfidf,0.00020803622548021679
spam,stock,tfidf__stock,tfidf,0.00020783065294772415
spam,w1,tfidf__w1,tfidf,0.00020779676687714414
spam,usher,tfidf__usher,tfidf,0.00020613567848981796
spam,reply yes,tfidf__reply yes,tfidf,0.0002051128949191633
spam,urltoken phonetoken,tfidf__urltoken phonetoken,tfidf,0.00020504211875089123
spam,ice,tfidf__ice,tfidf,0.00020497286975718526
spam,chance claim,tfidf__chance claim,tfidf,0.00020479639539956545
spam,embody winner,tfidf__embody winner,tfidf,0.00020473113309762636
spam,telling,tfidf__telling,tfidf,0.0002047059646383123
spam,75max,tfidf__75max,tfidf,0.00020458638980882973
spam,blu concert,tfidf__blu concert,tfidf,0.00020458638980882973
spam,blu gift,tfidf__blu gift,tfidf,0.00020458638980882973
spam,row tickets,tfidf__row tickets,tfidf,0.00020458638980882973
spam,tickets blu,tfidf__tickets blu,tfidf,0.00020458638980882973
spam,vip row,tfidf__vip row,tfidf,0.00020458638980882973
spam,date phonetoken,tfidf__date phonetoken,tfidf,0.0002029788100668246
spam,landlines,tfidf__landlines,tfidf,0.0002029788100668246
spam,min landlines,tfidf__min landlines,tfidf,0.0002029788100668246
spam,phonetoken bt,tfidf__phonetoken bt,tfidf,0.0002029788100668246
spam,messages new,tfidf__messages new,tfidf,0.00020143776955588397
spam,phone half,tfidf__phone half,tfidf,0.00020143776955588397
spam,xmas 100,tfidf__xmas 100,tfidf,0.00020143776955588397
spam,birds,tfidf__birds,tfidf,0.00020135115446303132
spam,00 gbp,tfidf__00 gbp,tfidf,0.0002009957269520357
spam,apple online,tfidf__apple online,tfidf,0.0002009957269520357
spam,debit,tfidf__debit,tfidf,0.0002009957269520357
spam,debit card,tfidf__debit card,tfidf,0.0002009957269520357
spam,fraud,tfidf__fraud,tfidf,0.0002009957269520357
spam,gbp urgently,tfidf__gbp urgently,tfidf,0.0002009957269520357
spam,sms urltoken,tfidf__sms urltoken,tfidf,0.0002009957269520357
spam,urgently fraud,tfidf__urgently fraud,tfidf,0.0002009957269520357
spam,cum,tfidf__cum,tfidf,0.00019961143915801967
spam,institutionalize stop,tfidf__institutionalize stop,tfidf,0.00019950172504521336
spam,discreet,tfidf__discreet,tfidf,0.00019852769190450897
spam,urgent phonetoken,tfidf__urgent phonetoken,tfidf,0.0001979349978908303
spam,2nite,tfidf__2nite,tfidf,0.00019784271932604076
spam,totally,tfidf__totally,tfidf,0.000197725317716772
spam,mobile landline,tfidf__mobile landline,tfidf,0.00019636823426019492
spam,phonetoken pobox75ldns7,tfidf__phonetoken pobox75ldns7,tfidf,0.00019636823426019492
spam,pobox75ldns7,tfidf__pobox75ldns7,tfidf,0.00019636823426019492
spam,camera free,tfidf__camera free,tfidf,0.00019627043212083785
spam,charges,tfidf__charges,tfidf,0.00019529345424777964
spam,biggest,tfidf__biggest,tfidf,0.00019517511703578947
spam,phonetoken update,tfidf__phonetoken update,tfidf,0.0001942974839144845
spam,liverpool,tfidf__liverpool,tfidf,0.00019326399355627745
spam,86688 let's,tfidf__86688 let's,tfidf,0.0001931143850057102
spam,msg rcvd,tfidf__msg rcvd,tfidf,0.0001931143850057102
spam,rcvd hg,tfidf__rcvd hg,tfidf,0.0001931143850057102
spam,w1j6hl ldn,tfidf__w1j6hl ldn,tfidf,0.0001931143850057102
spam,phonetoken free,tfidf__phonetoken free,tfidf,0.0001927829078829936
spam,vodafone,tfidf__vodafone,tfidf,0.00019272617138649787
spam,fromm,tfidf__fromm,tfidf,0.00019269121171036795
spam,fromm landline,tfidf__fromm landline,tfidf,0.00019269121171036795
spam,phonetoken fromm,tfidf__phonetoken fromm,tfidf,0.00019269121171036795
spam,activated activate,tfidf__activated activate,tfidf,0.00019185827134931101
spam,7pm cost,tfidf__7pm cost,tfidf,0.00019164208159062828
spam,cost 10p,tfidf__cost 10p,tfidf,0.00019164208159062828
spam,pete,tfidf__pete,tfidf,0.00019155562309509068
spam,registered,tfidf__registered,tfidf,0.00019144299180719667
spam,ends,tfidf__ends,tfidf,0.00019123684663092228
spam,prize final,tfidf__prize final,tfidf,0.00019097471793413757
spam,december mobile,tfidf__december mobile,tfidf,0.00018998451048624833
spam,eve phonetoken,tfidf__eve phonetoken,tfidf,0.0001894989272290174
spam,pick,tfidf__pick,tfidf,0.00018927755082240834
spam,experience won,tfidf__experience won,tfidf,0.00018921334637267485
spam,getting,tfidf__getting,tfidf,0.00018895150872289004
spam,ingest match,tfidf__ingest match,tfidf,0.00018888920236115783
spam,1500,tfidf__1500,tfidf,0.00018826937328344807
spam,unclaimed,tfidf__unclaimed,tfidf,0.00018686550414385522
spam,3g,tfidf__3g,tfidf,0.0001868569093478321
spam,ending,tfidf__ending,tfidf,0.00018605675629304851
spam,bonus caller,tfidf__bonus caller,tfidf,0.00018600393631979328
spam,150pm,tfidf__150pm,tfidf,0.0001855020960198573
spam,2004 txt,tfidf__2004 txt,tfidf,0.0001848764193874317
spam,2optout phonetoken,tfidf__2optout phonetoken,tfidf,0.0001848764193874317
spam,50gbp,tfidf__50gbp,tfidf,0.0001848764193874317
spam,50gbp mtmsg18,tfidf__50gbp mtmsg18,tfidf,0.0001848764193874317
spam,89545,tfidf__89545,tfidf,0.0001848764193874317
spam,89545 collect,tfidf__89545 collect,tfidf,0.0001848764193874317
spam,collect today,tfidf__collect today,tfidf,0.0001848764193874317
spam,mobiles 2004,tfidf__mobiles 2004,tfidf,0.0001848764193874317
spam,mtmsg18,tfidf__mtmsg18,tfidf,0.0001848764193874317
spam,new mobiles,tfidf__new mobiles,tfidf,0.0001848764193874317
spam,nokia 89545,tfidf__nokia 89545,tfidf,0.0001848764193874317
spam,phonetoken 50gbp,tfidf__phonetoken 50gbp,tfidf,0.0001848764193874317
spam,urltoken 2optout,tfidf__urltoken 2optout,tfidf,0.0001848764193874317
spam,xmas,tfidf__xmas,tfidf,0.0001840633149899411
spam,minute,tfidf__minute,tfidf,0.00018396382725331816
spam,cost 50,tfidf__cost 50,tfidf,0.00018366842522006584
spam,offer new,tfidf__offer new,tfidf,0.0001833048790032331
spam,text camcorder,tfidf__text camcorder,tfidf,0.00018206097079105058
spam,easy just,tfidf__easy just,tfidf,0.00018149297098026313
spam,tel,tfidf__tel,tfidf,0.0001806885152375225
spam,following,tfidf__following,tfidf,0.0001804669238161294
spam,rock,tfidf__rock,tfidf,0.00018043107009447538
spam,83049,tfidf__83049,tfidf,0.00018042663992017785
spam,currently tour,tfidf__currently tour,tfidf,0.00018042663992017785
spam,greet westlife,tfidf__greet westlife,tfidf,0.00018042663992017785
spam,text 83049,tfidf__text 83049,tfidf,0.00018042663992017785
spam,tour unbreakable,tfidf__tour unbreakable,tfidf,0.00018042663992017785
spam,unbreakable,tfidf__unbreakable,tfidf,0.00018042663992017785
spam,unbreakable untamed,tfidf__unbreakable untamed,tfidf,0.00018042663992017785
spam,unkempt,tfidf__unkempt,tfidf,0.00018042663992017785
spam,unkempt text,tfidf__unkempt text,tfidf,0.00018042663992017785
spam,untamed,tfidf__untamed,tfidf,0.00018042663992017785
spam,untamed unkempt,tfidf__untamed unkempt,tfidf,0.00018042663992017785
spam,wan2,tfidf__wan2,tfidf,0.00018042663992017785
spam,westlife,tfidf__westlife,tfidf,0.00018042663992017785
spam,westlife m8,tfidf__westlife m8,tfidf,0.00018042663992017785
spam,numbers ending,tfidf__numbers ending,tfidf,0.0001803169932020503
spam,contact phonetoken,tfidf__contact phonetoken,tfidf,0.0001800935917852013
spam,wks,tfidf__wks,tfidf,0.00017943243463247363
spam,freephone,tfidf__freephone,tfidf,0.0001789982037549007
spam,freephone phonetoken,tfidf__freephone phonetoken,tfidf,0.0001789982037549007
spam,dont know,tfidf__dont know,tfidf,0.0001787571123269652
spam,83110,tfidf__83110,tfidf,0.00017851820425154608
spam,discreet text,tfidf__discreet text,tfidf,0.00017851820425154608
spam,fall love,tfidf__fall love,tfidf,0.00017851820425154608
spam,friends fall,tfidf__friends fall,tfidf,0.00017851820425154608
spam,love worlds,tfidf__love worlds,tfidf,0.00017851820425154608
spam,new friends,tfidf__new friends,tfidf,0.00017851820425154608
spam,service just,tfidf__service just,tfidf,0.00017851820425154608
spam,talk sexy,tfidf__talk sexy,tfidf,0.00017851820425154608
spam,text vip,tfidf__text vip,tfidf,0.00017851820425154608
spam,vip 83110,tfidf__vip 83110,tfidf,0.00017851820425154608
spam,worlds discreet,tfidf__worlds discreet,tfidf,0.00017851820425154608
spam,harry potter,tfidf__harry potter,tfidf,0.00017844310451934478
spam,newest harry,tfidf__newest harry,tfidf,0.00017844310451934478
spam,order phoenix,tfidf__order phoenix,tfidf,0.00017844310451934478
spam,phoenix,tfidf__phoenix,tfidf,0.00017844310451934478
spam,potter,tfidf__potter,tfidf,0.00017844310451934478
spam,potter order,tfidf__potter order,tfidf,0.00017844310451934478
spam,questions chance,tfidf__questions chance,tfidf,0.00017844310451934478
spam,readers,tfidf__readers,tfidf,0.00017844310451934478
spam,holder,tfidf__holder,tfidf,0.00017827638946875266
spam,1172,tfidf__1172,tfidf,0.00017800133425079401
spam,1172 removal,tfidf__1172 removal,tfidf,0.00017800133425079401
spam,unique user,tfidf__unique user,tfidf,0.00017800133425079401
spam,user id,tfidf__user id,tfidf,0.00017800133425079401
spam,care phonetoken,tfidf__care phonetoken,tfidf,0.00017701651519959737
spam,exist easy,tfidf__exist easy,tfidf,0.00017683478955134074
spam,3030,tfidf__3030,tfidf,0.00017665058761570873
spam,3030 valid,tfidf__3030 valid,tfidf,0.00017665058761570873
spam,claim 3030,tfidf__claim 3030,tfidf,0.00017665058761570873
spam,customer upgrade,tfidf__customer upgrade,tfidf,0.00017642633643775164
spam,unique,tfidf__unique,tfidf,0.00017629237937729576
spam,constitute,tfidf__constitute,tfidf,0.0001762330796203718
spam,games arcade,tfidf__games arcade,tfidf,0.00017525169433218072
spam,movie,tfidf__movie,tfidf,0.00017522099670791002
spam,5000 cash,tfidf__5000 cash,tfidf,0.00017424751304989135
spam,fl1pkart,tfidf__fl1pkart,tfidf,0.00017355701785308326
spam,w0n,tfidf__w0n,tfidf,0.00017355701785308326
spam,pay activation,tfidf__pay activation,tfidf,0.00017246143376897408
spam,100 music,tfidf__100 music,tfidf,0.0001722521771565086
spam,150ppermesssubscription,tfidf__150ppermesssubscription,tfidf,0.0001722521771565086
spam,87066 tscs,tfidf__87066 tscs,tfidf,0.0001722521771565086
spam,draw 87066,tfidf__draw 87066,tfidf,0.0001722521771565086
spam,music gift,tfidf__music gift,tfidf,0.0001722521771565086
spam,tscs,tfidf__tscs,tfidf,0.0001722521771565086
spam,tscs urltoken,tfidf__tscs urltoken,tfidf,0.0001722521771565086
spam,word draw,tfidf__word draw,tfidf,0.0001722521771565086
spam,login,tfidf__login,tfidf,0.0001716264063441508
spam,join uk's,tfidf__join uk's,tfidf,0.00017019550292753715
spam,reply harry,tfidf__reply harry,tfidf,0.000169568823407051
spam,camera phones,tfidf__camera phones,tfidf,0.00016887898869766903
spam,following recent,tfidf__following recent,tfidf,0.00016820639362783105
spam,red,tfidf__red,tfidf,0.00016808791567636696
spam,contact offer,tfidf__contact offer,tfidf,0.0001679104097333757
spam,there's,tfidf__there's,tfidf,0.00016778842686731492
spam,1500 bonus,tfidf__1500 bonus,tfidf,0.0001675649423794828
spam,saw,tfidf__saw,tfidf,0.00016696167364089028
spam,verify,tfidf__verify,tfidf,0.00016674987295738143
spam,loyalty,tfidf__loyalty,tfidf,0.00016575404674314454
spam,anytime networks,tfidf__anytime networks,tfidf,0.00016540011039115423
spam,networks,tfidf__networks,tfidf,0.00016540011039115423
spam,networks mins,tfidf__networks mins,tfidf,0.00016540011039115423
spam,dunno,tfidf__dunno,tfidf,0.00016493309880580257
spam,recall,tfidf__recall,tfidf,0.00016490810789392154
spam,69988,tfidf__69988,tfidf,0.00016331491449672904
spam,chat svc,tfidf__chat svc,tfidf,0.00016331491449672904
spam,free hardcore,tfidf__free hardcore,tfidf,0.00016331491449672904
spam,hardcore services,tfidf__hardcore services,tfidf,0.00016331491449672904
spam,msgs chat,tfidf__msgs chat,tfidf,0.00016331491449672904
spam,network try,tfidf__network try,tfidf,0.00016331491449672904
spam,rcv msgs,tfidf__rcv msgs,tfidf,0.00016331491449672904
spam,services text,tfidf__services text,tfidf,0.00016331491449672904
spam,svc,tfidf__svc,tfidf,0.00016331491449672904
spam,svc free,tfidf__svc free,tfidf,0.00016331491449672904
spam,you'll rcv,tfidf__you'll rcv,tfidf,0.00016331491449672904
spam,yr network,tfidf__yr network,tfidf,0.00016331491449672904
spam,survive,tfidf__survive,tfidf,0.00016236696632869176
spam,present,tfidf__present,tfidf,0.00016234355379302718
spam,means,tfidf__means,tfidf,0.00016207867218792765
spam,haf,tfidf__haf,tfidf,0.0001619247178866351
spam,customer embody,tfidf__customer embody,tfidf,0.00016163857595462687
spam,suffice want,tfidf__suffice want,tfidf,0.00016162040936374908
spam,draw shows,tfidf__draw shows,tfidf,0.000161609128061743
spam,10 txtauction,tfidf__10 txtauction,tfidf,0.00016155537959785913
spam,81151,tfidf__81151,tfidf,0.00016155537959785913
spam,customer loyalty,tfidf__customer loyalty,tfidf,0.00016155537959785913
spam,loyalty offer,tfidf__loyalty offer,tfidf,0.00016155537959785913
spam,start 81151,tfidf__start 81151,tfidf,0.00016155537959785913
spam,txtauction txt,tfidf__txtauction txt,tfidf,0.00016155537959785913
spam,word start,tfidf__word start,tfidf,0.00016155537959785913
spam,new year,tfidf__new year,tfidf,0.0001610864298746988
spam,pobox36504w45wq,tfidf__pobox36504w45wq,tfidf,0.00016062722098731243
spam,hottest,tfidf__hottest,tfidf,0.00016060747430270754
spam,pobox84 m26,tfidf__pobox84 m26,tfidf,0.0001605912253012436
spam,content send,tfidf__content send,tfidf,0.00016024698954672547
spam,send mms,tfidf__send mms,tfidf,0.00016024698954672547
spam,10p minute,tfidf__10p minute,tfidf,0.00015978536233175958
spam,minute bt,tfidf__minute bt,tfidf,0.00015978536233175958
spam,update latest,tfidf__update latest,tfidf,0.000159086064675597
spam,westpac,tfidf__westpac,tfidf,0.0001585389069805978
spam,tour,tfidf__tour,tfidf,0.0001584490261314503
spam,set,tfidf__set,tfidf,0.00015804892102566498
spam,45239,tfidf__45239,tfidf,0.0001576031384345381
spam,45239 expires,tfidf__45239 expires,tfidf,0.0001576031384345381
spam,bonus points,tfidf__bonus points,tfidf,0.0001576031384345381
spam,code 45239,tfidf__code 45239,tfidf,0.0001576031384345381
spam,shows 786,tfidf__shows 786,tfidf,0.0001576031384345381
spam,m8,tfidf__m8,tfidf,0.00015717224502537642
spam,50 sp,tfidf__50 sp,tfidf,0.0001571137167128589
spam,82277 50,tfidf__82277 50,tfidf,0.0001571137167128589
spam,sp tyrone,tfidf__sp tyrone,tfidf,0.0001571137167128589
spam,tyrone,tfidf__tyrone,tfidf,0.0001571137167128589
spam,121 chat,tfidf__121 chat,tfidf,0.0001564268529486059
spam,11mths entitled,tfidf__11mths entitled,tfidf,0.00015625924231822504
spam,mobile txt,tfidf__mobile txt,tfidf,0.00015602803215939052
spam,nokia tones,tfidf__nokia tones,tfidf,0.0001556127609090169
spam,intl,tfidf__intl,tfidf,0.00015554190343199965
spam,intl phonetoken,tfidf__intl phonetoken,tfidf,0.00015554190343199965
spam,phonetoken intl,tfidf__phonetoken intl,tfidf,0.00015554190343199965
spam,87239 customer,tfidf__87239 customer,tfidf,0.0001554504832340976
spam,removal,tfidf__removal,tfidf,0.0001554504832340976
spam,meet greet,tfidf__meet greet,tfidf,0.00015540623393816113
spam,receive rs,tfidf__receive rs,tfidf,0.00015478431433372652
spam,won guaranteed,tfidf__won guaranteed,tfidf,0.00015474451984069838
spam,competition,tfidf__competition,tfidf,0.00015434695517013084
spam,inviting,tfidf__inviting,tfidf,0.00015342609173688113
spam,free mobileupd8,tfidf__free mobileupd8,tfidf,0.00015335590520038525
spam,hello,tfidf__hello,tfidf,0.00015268199977969265
spam,lover,tfidf__lover,tfidf,0.00015241525691252973
spam,seeing,tfidf__seeing,tfidf,0.00015231924874026796
spam,purchase,tfidf__purchase,tfidf,0.00015211268002004668
spam,country,tfidf__country,tfidf,0.00015198049562025986
spam,worlds,tfidf__worlds,tfidf,0.0001516762039989256
spam,mobileupd8 phonetoken,tfidf__mobileupd8 phonetoken,tfidf,0.00015093525379324043
spam,mates,tfidf__mates,tfidf,0.00015072814699649737
spam,inviting friend,tfidf__inviting friend,tfidf,0.00015048464470959755
spam,awaiting,tfidf__awaiting,tfidf,0.00015046966498895656
spam,surprise,tfidf__surprise,tfidf,0.0001502058097590295
spam,embody friend,tfidf__embody friend,tfidf,0.00015017671204647963
spam,100 ayurvedic,tfidf__100 ayurvedic,tfidf,0.00014999605603044822
spam,25 kg,tfidf__25 kg,tfidf,0.00014999605603044822
spam,ayurvedic,tfidf__ayurvedic,tfidf,0.00014999605603044822
spam,ayurvedic product,tfidf__ayurvedic product,tfidf,0.00014999605603044822
spam,effect 100,tfidf__effect 100,tfidf,0.00014999605603044822
spam,gain 25,tfidf__gain 25,tfidf,0.00014999605603044822
spam,kg,tfidf__kg,tfidf,0.00014999605603044822
spam,kg effect,tfidf__kg effect,tfidf,0.00014999605603044822
spam,money urltoken,tfidf__money urltoken,tfidf,0.00014999605603044822
spam,product money,tfidf__product money,tfidf,0.00014999605603044822
spam,urltoken loss,tfidf__urltoken loss,tfidf,0.00014999605603044822
spam,office mms,tfidf__office mms,tfidf,0.00014984938023170847
spam,noticed,tfidf__noticed,tfidf,0.00014952244633824295
spam,noticed debit,tfidf__noticed debit,tfidf,0.00014952244633824295
spam,apply stop,tfidf__apply stop,tfidf,0.0001495141749731276
spam,moby,tfidf__moby,tfidf,0.00014866448792601774
spam,free auction,tfidf__free auction,tfidf,0.00014840769953157536
spam,just activated,tfidf__just activated,tfidf,0.00014825300314944736
spam,400 proze,tfidf__400 proze,tfidf,0.00014782347363098472
spam,50 mtmsgrcvd18,tfidf__50 mtmsgrcvd18,tfidf,0.00014782347363098472
spam,mobile ipod,tfidf__mobile ipod,tfidf,0.00014782347363098472
spam,player 400,tfidf__player 400,tfidf,0.00014782347363098472
spam,proze,tfidf__proze,tfidf,0.00014782347363098472
spam,simply,tfidf__simply,tfidf,0.00014777250184102588
spam,download content,tfidf__download content,tfidf,0.00014758934766601032
spam,long pressing,tfidf__long pressing,tfidf,0.0001468994268753871
spam,pressing,tfidf__pressing,tfidf,0.0001468994268753871
spam,pressing key,tfidf__pressing key,tfidf,0.0001468994268753871
spam,hotels,tfidf__hotels,tfidf,0.00014661239959217306
spam,card just,tfidf__card just,tfidf,0.00014645636866732897
spam,dear voucher,tfidf__dear voucher,tfidf,0.00014627371560605484
spam,voucher holder,tfidf__voucher holder,tfidf,0.00014627371560605484
spam,36504,tfidf__36504,tfidf,0.00014620537304799714
spam,pobox 36504,tfidf__pobox 36504,tfidf,0.00014620537304799714
spam,entered,tfidf__entered,tfidf,0.0001444594884888255
spam,11 months,tfidf__11 months,tfidf,0.00014390934483605127
spam,free mobile,tfidf__free mobile,tfidf,0.0001438560318167792
spam,48,tfidf__48,tfidf,0.00014372462932750655
spam,48 84,tfidf__48 84,tfidf,0.00014372462932750655
spam,84 urltoken,tfidf__84 urltoken,tfidf,0.00014372462932750655
spam,owed,tfidf__owed,tfidf,0.00014372462932750655
spam,owed 48,tfidf__owed 48,tfidf,0.00014372462932750655
spam,urltoken secure,tfidf__urltoken secure,tfidf,0.00014372462932750655
spam,vehicle,tfidf__vehicle,tfidf,0.00014372462932750655
spam,vehicle tax,tfidf__vehicle tax,tfidf,0.00014372462932750655
spam,win sony,tfidf__win sony,tfidf,0.00014365006243929583
spam,wkly win,tfidf__wkly win,tfidf,0.00014365006243929583
spam,award ingest,tfidf__award ingest,tfidf,0.00014349698211745795
spam,play send,tfidf__play send,tfidf,0.0001429451229510902
spam,sch,tfidf__sch,tfidf,0.00014291546460435886
spam,cross ntwk,tfidf__cross ntwk,tfidf,0.00014207576371686435
spam,ntwk,tfidf__ntwk,tfidf,0.00014207576371686435
spam,ntwk mins,tfidf__ntwk mins,tfidf,0.00014207576371686435
spam,didnt,tfidf__didnt,tfidf,0.00014196575008507763
spam,announcement recently,tfidf__announcement recently,tfidf,0.00014187970398379829
spam,phonetoken schedule,tfidf__phonetoken schedule,tfidf,0.00014187970398379829
spam,schedule,tfidf__schedule,tfidf,0.00014187970398379829
spam,schedule ref,tfidf__schedule ref,tfidf,0.00014187970398379829
spam,greet,tfidf__greet,tfidf,0.00014125787867944476
spam,free nokia,tfidf__free nokia,tfidf,0.00013995518348177595
spam,16 stop,tfidf__16 stop,tfidf,0.00013894860509079538
spam,3hrs,tfidf__3hrs,tfidf,0.00013894860509079538
spam,3hrs 16,tfidf__3hrs 16,tfidf,0.00013894860509079538
spam,86888,tfidf__86888,tfidf,0.00013894860509079538
spam,hours talk,tfidf__hours talk,tfidf,0.00013894860509079538
spam,mnth,tfidf__mnth,tfidf,0.00013894860509079538
spam,mnth 3hrs,tfidf__mnth 3hrs,tfidf,0.00013894860509079538
spam,phone subscribe6gbp,tfidf__phone subscribe6gbp,tfidf,0.00013894860509079538
spam,reward hours,tfidf__reward hours,tfidf,0.00013894860509079538
spam,stop txtstop,tfidf__stop txtstop,tfidf,0.00013894860509079538
spam,subscribe6gbp,tfidf__subscribe6gbp,tfidf,0.00013894860509079538
spam,subscribe6gbp mnth,tfidf__subscribe6gbp mnth,tfidf,0.00013894860509079538
spam,txt 86888,tfidf__txt 86888,tfidf,0.00013894860509079538
spam,txtstop,tfidf__txtstop,tfidf,0.00013894860509079538
spam,pick phone,tfidf__pick phone,tfidf,0.0001389317698507911
spam,m263uz,tfidf__m263uz,tfidf,0.0001382141802930321
spam,free giving,tfidf__free giving,tfidf,0.00013743086840151106
spam,giving free,tfidf__giving free,tfidf,0.00013743086840151106
spam,win free,tfidf__win free,tfidf,0.00013740963041631503
spam,notice,tfidf__notice,tfidf,0.0001373142531838911
spam,dog,tfidf__dog,tfidf,0.00013498262265406385
spam,complimentary,tfidf__complimentary,tfidf,0.0001349255878486917
spam,weekends,tfidf__weekends,tfidf,0.00013476876250566094
spam,airport,tfidf__airport,tfidf,0.00013475105986877138
spam,000 winner,tfidf__000 winner,tfidf,0.0001346123136330393
spam,dear v0daf0ne,tfidf__dear v0daf0ne,tfidf,0.0001346123136330393
spam,v0daf0ne,tfidf__v0daf0ne,tfidf,0.0001346123136330393
spam,v0daf0ne customer,tfidf__v0daf0ne customer,tfidf,0.0001346123136330393
spam,single,tfidf__single,tfidf,0.0001341218180603967
spam,neva,tfidf__neva,tfidf,0.00013374471085521252
spam,cross,tfidf__cross,tfidf,0.00013367384429291356
spam,tariffs latest,tfidf__tariffs latest,tfidf,0.00013277993348025463
spam,today's,tfidf__today's,tfidf,0.00013257409361164843
spam,mobile cs,tfidf__mobile cs,tfidf,0.00013198064598263733
spam,loss gain,tfidf__loss gain,tfidf,0.0001319691042226269
spam,recall ur,tfidf__recall ur,tfidf,0.00013178777065347324
spam,friendly,tfidf__friendly,tfidf,0.00013153447190215504
spam,friendly reminder,tfidf__friendly reminder,tfidf,0.00013153447190215504
spam,reminder don't,tfidf__reminder don't,tfidf,0.00013153447190215504
spam,sam update,tfidf__sam update,tfidf,0.00013153447190215504
spam,update day,tfidf__update day,tfidf,0.00013153447190215504
spam,win newest,tfidf__win newest,tfidf,0.0001314183661254591
spam,win 1000,tfidf__win 1000,tfidf,0.00013137521629467535
spam,frnd 62468,tfidf__frnd 62468,tfidf,0.00013131942762265042
spam,stop frnd,tfidf__stop frnd,tfidf,0.00013131942762265042
spam,lucky draw,tfidf__lucky draw,tfidf,0.0001311461317934719
spam,advise following,tfidf__advise following,tfidf,0.00013089595199903924
spam,search,tfidf__search,tfidf,0.00013085215781384623
spam,inform,tfidf__inform,tfidf,0.00013085041112156196
spam,booked,tfidf__booked,tfidf,0.00013043730173491292
spam,https,tfidf__https,tfidf,0.00012994358939518786
spam,https urltoken,tfidf__https urltoken,tfidf,0.00012994358939518786
spam,stop stop,tfidf__stop stop,tfidf,0.00012984984376245148
spam,6000,tfidf__6000,tfidf,0.00012919804707833336
spam,claim free,tfidf__claim free,tfidf,0.00012919019608451137
spam,free phone,tfidf__free phone,tfidf,0.00012895249680477188
spam,phonetoken 2optout,tfidf__phonetoken 2optout,tfidf,0.0001285664980382879
spam,vs,tfidf__vs,tfidf,0.00012853762107911418
spam,today embody,tfidf__today embody,tfidf,0.00012832488390693595
spam,discount,tfidf__discount,tfidf,0.00012828693352316808
spam,award number,tfidf__award number,tfidf,0.00012814164632605102
spam,number matches,tfidf__number matches,tfidf,0.00012814164632605102
spam,al,tfidf__al,tfidf,0.00012793153916409287
spam,urltoken free,tfidf__urltoken free,tfidf,0.0001268681218505108
spam,ingest mobile,tfidf__ingest mobile,tfidf,0.00012679343133105433
spam,1d,tfidf__1d,tfidf,0.00012602794639581254
spam,apple 1d,tfidf__apple 1d,tfidf,0.00012602794639581254
spam,today prevent,tfidf__today prevent,tfidf,0.00012602794639581254
spam,loyalty phonetoken,tfidf__loyalty phonetoken,tfidf,0.00012576710956783057
spam,phone upgrade,tfidf__phone upgrade,tfidf,0.00012576710956783057
spam,ingest advance,tfidf__ingest advance,tfidf,0.00012459007891664242
spam,succeed,tfidf__succeed,tfidf,0.0001244909250402744
spam,birthday,tfidf__birthday,tfidf,0.00012406737022083167
spam,acl03530150pm,tfidf__acl03530150pm,tfidf,0.0001237029160888513
spam,klia2,tfidf__klia2,tfidf,0.00012354828093222016
spam,rmo,tfidf__rmo,tfidf,0.00012354828093222016
spam,rmo 00,tfidf__rmo 00,tfidf,0.00012354828093222016
spam,txn,tfidf__txn,tfidf,0.00012354828093222016
spam,chance advance,tfidf__chance advance,tfidf,0.0001228843529772452
spam,m8 currently,tfidf__m8 currently,tfidf,0.00012183002026545971
spam,suspended,tfidf__suspended,tfidf,0.00012176770426054292
spam,press,tfidf__press,tfidf,0.00012169816538577433
spam,time tried,tfidf__time tried,tfidf,0.00012126998423524668
spam,delivery unable,tfidf__delivery unable,tfidf,0.00011977635973883902
spam,8007 urltoken,tfidf__8007 urltoken,tfidf,0.0001196272669792034
spam,21,tfidf__21,tfidf,0.00011956661946160663
spam,yahoo,tfidf__yahoo,tfidf,0.00011949898992183083
spam,chance phonetoken,tfidf__chance phonetoken,tfidf,0.00011887472101910449
spam,free tarot,tfidf__free tarot,tfidf,0.00011887472101910449
spam,life try,tfidf__life try,tfidf,0.00011887472101910449
spam,msgs 50,tfidf__msgs 50,tfidf,0.00011887472101910449
spam,tarot,tfidf__tarot,tfidf,0.00011887472101910449
spam,tarot texts,tfidf__tarot texts,tfidf,0.00011887472101910449
spam,text chance,tfidf__text chance,tfidf,0.00011887472101910449
spam,try free,tfidf__try free,tfidf,0.00011887472101910449
spam,pc,tfidf__pc,tfidf,0.00011876187519884003
spam,call2optout,tfidf__call2optout,tfidf,0.00011863171568020323
spam,phonetoken call2optout,tfidf__phonetoken call2optout,tfidf,0.00011863171568020323
spam,oso,tfidf__oso,tfidf,0.00011848278462670385
spam,optout,tfidf__optout,tfidf,0.00011847844428575531
spam,optout txt,tfidf__optout txt,tfidf,0.00011847844428575531
spam,4t,tfidf__4t,tfidf,0.00011825243297293442
spam,fantastic surprise,tfidf__fantastic surprise,tfidf,0.00011791721313567773
spam,user today,tfidf__user today,tfidf,0.00011791721313567773
spam,day log,tfidf__day log,tfidf,0.00011694371211838938
spam,i'd like,tfidf__i'd like,tfidf,0.00011678567824194746
spam,official,tfidf__official,tfidf,0.00011669598187408721
spam,removal send,tfidf__removal send,tfidf,0.00011657867677692174
spam,member offers,tfidf__member offers,tfidf,0.00011649125912232912
spam,savamob member,tfidf__savamob member,tfidf,0.00011649125912232912
spam,yes 85023,tfidf__yes 85023,tfidf,0.00011649125912232912
spam,offer pc,tfidf__offer pc,tfidf,0.00011643889948666852
spam,weeks offer,tfidf__weeks offer,tfidf,0.00011643889948666852
spam,wanted,tfidf__wanted,tfidf,0.00011642229820949061
spam,holiday valued,tfidf__holiday valued,tfidf,0.00011542111158808009
spam,thinks ur,tfidf__thinks ur,tfidf,0.00011438278416582309
spam,send nokia,tfidf__send nokia,tfidf,0.0001133148872687977
spam,specially,tfidf__specially,tfidf,0.00011328752875380752
spam,free msgs,tfidf__free msgs,tfidf,0.0001132307658038598
spam,provided,tfidf__provided,tfidf,0.000113148554702353
spam,voucher,tfidf__voucher,tfidf,0.00011243938715250224
spam,mobile 11,tfidf__mobile 11,tfidf,0.00011235792328276048
spam,stop 80062,tfidf__stop 80062,tfidf,0.00011235155583187764
spam,texts txt,tfidf__texts txt,tfidf,0.00011235155583187764
spam,week starting,tfidf__week starting,tfidf,0.00011230415397647472
spam,kinda,tfidf__kinda,tfidf,0.00011227915941809473
spam,perform txn,tfidf__perform txn,tfidf,0.00011146471833860875
spam,app,tfidf__app,tfidf,0.00011141131211036038
spam,effect,tfidf__effect,tfidf,0.00011139678895788847
spam,inclusive,tfidf__inclusive,tfidf,0.00011138874662514102
spam,fastest,tfidf__fastest,tfidf,0.00011085722389020642
spam,bid embody,tfidf__bid embody,tfidf,0.00011067488454831391
spam,phone phonetoken,tfidf__phone phonetoken,tfidf,0.00010944679634466298
spam,000 fl1pkart,tfidf__000 fl1pkart,tfidf,0.0001093812290730801
spam,fl1pkart team,tfidf__fl1pkart team,tfidf,0.0001093812290730801
spam,guaranteed cash,tfidf__guaranteed cash,tfidf,0.0001093812290730801
spam,prize rs,tfidf__prize rs,tfidf,0.0001093812290730801
spam,w0n guaranteed,tfidf__w0n guaranteed,tfidf,0.0001093812290730801
spam,nyt,tfidf__nyt,tfidf,0.0001091038161413563
spam,want chat,tfidf__want chat,tfidf,0.00010886199310065392
spam,forget,tfidf__forget,tfidf,0.00010862257246464278
spam,coronavirus,tfidf__coronavirus,tfidf,0.00010853089117005815
spam,90,tfidf__90,tfidf,0.00010801404108242148
spam,delivered,tfidf__delivered,tfidf,0.00010789696500201798
spam,07,tfidf__07,tfidf,0.00010716846434231015
spam,07 11,tfidf__07 11,tfidf,0.00010716846434231015
spam,41685,tfidf__41685,tfidf,0.00010716846434231015
spam,code 41685,tfidf__code 41685,tfidf,0.00010716846434231015
spam,sms phonetoken,tfidf__sms phonetoken,tfidf,0.00010706868163012107
spam,stop sms,tfidf__stop sms,tfidf,0.00010706868163012107
spam,weeks,tfidf__weeks,tfidf,0.0001068550040868289
spam,product,tfidf__product,tfidf,0.00010683754049461774
spam,phone urltoken,tfidf__phone urltoken,tfidf,0.00010649842943212985
spam,prize 02,tfidf__prize 02,tfidf,0.00010621811392022185
spam,60p,tfidf__60p,tfidf,0.00010586901439246645
spam,60p min,tfidf__60p min,tfidf,0.00010586901439246645
spam,just 60p,tfidf__just 60p,tfidf,0.00010586901439246645
spam,contact reply,tfidf__contact reply,tfidf,0.0001054663741538419
spam,week txt,tfidf__week txt,tfidf,0.00010545825612409992
spam,nat,tfidf__nat,tfidf,0.0001054059963674697
spam,nat rate,tfidf__nat rate,tfidf,0.0001054059963674697
spam,phonetoken nat,tfidf__phonetoken nat,tfidf,0.0001054059963674697
spam,professional,tfidf__professional,tfidf,0.00010537177781459904
spam,professional sport,tfidf__professional sport,tfidf,0.00010537177781459904
spam,tiger,tfidf__tiger,tfidf,0.00010537177781459904
spam,tiger woods,tfidf__tiger woods,tfidf,0.00010537177781459904
spam,weekly professional,tfidf__weekly professional,tfidf,0.00010537177781459904
spam,woods,tfidf__woods,tfidf,0.00010537177781459904
spam,woods play,tfidf__woods play,tfidf,0.00010537177781459904
spam,ta,tfidf__ta,tfidf,0.00010513729966246642
spam,urltoken pay,tfidf__urltoken pay,tfidf,0.00010459607026142533
spam,holiday 5000,tfidf__holiday 5000,tfidf,0.00010436640234491824
spam,wow,tfidf__wow,tfidf,0.00010422168309200594
spam,arrogate phonetoken,tfidf__arrogate phonetoken,tfidf,0.00010383083835588118
spam,you'll,tfidf__you'll,tfidf,0.00010335071535724983
spam,restrain,tfidf__restrain,tfidf,0.00010291772130544497
spam,valued vodafone,tfidf__valued vodafone,tfidf,0.00010289301891850165
spam,won valued,tfidf__won valued,tfidf,0.00010289301891850165
spam,country liverpool,tfidf__country liverpool,tfidf,0.00010257677930394004
spam,mid week,tfidf__mid week,tfidf,0.00010257677930394004
spam,love sex,tfidf__love sex,tfidf,0.0001018900677390904
spam,town love,tfidf__town love,tfidf,0.0001018900677390904
spam,cs savamob,tfidf__cs savamob,tfidf,0.00010171809356187838
spam,pobox84 m263uz,tfidf__pobox84 m263uz,tfidf,0.00010171809356187838
spam,savamob pobox84,tfidf__savamob pobox84,tfidf,0.00010171809356187838
spam,luv,tfidf__luv,tfidf,0.00010127374155947194
spam,pc survive,tfidf__pc survive,tfidf,0.00010100296978583756
spam,pleased,tfidf__pleased,tfidf,0.00010081482534849266
spam,06 03,tfidf__06 03,tfidf,0.00010077554298737068
spam,phonetoken asap,tfidf__phonetoken asap,tfidf,0.00010077554298737068
spam,we'll,tfidf__we'll,tfidf,0.00010056225985789654
spam,150p mtmsgrcvd18,tfidf__150p mtmsgrcvd18,tfidf,0.00010030657055056137
spam,500 prize,tfidf__500 prize,tfidf,0.00010030657055056137
spam,83355 ibhltd,tfidf__83355 ibhltd,tfidf,0.00010030657055056137
spam,collect 83355,tfidf__collect 83355,tfidf,0.00010030657055056137
spam,ibhltd,tfidf__ibhltd,tfidf,0.00010030657055056137
spam,ibhltd ldnw15h,tfidf__ibhltd ldnw15h,tfidf,0.00010030657055056137
spam,ldnw15h,tfidf__ldnw15h,tfidf,0.00010030657055056137
spam,ldnw15h 150p,tfidf__ldnw15h 150p,tfidf,0.00010030657055056137
spam,phone 40gb,tfidf__phone 40gb,tfidf,0.00010030657055056137
spam,player 500,tfidf__player 500,tfidf,0.00010030657055056137
spam,prize txt,tfidf__prize txt,tfidf,0.00010030657055056137
spam,word collect,tfidf__word collect,tfidf,0.00010030657055056137
spam,treasure,tfidf__treasure,tfidf,0.00010022275781692171
spam,fr,tfidf__fr,tfidf,9.995546865205012e-05
spam,cease,tfidf__cease,tfidf,9.990305266000618e-05
spam,starting txt,tfidf__starting txt,tfidf,9.980150762011344e-05
spam,calling,tfidf__calling,tfidf,9.929450792480434e-05
spam,wap,tfidf__wap,tfidf,9.905458440726167e-05
spam,86021,tfidf__86021,tfidf,9.785245434196227e-05
spam,nokia 86021,tfidf__nokia 86021,tfidf,9.785245434196227e-05
spam,biggest live,tfidf__biggest live,tfidf,9.783140849289778e-05
spam,chat just,tfidf__chat just,tfidf,9.783140849289778e-05
spam,chat uk's,tfidf__chat uk's,tfidf,9.783140849289778e-05
spam,cheap chat,tfidf__cheap chat,tfidf,9.783140849289778e-05
spam,choose girl,tfidf__choose girl,tfidf,9.783140849289778e-05
spam,hard live,tfidf__hard live,tfidf,9.783140849289778e-05
spam,live 121,tfidf__live 121,tfidf,9.783140849289778e-05
spam,live service,tfidf__live service,tfidf,9.783140849289778e-05
spam,min choose,tfidf__min choose,tfidf,9.783140849289778e-05
spam,phonetoken cheap,tfidf__phonetoken cheap,tfidf,9.783140849289778e-05
spam,uk's biggest,tfidf__uk's biggest,tfidf,9.783140849289778e-05
spam,really want,tfidf__really want,tfidf,9.77738646559357e-05
spam,account information,tfidf__account information,tfidf,9.772058281746046e-05
spam,coronavirus penalty,tfidf__coronavirus penalty,tfidf,9.772058281746046e-05
spam,fine 35,tfidf__fine 35,tfidf,9.772058281746046e-05
spam,information visit,tfidf__information visit,tfidf,9.772058281746046e-05
spam,occasions yesterday,tfidf__occasions yesterday,tfidf,9.772058281746046e-05
spam,yesterday fine,tfidf__yesterday fine,tfidf,9.772058281746046e-05
spam,shit,tfidf__shit,tfidf,9.763826838302895e-05
spam,forgot,tfidf__forgot,tfidf,9.729105966215793e-05
spam,delight,tfidf__delight,tfidf,9.623084238699624e-05
spam,flirt,tfidf__flirt,tfidf,9.616160042166069e-05
spam,rental free,tfidf__rental free,tfidf,9.585466228868853e-05
spam,confirm sam,tfidf__confirm sam,tfidf,9.559429229694417e-05
spam,urltoken pobox,tfidf__urltoken pobox,tfidf,9.420403189317634e-05
spam,hi baby,tfidf__hi baby,tfidf,9.398578088123389e-05
spam,bl0cked,tfidf__bl0cked,tfidf,9.395018713789144e-05
spam,perform,tfidf__perform,tfidf,9.393089967142107e-05
spam,like fun,tfidf__like fun,tfidf,9.370726235796058e-05
spam,won nokia,tfidf__won nokia,tfidf,9.368164633702746e-05
spam,prove,tfidf__prove,tfidf,9.364357496239638e-05
spam,embody awarded,tfidf__embody awarded,tfidf,9.340334821450735e-05
spam,2rcv,tfidf__2rcv,tfidf,9.336577553948601e-05
spam,cam moby,tfidf__cam moby,tfidf,9.336577553948601e-05
spam,hlp,tfidf__hlp,tfidf,9.336577553948601e-05
spam,hlp phonetoken,tfidf__hlp phonetoken,tfidf,9.336577553948601e-05
spam,moby wanna,tfidf__moby wanna,tfidf,9.336577553948601e-05
spam,msg150p,tfidf__msg150p,tfidf,9.336577553948601e-05
spam,msg150p 2rcv,tfidf__msg150p 2rcv,tfidf,9.336577553948601e-05
spam,wanna pic,tfidf__wanna pic,tfidf,9.336577553948601e-05
spam,customer claim,tfidf__customer claim,tfidf,9.326745963113601e-05
spam,100 gift,tfidf__100 gift,tfidf,9.289090226527672e-05
spam,wife,tfidf__wife,tfidf,9.276417168809368e-05
spam,02 06,tfidf__02 06,tfidf,9.27581420382396e-05
spam,ntt,tfidf__ntt,tfidf,9.271736359029387e-05
spam,ntt po,tfidf__ntt po,tfidf,9.271736359029387e-05
spam,starting,tfidf__starting,tfidf,9.216235900357817e-05
spam,11mths mobilesdirect,tfidf__11mths mobilesdirect,tfidf,9.162888800221572e-05
spam,mates urltoken,tfidf__mates urltoken,tfidf,9.103216168528833e-05
spam,150p mtmsg,tfidf__150p mtmsg,tfidf,9.045202734552472e-05
spam,4t ctxt,tfidf__4t ctxt,tfidf,9.045202734552472e-05
spam,ctxt,tfidf__ctxt,tfidf,9.045202734552472e-05
spam,ctxt tc,tfidf__ctxt tc,tfidf,9.045202734552472e-05
spam,hi customer,tfidf__hi customer,tfidf,9.045202734552472e-05
spam,mtmsg,tfidf__mtmsg,tfidf,9.045202734552472e-05
spam,new nokia6650,tfidf__new nokia6650,tfidf,9.045202734552472e-05
spam,nokia6650,tfidf__nokia6650,tfidf,9.045202734552472e-05
spam,nokia6650 mobile,tfidf__nokia6650 mobile,tfidf,9.045202734552472e-05
spam,tc 150p,tfidf__tc 150p,tfidf,9.045202734552472e-05
spam,live phonetoken,tfidf__live phonetoken,tfidf,9.02998962861313e-05
spam,rs 100,tfidf__rs 100,tfidf,9.028485275569389e-05
spam,50 ur,tfidf__50 ur,tfidf,8.967434980354791e-05
spam,83338,tfidf__83338,tfidf,8.967434980354791e-05
spam,83338 game,tfidf__83338 game,tfidf,8.967434980354791e-05
spam,8ball,tfidf__8ball,tfidf,8.967434980354791e-05
spam,8ball wallpaper,tfidf__8ball wallpaper,tfidf,8.967434980354791e-05
spam,free 8ball,tfidf__free 8ball,tfidf,8.967434980354791e-05
spam,game 50,tfidf__game 50,tfidf,8.967434980354791e-05
spam,game ll,tfidf__game ll,tfidf,8.967434980354791e-05
spam,ll send,tfidf__ll send,tfidf,8.967434980354791e-05
spam,man game,tfidf__man game,tfidf,8.967434980354791e-05
spam,marvel,tfidf__marvel,tfidf,8.967434980354791e-05
spam,marvel mobile,tfidf__marvel mobile,tfidf,8.967434980354791e-05
spam,mobile right,tfidf__mobile right,tfidf,8.967434980354791e-05
spam,official ultimate,tfidf__official ultimate,tfidf,8.967434980354791e-05
spam,right text,tfidf__right text,tfidf,8.967434980354791e-05
spam,spider 83338,tfidf__spider 83338,tfidf,8.967434980354791e-05
spam,spider man,tfidf__spider man,tfidf,8.967434980354791e-05
spam,text spider,tfidf__text spider,tfidf,8.967434980354791e-05
spam,ultimate,tfidf__ultimate,tfidf,8.967434980354791e-05
spam,ultimate spider,tfidf__ultimate spider,tfidf,8.967434980354791e-05
spam,specially choose,tfidf__specially choose,tfidf,8.913358296456452e-05
spam,ship,tfidf__ship,tfidf,8.898301959712168e-05
spam,18 150p,tfidf__18 150p,tfidf,8.887532904409067e-05
spam,ur mates,tfidf__ur mates,tfidf,8.878014621558951e-05
spam,gbs630y,tfidf__gbs630y,tfidf,8.783612442672075e-05
spam,urltoken gbs630y,tfidf__urltoken gbs630y,tfidf,8.783612442672075e-05
spam,billed 150p,tfidf__billed 150p,tfidf,8.75650740990995e-05
spam,mgs billed,tfidf__mgs billed,tfidf,8.75650740990995e-05
spam,08715500022,tfidf__08715500022,tfidf,8.744408171658703e-05
spam,08715500022 rpl,tfidf__08715500022 rpl,tfidf,8.744408171658703e-05
spam,89693 08715500022,tfidf__89693 08715500022,tfidf,8.744408171658703e-05
spam,cnl,tfidf__cnl,tfidf,8.744408171658703e-05
spam,rpl,tfidf__rpl,tfidf,8.744408171658703e-05
spam,there's fantastic,tfidf__there's fantastic,tfidf,8.690269363340527e-05
spam,urltoken there's,tfidf__urltoken there's,tfidf,8.690269363340527e-05
spam,respond,tfidf__respond,tfidf,8.677646020026132e-05
spam,choose receive,tfidf__choose receive,tfidf,8.647472053273246e-05
spam,babe,tfidf__babe,tfidf,8.623929352095988e-05
spam,cool,tfidf__cool,tfidf,8.579456098712256e-05
spam,make delivery,tfidf__make delivery,tfidf,8.575932158733294e-05
spam,best orange,tfidf__best orange,tfidf,8.543950618586522e-05
spam,new offer,tfidf__new offer,tfidf,8.543950618586522e-05
spam,offer double,tfidf__offer double,tfidf,8.543950618586522e-05
spam,txt best,tfidf__txt best,tfidf,8.543950618586522e-05
spam,mobile embody,tfidf__mobile embody,tfidf,8.516017896012801e-05
spam,colour red,tfidf__colour red,tfidf,8.500746222427925e-05
spam,colour txtstar,tfidf__colour txtstar,tfidf,8.500746222427925e-05
spam,number x49,tfidf__number x49,tfidf,8.500746222427925e-05
spam,phonetoken colour,tfidf__phonetoken colour,tfidf,8.500746222427925e-05
spam,red text,tfidf__red text,tfidf,8.500746222427925e-05
spam,text colour,tfidf__text colour,tfidf,8.500746222427925e-05
spam,txtstar,tfidf__txtstar,tfidf,8.500746222427925e-05
spam,x49,tfidf__x49,tfidf,8.500746222427925e-05
spam,x49 mobile,tfidf__x49 mobile,tfidf,8.500746222427925e-05
spam,today lucky,tfidf__today lucky,tfidf,8.392172537173266e-05
spam,2lands,tfidf__2lands,tfidf,8.337723416166209e-05
spam,2lands row,tfidf__2lands row,tfidf,8.337723416166209e-05
spam,hg,tfidf__hg,tfidf,8.337723416166209e-05
spam,hg suite342,tfidf__hg suite342,tfidf,8.337723416166209e-05
spam,suite342,tfidf__suite342,tfidf,8.337723416166209e-05
spam,suite342 2lands,tfidf__suite342 2lands,tfidf,8.337723416166209e-05
spam,recently tried,tfidf__recently tried,tfidf,8.283172589215176e-05
spam,slow,tfidf__slow,tfidf,8.282751175118806e-05
spam,person,tfidf__person,tfidf,8.234125060208925e-05
spam,customer paytm,tfidf__customer paytm,tfidf,8.224710147832774e-05
spam,dear paytm,tfidf__dear paytm,tfidf,8.224710147832774e-05
spam,paytm customer,tfidf__paytm customer,tfidf,8.224710147832774e-05
spam,look make,tfidf__look make,tfidf,8.162133532603434e-05
spam,collection phonetoken,tfidf__collection phonetoken,tfidf,8.135186995044725e-05
spam,final chance,tfidf__final chance,tfidf,8.081521827293398e-05
spam,cam,tfidf__cam,tfidf,8.031096311304664e-05
spam,ok lor,tfidf__ok lor,tfidf,8.002364348807136e-05
spam,ur award,tfidf__ur award,tfidf,7.996298958712312e-05
spam,urltoken ts,tfidf__urltoken ts,tfidf,7.981583995156108e-05
spam,phonetoken receive,tfidf__phonetoken receive,tfidf,7.969500261090076e-05
spam,8pm,tfidf__8pm,tfidf,7.864643816903477e-05
spam,8pm click,tfidf__8pm click,tfidf,7.864643816903477e-05
spam,alerts click,tfidf__alerts click,tfidf,7.864643816903477e-05
spam,battle royale,tfidf__battle royale,tfidf,7.864643816903477e-05
spam,gilchrist,tfidf__gilchrist,tfidf,7.864643816903477e-05
spam,gilchrist vs,tfidf__gilchrist vs,tfidf,7.864643816903477e-05
spam,ipl,tfidf__ipl,tfidf,7.864643816903477e-05
spam,ipl mobile,tfidf__ipl mobile,tfidf,7.864643816903477e-05
spam,mix alerts,tfidf__mix alerts,tfidf,7.864643816903477e-05
spam,pl battle,tfidf__pl battle,tfidf,7.864643816903477e-05
spam,royale,tfidf__royale,tfidf,7.864643816903477e-05
spam,royale gilchrist,tfidf__royale gilchrist,tfidf,7.864643816903477e-05
spam,today 8pm,tfidf__today 8pm,tfidf,7.864643816903477e-05
spam,urltoken ipl,tfidf__urltoken ipl,tfidf,7.864643816903477e-05
spam,vs warne,tfidf__vs warne,tfidf,7.864643816903477e-05
spam,warne,tfidf__warne,tfidf,7.864643816903477e-05
spam,warne today,tfidf__warne today,tfidf,7.864643816903477e-05
spam,asap box97n7qp,tfidf__asap box97n7qp,tfidf,7.847444140213557e-05
spam,box97n7qp,tfidf__box97n7qp,tfidf,7.847444140213557e-05
spam,box97n7qp 150ppm,tfidf__box97n7qp 150ppm,tfidf,7.847444140213557e-05
spam,personal,tfidf__personal,tfidf,7.842455801234638e-05
spam,4mths,tfidf__4mths,tfidf,7.838499288742323e-05
spam,4mths half,tfidf__4mths half,tfidf,7.838499288742323e-05
spam,mobilesdirect,tfidf__mobilesdirect,tfidf,7.838499288742323e-05
spam,mobilesdirect free,tfidf__mobilesdirect free,tfidf,7.838499288742323e-05
spam,phone 11mths,tfidf__phone 11mths,tfidf,7.838499288742323e-05
spam,rental latest,tfidf__rental latest,tfidf,7.838499288742323e-05
spam,weekends draw,tfidf__weekends draw,tfidf,7.829875215849871e-05
spam,lives,tfidf__lives,tfidf,7.804887947243971e-05
spam,03 2nd,tfidf__03 2nd,tfidf,7.790116598296927e-05
spam,phonetoken help,tfidf__phonetoken help,tfidf,7.786464191215418e-05
spam,50p,tfidf__50p,tfidf,7.786178583289366e-05
spam,met,tfidf__met,tfidf,7.765714268872557e-05
spam,rate c's,tfidf__rate c's,tfidf,7.726263312613906e-05
spam,std txt,tfidf__std txt,tfidf,7.726263312613906e-05
spam,txt rate,tfidf__txt rate,tfidf,7.726263312613906e-05
spam,awarded 2000,tfidf__awarded 2000,tfidf,7.689203674944674e-05
spam,tm,tfidf__tm,tfidf,7.682032660415819e-05
spam,embody grant,tfidf__embody grant,tfidf,7.671206672392401e-05
spam,unusual,tfidf__unusual,tfidf,7.648667049122748e-05
spam,attempt touch,tfidf__attempt touch,tfidf,7.63150433517037e-05
spam,phonetoken hg,tfidf__phonetoken hg,tfidf,7.592318530516325e-05
spam,adam,tfidf__adam,tfidf,7.589449115562038e-05
spam,adam eve,tfidf__adam eve,tfidf,7.589449115562038e-05
spam,heart txt,tfidf__heart txt,tfidf,7.589449115562038e-05
spam,logo ur,tfidf__logo ur,tfidf,7.589449115562038e-05
spam,lover names,tfidf__lover names,tfidf,7.589449115562038e-05
spam,mobno,tfidf__mobno,tfidf,7.589449115562038e-05
spam,name1,tfidf__name1,tfidf,7.589449115562038e-05
spam,name1 name2,tfidf__name1 name2,tfidf,7.589449115562038e-05
spam,name2,tfidf__name2,tfidf,7.589449115562038e-05
spam,name2 mobno,tfidf__name2 mobno,tfidf,7.589449115562038e-05
spam,names,tfidf__names,tfidf,7.589449115562038e-05
spam,phonetoken 87077,tfidf__phonetoken 87077,tfidf,7.589449115562038e-05
spam,calling phonetoken,tfidf__calling phonetoken,tfidf,7.582052180544349e-05
spam,free calling,tfidf__free calling,tfidf,7.582052180544349e-05
spam,sk38xh,tfidf__sk38xh,tfidf,7.551791825454375e-05
spam,todays voda,tfidf__todays voda,tfidf,7.524661975095439e-05
spam,voda,tfidf__voda,tfidf,7.524661975095439e-05
spam,voda numbers,tfidf__voda numbers,tfidf,7.524661975095439e-05
spam,savamob,tfidf__savamob,tfidf,7.44968551626216e-05
spam,account suspension,tfidf__account suspension,tfidf,7.436502968601948e-05
spam,activity,tfidf__activity,tfidf,7.436502968601948e-05
spam,log secure,tfidf__log secure,tfidf,7.436502968601948e-05
spam,suspension,tfidf__suspension,tfidf,7.436502968601948e-05
spam,unusual activity,tfidf__unusual activity,tfidf,7.436502968601948e-05
spam,1450,tfidf__1450,tfidf,7.409633741995813e-05
spam,1450 prize,tfidf__1450 prize,tfidf,7.409633741995813e-05
spam,competition draw,tfidf__competition draw,tfidf,7.409633741995813e-05
spam,congratulations week's,tfidf__congratulations week's,tfidf,7.409633741995813e-05
spam,cs stop,tfidf__cs stop,tfidf,7.409633741995813e-05
spam,week's competition,tfidf__week's competition,tfidf,7.409633741995813e-05
spam,50 pm,tfidf__50 pm,tfidf,7.345458326010327e-05
spam,costa,tfidf__costa,tfidf,7.345458326010327e-05
spam,costa del,tfidf__costa del,tfidf,7.345458326010327e-05
spam,del sol,tfidf__del sol,tfidf,7.345458326010327e-05
spam,max10mins,tfidf__max10mins,tfidf,7.345458326010327e-05
spam,phonetoken toclaim,tfidf__phonetoken toclaim,tfidf,7.345458326010327e-05
spam,pm max10mins,tfidf__pm max10mins,tfidf,7.345458326010327e-05
spam,pobox334,tfidf__pobox334,tfidf,7.345458326010327e-05
spam,pobox334 stockport,tfidf__pobox334 stockport,tfidf,7.345458326010327e-05
spam,sk38xh cost,tfidf__sk38xh cost,tfidf,7.345458326010327e-05
spam,sol,tfidf__sol,tfidf,7.345458326010327e-05
spam,sol holiday,tfidf__sol holiday,tfidf,7.345458326010327e-05
spam,stockport,tfidf__stockport,tfidf,7.345458326010327e-05
spam,stockport sk38xh,tfidf__stockport sk38xh,tfidf,7.345458326010327e-05
spam,toclaim,tfidf__toclaim,tfidf,7.345458326010327e-05
spam,toclaim sae,tfidf__toclaim sae,tfidf,7.345458326010327e-05
spam,fastest growing,tfidf__fastest growing,tfidf,7.319185801975309e-05
spam,growing,tfidf__growing,tfidf,7.319185801975309e-05
spam,surprise awaiting,tfidf__surprise awaiting,tfidf,7.282166035853593e-05
spam,know country,tfidf__know country,tfidf,7.244327798290377e-05
spam,player know,tfidf__player know,tfidf,7.244327798290377e-05
spam,c's apply,tfidf__c's apply,tfidf,7.230347956511618e-05
spam,cash holiday,tfidf__cash holiday,tfidf,7.196666016161042e-05
spam,txting tell,tfidf__txting tell,tfidf,7.173574658261511e-05
spam,claim weeks,tfidf__claim weeks,tfidf,7.104240613074083e-05
spam,14,tfidf__14,tfidf,7.101107062649416e-05
spam,urgent important,tfidf__urgent important,tfidf,7.099719408838939e-05
spam,goto urltoken,tfidf__goto urltoken,tfidf,7.057490387940691e-05
spam,just got,tfidf__just got,tfidf,6.971478210078182e-05
spam,joined heart,tfidf__joined heart,tfidf,6.940276921562443e-05
spam,names joined,tfidf__names joined,tfidf,6.940276921562443e-05
spam,inr,tfidf__inr,tfidf,6.880333956059607e-05
spam,cash await,tfidf__cash await,tfidf,6.808782505754033e-05
spam,sae cs,tfidf__sae cs,tfidf,6.808782505754033e-05
spam,24hr,tfidf__24hr,tfidf,6.665840401303353e-05
spam,24hr thank,tfidf__24hr thank,tfidf,6.665840401303353e-05
spam,pay tm,tfidf__pay tm,tfidf,6.665840401303353e-05
spam,phonetoken paytm,tfidf__phonetoken paytm,tfidf,6.665840401303353e-05
spam,tm office,tfidf__tm office,tfidf,6.665840401303353e-05
spam,aft,tfidf__aft,tfidf,6.639952362017395e-05
spam,arrange,tfidf__arrange,tfidf,6.599486351467286e-05
spam,ur lover,tfidf__ur lover,tfidf,6.590003498259174e-05
spam,password,tfidf__password,tfidf,6.579865566607534e-05
spam,arrive customer,tfidf__arrive customer,tfidf,6.54072917836487e-05
spam,ask,tfidf__ask,tfidf,6.521365818756914e-05
spam,pl,tfidf__pl,tfidf,6.515479223366423e-05
spam,collection sae,tfidf__collection sae,tfidf,6.504270357943185e-05
spam,tenerife,tfidf__tenerife,tfidf,6.45947384962083e-05
spam,tenerife holiday,tfidf__tenerife holiday,tfidf,6.45947384962083e-05
spam,months,tfidf__months,tfidf,6.419144853023468e-05
spam,spare,tfidf__spare,tfidf,6.417353519875647e-05
spam,pleased advise,tfidf__pleased advise,tfidf,6.38015772980273e-05
spam,customer services,tfidf__customer services,tfidf,6.373920699760774e-05
spam,bl0cked activate,tfidf__bl0cked activate,tfidf,6.340387490552864e-05
spam,player experience,tfidf__player experience,tfidf,6.339260808835363e-05
spam,win ipod,tfidf__win ipod,tfidf,6.264873652825779e-05
spam,maximise,tfidf__maximise,tfidf,6.225295738422978e-05
spam,maximise ur,tfidf__maximise ur,tfidf,6.225295738422978e-05
spam,ve,tfidf__ve,tfidf,6.218688240055667e-05
spam,send free,tfidf__send free,tfidf,6.205016610913823e-05
spam,daily cancel,tfidf__daily cancel,tfidf,6.135242015206988e-05
spam,5p,tfidf__5p,tfidf,6.080603099422867e-05
spam,gain,tfidf__gain,tfidf,6.06936736230852e-05
spam,2rcv hlp,tfidf__2rcv hlp,tfidf,6.025953625966226e-05
spam,82242 msg150p,tfidf__82242 msg150p,tfidf,6.025953625966226e-05
spam,company jst,tfidf__company jst,tfidf,6.025953625966226e-05
spam,date 82242,tfidf__date 82242,tfidf,6.025953625966226e-05
spam,feelin kinda,tfidf__feelin kinda,tfidf,6.025953625966226e-05
spam,freemsg feelin,tfidf__freemsg feelin,tfidf,6.025953625966226e-05
spam,kinda lnly,tfidf__kinda lnly,tfidf,6.025953625966226e-05
spam,lnly,tfidf__lnly,tfidf,6.025953625966226e-05
spam,pic txt,tfidf__pic txt,tfidf,6.025953625966226e-05
spam,stop 82242,tfidf__stop 82242,tfidf,6.025953625966226e-05
spam,mobile customer,tfidf__mobile customer,tfidf,5.9453402735077826e-05
spam,great new,tfidf__great new,tfidf,5.907386249192464e-05
spam,used,tfidf__used,tfidf,5.906805078619358e-05
spam,mobile exist,tfidf__mobile exist,tfidf,5.881125766957941e-05
spam,2000 award,tfidf__2000 award,tfidf,5.834373612932178e-05
spam,award speak,tfidf__award speak,tfidf,5.834373612932178e-05
spam,company,tfidf__company,tfidf,5.8317078920470634e-05
spam,winner ingest,tfidf__winner ingest,tfidf,5.8278719114297894e-05
spam,row,tfidf__row,tfidf,5.7951246398060946e-05
spam,review mobile,tfidf__review mobile,tfidf,5.7748459826949246e-05
spam,sae tc,tfidf__sae tc,tfidf,5.759903799357102e-05
spam,tc pobox334,tfidf__tc pobox334,tfidf,5.759903799357102e-05
spam,fantasies phonetoken,tfidf__fantasies phonetoken,tfidf,5.739426953218996e-05
spam,information o2,tfidf__information o2,tfidf,5.7183659527691654e-05
spam,o2 user,tfidf__o2 user,tfidf,5.7183659527691654e-05
spam,150ppm 16,tfidf__150ppm 16,tfidf,5.7097789016424515e-05
spam,file,tfidf__file,tfidf,5.7084265517711046e-05
spam,urltoken fantastic,tfidf__urltoken fantastic,tfidf,5.698689144992117e-05
spam,i'd,tfidf__i'd,tfidf,5.696678774875161e-05
spam,u've selected,tfidf__u've selected,tfidf,5.660501974968015e-05
spam,frnd,tfidf__frnd,tfidf,5.6528850466620676e-05
spam,succeed recent,tfidf__succeed recent,tfidf,5.64555419756271e-05
spam,txt reply,tfidf__txt reply,tfidf,5.6096815913443883e-05
spam,enjoin,tfidf__enjoin,tfidf,5.571040574156697e-05
spam,embody 2nd,tfidf__embody 2nd,tfidf,5.563257010565345e-05
spam,collection cs,tfidf__collection cs,tfidf,5.5469006772004304e-05
spam,cs sae,tfidf__cs sae,tfidf,5.5469006772004304e-05
spam,landline 5000,tfidf__landline 5000,tfidf,5.5469006772004304e-05
spam,registration,tfidf__registration,tfidf,5.529680025472651e-05
spam,24 10,tfidf__24 10,tfidf,5.519453248024102e-05
spam,customer 00,tfidf__customer 00,tfidf,5.4872311988286726e-05
spam,bored,tfidf__bored,tfidf,5.476668218828102e-05
spam,rates app,tfidf__rates app,tfidf,5.475309614340658e-05
spam,nonplus,tfidf__nonplus,tfidf,5.470349243638994e-05
spam,till,tfidf__till,tfidf,5.455610541913679e-05
spam,hi babe,tfidf__hi babe,tfidf,5.351092352497727e-05
spam,ascertain,tfidf__ascertain,tfidf,5.307601749108853e-05
spam,block 24hr,tfidf__block 24hr,tfidf,5.279073355696461e-05
spam,paytm block,tfidf__paytm block,tfidf,5.279073355696461e-05
spam,admirer look,tfidf__admirer look,tfidf,5.2400999035008637e-05
spam,00 urltoken,tfidf__00 urltoken,tfidf,5.2245542350237866e-05
spam,free calls,tfidf__free calls,tfidf,5.1743145562307815e-05
spam,unlimited free,tfidf__unlimited free,tfidf,5.1743145562307815e-05
spam,087123002209am,tfidf__087123002209am,tfidf,5.155691944387884e-05
spam,087123002209am 7pm,tfidf__087123002209am 7pm,tfidf,5.155691944387884e-05
spam,dress,tfidf__dress,tfidf,5.1523502548410304e-05
spam,1000 cashto,tfidf__1000 cashto,tfidf,5.140134091261882e-05
spam,200 award,tfidf__200 award,tfidf,5.140134091261882e-05
spam,4jx,tfidf__4jx,tfidf,5.140134091261882e-05
spam,88222,tfidf__88222,tfidf,5.140134091261882e-05
spam,88222 php,tfidf__88222 php,tfidf,5.140134091261882e-05
spam,award 1000,tfidf__award 1000,tfidf,5.140134091261882e-05
spam,award free,tfidf__award free,tfidf,5.140134091261882e-05
spam,cashto,tfidf__cashto,tfidf,5.140134091261882e-05
spam,getstop,tfidf__getstop,tfidf,5.140134091261882e-05
spam,getstop 88222,tfidf__getstop 88222,tfidf,5.140134091261882e-05
spam,guaranteed 200,tfidf__guaranteed 200,tfidf,5.140134091261882e-05
spam,php,tfidf__php,tfidf,5.140134091261882e-05
spam,php rg21,tfidf__php rg21,tfidf,5.140134091261882e-05
spam,rg21,tfidf__rg21,tfidf,5.140134091261882e-05
spam,rg21 4jx,tfidf__rg21 4jx,tfidf,5.140134091261882e-05
spam,stop getstop,tfidf__stop getstop,tfidf,5.140134091261882e-05
spam,attempt contact,tfidf__attempt contact,tfidf,5.1263593901819725e-05
spam,sex,tfidf__sex,tfidf,5.1255487128669314e-05
spam,cash 6000,tfidf__cash 6000,tfidf,5.060206279308141e-05
spam,inr 00,tfidf__inr 00,tfidf,4.9820082008474e-05
spam,awarded rs,tfidf__awarded rs,tfidf,4.975695405561054e-05
spam,goto,tfidf__goto,tfidf,4.964983280121237e-05
spam,cw25wx,tfidf__cw25wx,tfidf,4.8829668737765186e-05
spam,t's,tfidf__t's,tfidf,4.8238527098522945e-05
spam,t's c's,tfidf__t's c's,tfidf,4.8238527098522945e-05
spam,feelin,tfidf__feelin,tfidf,4.739168367853938e-05
spam,150 prize,tfidf__150 prize,tfidf,4.725583262193293e-05
spam,selected stay,tfidf__selected stay,tfidf,4.7211215122664513e-05
spam,mid,tfidf__mid,tfidf,4.690077361537473e-05
spam,mgs 150p,tfidf__mgs 150p,tfidf,4.6825935672733175e-05
spam,26,tfidf__26,tfidf,4.6203793403803944e-05
spam,local,tfidf__local,tfidf,4.606827295859641e-05
spam,numbers finish,tfidf__numbers finish,tfidf,4.562069578407887e-05
spam,28days,tfidf__28days,tfidf,4.546918460813363e-05
spam,28days cs,tfidf__28days cs,tfidf,4.546918460813363e-05
spam,2yr,tfidf__2yr,tfidf,4.546918460813363e-05
spam,2yr warranty,tfidf__2yr warranty,tfidf,4.546918460813363e-05
spam,box177,tfidf__box177,tfidf,4.546918460813363e-05
spam,box177 m221bp,tfidf__box177 m221bp,tfidf,4.546918460813363e-05
spam,cs box177,tfidf__cs box177,tfidf,4.546918460813363e-05
spam,delivery 28days,tfidf__delivery 28days,tfidf,4.546918460813363e-05
spam,m221bp,tfidf__m221bp,tfidf,4.546918460813363e-05
spam,m221bp 2yr,tfidf__m221bp 2yr,tfidf,4.546918460813363e-05
spam,warranty,tfidf__warranty,tfidf,4.546918460813363e-05
spam,warranty 150ppm,tfidf__warranty 150ppm,tfidf,4.546918460813363e-05
spam,ingest exist,tfidf__ingest exist,tfidf,4.4677502419686095e-05
spam,sign,tfidf__sign,tfidf,4.4378780081793264e-05
spam,08,tfidf__08,tfidf,4.436330568738073e-05
spam,space,tfidf__space,tfidf,4.42093836076001e-05
spam,valued network,tfidf__valued network,tfidf,4.4197806346460764e-05
spam,winner valued,tfidf__winner valued,tfidf,4.4197806346460764e-05
spam,phonetoken arrogate,tfidf__phonetoken arrogate,tfidf,4.379722781023487e-05
spam,age,tfidf__age,tfidf,4.320665032593659e-05
spam,reach phonetoken,tfidf__reach phonetoken,tfidf,4.311252631197058e-05
spam,friend reply,tfidf__friend reply,tfidf,4.289934655743603e-05
spam,7250i,tfidf__7250i,tfidf,4.259305590879912e-05
spam,nokia 7250i,tfidf__nokia 7250i,tfidf,4.259305590879912e-05
spam,charged 50,tfidf__charged 50,tfidf,4.24577646914813e-05
spam,nokia mobile,tfidf__nokia mobile,tfidf,4.195511232643813e-05
spam,complimentary tenerife,tfidf__complimentary tenerife,tfidf,4.173284233797541e-05
spam,cs box,tfidf__cs box,tfidf,4.173284233797541e-05
spam,suspended pay,tfidf__suspended pay,tfidf,4.1450830771501944e-05
spam,let's,tfidf__let's,tfidf,4.11088668565582e-05
spam,phonetoken 50,tfidf__phonetoken 50,tfidf,4.0534066171136985e-05
spam,todays draw,tfidf__todays draw,tfidf,4.033214216353611e-05
spam,900 prize,tfidf__900 prize,tfidf,4.017065110146546e-05
spam,ur mobile,tfidf__ur mobile,tfidf,4.016027712022583e-05
spam,latest colour,tfidf__latest colour,tfidf,4.002509507208219e-05
spam,1000 winner,tfidf__1000 winner,tfidf,3.930595804012652e-05
spam,150ppmpobox10183bhamb64xe,tfidf__150ppmpobox10183bhamb64xe,tfidf,3.930595804012652e-05
spam,phonetoken 150ppmpobox10183bhamb64xe,tfidf__phonetoken 150ppmpobox10183bhamb64xe,tfidf,3.930595804012652e-05
spam,mobile awarded,tfidf__mobile awarded,tfidf,3.9302554452797304e-05
spam,150 ppm,tfidf__150 ppm,tfidf,3.907521443470004e-05
spam,ppm,tfidf__ppm,tfidf,3.907521443470004e-05
spam,10am 7pm,tfidf__10am 7pm,tfidf,3.878965823375578e-05
spam,street,tfidf__street,tfidf,3.865059103791654e-05
spam,enjoin ur,tfidf__enjoin ur,tfidf,3.827601085463987e-05
spam,stuff,tfidf__stuff,tfidf,3.791942556930181e-05
spam,urgent embody,tfidf__urgent embody,tfidf,3.77224125861671e-05
spam,embody suspended,tfidf__embody suspended,tfidf,3.758284458446313e-05
spam,urltoken text,tfidf__urltoken text,tfidf,3.6835789796410423e-05
spam,81,tfidf__81,tfidf,3.644967006785422e-05
spam,81 urltoken,tfidf__81 urltoken,tfidf,3.644967006785422e-05
spam,phonetoken 81,tfidf__phonetoken 81,tfidf,3.644967006785422e-05
spam,customer exist,tfidf__customer exist,tfidf,3.6298424740214046e-05
spam,prize collect,tfidf__prize collect,tfidf,3.595592809222185e-05
spam,embody easy,tfidf__embody easy,tfidf,3.59438578026267e-05
spam,texts free,tfidf__texts free,tfidf,3.54255671313023e-05
spam,trust,tfidf__trust,tfidf,3.465034133269975e-05
spam,800 prize,tfidf__800 prize,tfidf,3.447124364586546e-05
spam,deal,tfidf__deal,tfidf,3.400421092528139e-05
spam,embody free,tfidf__embody free,tfidf,3.3747920452967197e-05
spam,jst,tfidf__jst,tfidf,3.281813309900263e-05
spam,ve won,tfidf__ve won,tfidf,3.250556967505502e-05
spam,won costa,tfidf__won costa,tfidf,3.250556967505502e-05
spam,figure,tfidf__figure,tfidf,3.243506607069187e-05
spam,select receive,tfidf__select receive,tfidf,3.1966250558971295e-05
spam,live pay,tfidf__live pay,tfidf,3.1900905636772514e-05
spam,pay download,tfidf__pay download,tfidf,3.1900905636772514e-05
spam,joined,tfidf__joined,tfidf,3.150370865873013e-05
spam,feeling,tfidf__feeling,tfidf,3.138169307136834e-05
spam,contact todays,tfidf__contact todays,tfidf,3.114701683395506e-05
spam,time use,tfidf__time use,tfidf,3.1128080901776486e-05
spam,contact weekends,tfidf__contact weekends,tfidf,3.10760924039803e-05
spam,number ingest,tfidf__number ingest,tfidf,3.0667383828611184e-05
spam,prove contact,tfidf__prove contact,tfidf,2.987803991965033e-05
spam,claim yr,tfidf__claim yr,tfidf,2.9740992997196575e-05
spam,receivea,tfidf__receivea,tfidf,2.8742536278609736e-05
spam,receivea 900,tfidf__receivea 900,tfidf,2.8742536278609736e-05
spam,12hrs 150ppm,tfidf__12hrs 150ppm,tfidf,2.8097779795868132e-05
spam,order reference,tfidf__order reference,tfidf,2.7958757849773658e-05
spam,holder claim,tfidf__holder claim,tfidf,2.7957363669505727e-05
spam,stop txt,tfidf__stop txt,tfidf,2.741817263512139e-05
spam,contact claim,tfidf__contact claim,tfidf,2.706305078588726e-05
spam,don't want,tfidf__don't want,tfidf,2.6519066234261377e-05
spam,story,tfidf__story,tfidf,2.6466022584671736e-05
spam,326,tfidf__326,tfidf,2.5954914328696315e-05
spam,326 cw25wx,tfidf__326 cw25wx,tfidf,2.5954914328696315e-05
spam,abta,tfidf__abta,tfidf,2.5954914328696315e-05
spam,abta complimentary,tfidf__abta complimentary,tfidf,2.5954914328696315e-05
spam,box 326,tfidf__box 326,tfidf,2.5954914328696315e-05
spam,landline abta,tfidf__landline abta,tfidf,2.5954914328696315e-05
spam,whats,tfidf__whats,tfidf,2.5866191385413423e-05
spam,1000 prize,tfidf__1000 prize,tfidf,2.542812084822603e-05
spam,tc,tfidf__tc,tfidf,2.468895359516238e-05
spam,female,tfidf__female,tfidf,2.4402911308405272e-05
spam,camera mobile,tfidf__camera mobile,tfidf,2.3959603859367676e-05
spam,exist awarded,tfidf__exist awarded,tfidf,2.3810461540044648e-05
spam,box95qu,tfidf__box95qu,tfidf,2.328969030830506e-05
spam,phonetoken box95qu,tfidf__phonetoken box95qu,tfidf,2.328969030830506e-05
spam,1131,tfidf__1131,tfidf,2.3063445135248895e-05
spam,1131 standard,tfidf__1131 standard,tfidf,2.3063445135248895e-05
spam,5226,tfidf__5226,tfidf,2.3063445135248895e-05
spam,award hava,tfidf__award hava,tfidf,2.3063445135248895e-05
spam,code 1131,tfidf__code 1131,tfidf,2.3063445135248895e-05
spam,hava,tfidf__hava,tfidf,2.3063445135248895e-05
spam,hava match,tfidf__hava match,tfidf,2.3063445135248895e-05
spam,03 embody,tfidf__03 embody,tfidf,2.235877410089722e-05
spam,stop send,tfidf__stop send,tfidf,2.1888909939477223e-05
spam,yell phonetoken,tfidf__yell phonetoken,tfidf,2.1681831155377882e-05
spam,valid12hrs,tfidf__valid12hrs,tfidf,2.1634509067319918e-05
spam,yrs,tfidf__yrs,tfidf,2.1583859954212373e-05
spam,selected receivea,tfidf__selected receivea,tfidf,2.1545432653692605e-05
spam,reward claim,tfidf__reward claim,tfidf,2.1515221075648263e-05
spam,won 800,tfidf__won 800,tfidf,2.135292046711981e-05
spam,dear fl1pkart,tfidf__dear fl1pkart,tfidf,2.040682059444732e-05
spam,fl1pkart customer,tfidf__fl1pkart customer,tfidf,2.040682059444732e-05
spam,shows w0n,tfidf__shows w0n,tfidf,2.040682059444732e-05
spam,urgent dear,tfidf__urgent dear,tfidf,2.040682059444732e-05
spam,w0n rs,tfidf__w0n rs,tfidf,2.040682059444732e-05
spam,awarded 000,tfidf__awarded 000,tfidf,1.9859574704051107e-05
spam,future,tfidf__future,tfidf,1.9738456618252896e-05
spam,experience embody,tfidf__experience embody,tfidf,1.9345517057463304e-05
spam,loss,tfidf__loss,tfidf,1.909599813870832e-05
spam,cut,tfidf__cut,tfidf,1.8649277236850356e-05
spam,text i'm,tfidf__text i'm,tfidf,1.7838833468055827e-05
spam,reference number,tfidf__reference number,tfidf,1.7758017447288248e-05
spam,ll,tfidf__ll,tfidf,1.7377979105051596e-05
spam,cup,tfidf__cup,tfidf,1.731323520769982e-05
spam,500 free,tfidf__500 free,tfidf,1.6296613398758163e-05
spam,silver,tfidf__silver,tfidf,1.616610045989899e-05
spam,request,tfidf__request,tfidf,1.5534188887913663e-05
spam,things,tfidf__things,tfidf,1.5082568692299272e-05
spam,reference,tfidf__reference,tfidf,1.4564943292012338e-05
spam,touch weekends,tfidf__touch weekends,tfidf,1.4391218907390677e-05
spam,billed,tfidf__billed,tfidf,1.2371316303002164e-05
spam,added,tfidf__added,tfidf,1.1730157114013026e-05
spam,prizes,tfidf__prizes,tfidf,1.1488249445849094e-05
spam,assure,tfidf__assure,tfidf,1.1264990182660352e-05
spam,amanda,tfidf__amanda,tfidf,1.1112933936190961e-05
spam,amanda regard,tfidf__amanda regard,tfidf,1.1112933936190961e-05
spam,charge offer,tfidf__charge offer,tfidf,1.1112933936190961e-05
spam,current mobile,tfidf__current mobile,tfidf,1.1112933936190961e-05
spam,free charge,tfidf__free charge,tfidf,1.1112933936190961e-05
spam,handset free,tfidf__handset free,tfidf,1.1112933936190961e-05
spam,mobile handset,tfidf__mobile handset,tfidf,1.1112933936190961e-05
spam,phonetoken subject,tfidf__phonetoken subject,tfidf,1.1112933936190961e-05
spam,regard,tfidf__regard,tfidf,1.1112933936190961e-05
spam,subject,tfidf__subject,tfidf,1.1112933936190961e-05
spam,subject t's,tfidf__subject t's,tfidf,1.1112933936190961e-05
spam,tel phonetoken,tfidf__tel phonetoken,tfidf,1.1112933936190961e-05
spam,today tel,tfidf__today tel,tfidf,1.1112933936190961e-05
spam,bear,tfidf__bear,tfidf,1.1057353032496619e-05
spam,vouchers week,tfidf__vouchers week,tfidf,1.0204539910516661e-05
spam,hard,tfidf__hard,tfidf,9.586086735975233e-06
spam,cup final,tfidf__cup final,tfidf,7.85942211636196e-06
spam,tkts,tfidf__tkts,tfidf,7.85942211636196e-06
spam,code flip52,tfidf__code flip52,tfidf,7.806615015123416e-06
spam,flip52,tfidf__flip52,tfidf,7.806615015123416e-06
spam,flip52 valid,tfidf__flip52 valid,tfidf,7.806615015123416e-06
spam,giving,tfidf__giving,tfidf,7.480949260062687e-06
spam,1x150p,tfidf__1x150p,tfidf,7.399973311558601e-06
spam,1x150p wk,tfidf__1x150p wk,tfidf,7.399973311558601e-06
spam,phonetoken 1x150p,tfidf__phonetoken 1x150p,tfidf,7.399973311558601e-06
spam,save,tfidf__save,tfidf,6.405650489061908e-06
spam,txting,tfidf__txting,tfidf,6.1276581141582445e-06
spam,delete,tfidf__delete,tfidf,5.96141615615525e-06
spam,guys,tfidf__guys,tfidf,5.609677611847141e-06
spam,cust care,tfidf__cust care,tfidf,5.5642300115621204e-06
spam,fone,tfidf__fone,tfidf,5.383505487738451e-06
spam,attempt reach,tfidf__attempt reach,tfidf,5.230781691309945e-06
spam,today text,tfidf__today text,tfidf,4.6965287488223914e-06
spam,vouchers today,tfidf__vouchers today,tfidf,4.6965287488223914e-06
spam,watch,tfidf__watch,tfidf,4.3690293572366615e-06
spam,live town,tfidf__live town,tfidf,4.242996748618422e-06
spam,battle,tfidf__battle,tfidf,4.2089444578439085e-06
spam,equal,tfidf__equal,tfidf,3.7056572101102307e-06
spam,06,tfidf__06,tfidf,3.6442820262254673e-06
spam,process,tfidf__process,tfidf,3.38195638026321e-06
spam,talk time,tfidf__talk time,tfidf,3.156454521759792e-06
spam,worth,tfidf__worth,tfidf,2.848310508180282e-06
spam,85023 savamob,tfidf__85023 savamob,tfidf,2.7564816593905252e-06
spam,offers mobile,tfidf__offers mobile,tfidf,2.7564816593905252e-06
spam,tried contact,tfidf__tried contact,tfidf,2.2336533665818074e-06
spam,offer ends,tfidf__offer ends,tfidf,1.1798477815053355e-06
spam,female live,tfidf__female live,tfidf,1.1672785930181839e-06
spam,freemsg haven't,tfidf__freemsg haven't,tfidf,1.1672785930181839e-06
spam,live local,tfidf__live local,tfidf,1.1672785930181839e-06
spam,local luv,tfidf__local luv,tfidf,1.1672785930181839e-06
spam,date service,tfidf__date service,tfidf,4.475805796106859e-07
spam,locations,tfidf__locations,tfidf,2.445908512183872e-07
spam,00 sub,tfidf__00 sub,tfidf,0.0
spam,000 songs,tfidf__000 songs,tfidf,0.0
spam,000 xmas,tfidf__000 xmas,tfidf,0.0
spam,02 claimcode,tfidf__02 claimcode,tfidf,0.0
spam,02 user,tfidf__02 user,tfidf,0.0
spam,03 exist,tfidf__03 exist,tfidf,0.0
spam,04 43,tfidf__04 43,tfidf,0.0
spam,05,tfidf__05,tfidf,0.0
spam,050703,tfidf__050703,tfidf,0.0
spam,050703 csbcm4235wc1n3xx,tfidf__050703 csbcm4235wc1n3xx,tfidf,0.0
spam,078,tfidf__078,tfidf,0.0
spam,07xxxxxxxxx,tfidf__07xxxxxxxxx,tfidf,0.0
spam,08718727870150ppm,tfidf__08718727870150ppm,tfidf,0.0
spam,09,tfidf__09,tfidf,0.0
spam,0km,tfidf__0km,tfidf,0.0
spam,0km frm,tfidf__0km frm,tfidf,0.0
spam,10 00,tfidf__10 00,tfidf,0.0
spam,10 000,tfidf__10 000,tfidf,0.0
spam,100 000,tfidf__100 000,tfidf,0.0
spam,100 cash,tfidf__100 cash,tfidf,0.0
spam,100 security,tfidf__100 security,tfidf,0.0
spam,100 txts,tfidf__100 txts,tfidf,0.0
spam,1000 txt,tfidf__1000 txt,tfidf,0.0
spam,1000 txts,tfidf__1000 txts,tfidf,0.0
spam,1000call,tfidf__1000call,tfidf,0.0
spam,1000call phonetoken,tfidf__1000call phonetoken,tfidf,0.0
spam,10ppm,tfidf__10ppm,tfidf,0.0
spam,10ppm 16,tfidf__10ppm 16,tfidf,0.0
spam,113,tfidf__113,tfidf,0.0
spam,113 bray,tfidf__113 bray,tfidf,0.0
spam,11pm,tfidf__11pm,tfidf,0.0
spam,11pm won,tfidf__11pm won,tfidf,0.0
spam,12 help,tfidf__12 help,tfidf,0.0
spam,12 kiosk,tfidf__12 kiosk,tfidf,0.0
spam,12 mths,tfidf__12 mths,tfidf,0.0
spam,1250,tfidf__1250,tfidf,0.0
spam,1250 phonetoken,tfidf__1250 phonetoken,tfidf,0.0
spam,12hours,tfidf__12hours,tfidf,0.0
spam,135,tfidf__135,tfidf,0.0
spam,135 with2,tfidf__135 with2,tfidf,0.0
spam,14 500,tfidf__14 500,tfidf,0.0
spam,146tf150p,tfidf__146tf150p,tfidf,0.0
spam,146tf150p win,tfidf__146tf150p win,tfidf,0.0
spam,14thmarch,tfidf__14thmarch,tfidf,0.0
spam,14thmarch c's,tfidf__14thmarch c's,tfidf,0.0
spam,15 noida,tfidf__15 noida,tfidf,0.0
spam,150 case,tfidf__150 case,tfidf,0.0
spam,150 text,tfidf__150 text,tfidf,0.0
spam,150 textand,tfidf__150 textand,tfidf,0.0
spam,150p phonetoken,tfidf__150p phonetoken,tfidf,0.0
spam,150ppm 18,tfidf__150ppm 18,tfidf,0.0
spam,150ppm ave,tfidf__150ppm ave,tfidf,0.0
spam,150ppm mobilesvary,tfidf__150ppm mobilesvary,tfidf,0.0
spam,150ppmmobilesvary,tfidf__150ppmmobilesvary,tfidf,0.0
spam,150ppmmobilesvary max,tfidf__150ppmmobilesvary max,tfidf,0.0
spam,151 pause,tfidf__151 pause,tfidf,0.0
spam,16 99,tfidf__16 99,tfidf,0.0
spam,16 c's,tfidf__16 c's,tfidf,0.0
spam,16 cs,tfidf__16 cs,tfidf,0.0
spam,16 remove,tfidf__16 remove,tfidf,0.0
spam,16 unsub,tfidf__16 unsub,tfidf,0.0
spam,18 days,tfidf__18 days,tfidf,0.0
spam,18 urltoken,tfidf__18 urltoken,tfidf,0.0
spam,19 10,tfidf__19 10,tfidf,0.0
spam,1er,tfidf__1er,tfidf,0.0
spam,1er stop,tfidf__1er stop,tfidf,0.0
spam,1st class,tfidf__1st class,tfidf,0.0
spam,1st ur,tfidf__1st ur,tfidf,0.0
spam,1winaweek,tfidf__1winaweek,tfidf,0.0
spam,1winaweek age16,tfidf__1winaweek age16,tfidf,0.0
spam,1yf,tfidf__1yf,tfidf,0.0
spam,1yf 150ppm,tfidf__1yf 150ppm,tfidf,0.0
spam,20 000,tfidf__20 000,tfidf,0.0
spam,200 prize,tfidf__200 prize,tfidf,0.0
spam,2000 bonus,tfidf__2000 bonus,tfidf,0.0
spam,2006,tfidf__2006,tfidf,0.0
spam,2006 fifa,tfidf__2006 fifa,tfidf,0.0
spam,2007,tfidf__2007,tfidf,0.0
spam,2007 band,tfidf__2007 band,tfidf,0.0
spam,21 aberdeen,tfidf__21 aberdeen,tfidf,0.0
spam,21 matches,tfidf__21 matches,tfidf,0.0
spam,220,tfidf__220,tfidf,0.0
spam,220 cm2,tfidf__220 cm2,tfidf,0.0
spam,24 hour,tfidf__24 hour,tfidf,0.0
spam,24 hr,tfidf__24 hr,tfidf,0.0
spam,25 inviting,tfidf__25 inviting,tfidf,0.0
spam,250 cash,tfidf__250 cash,tfidf,0.0
spam,250 sms,tfidf__250 sms,tfidf,0.0
spam,250 tag,tfidf__250 tag,tfidf,0.0
spam,250 weekly,tfidf__250 weekly,tfidf,0.0
spam,25p alfie,tfidf__25p alfie,tfidf,0.0
spam,2600,tfidf__2600,tfidf,0.0
spam,2600 urltoken,tfidf__2600 urltoken,tfidf,0.0
spam,26th,tfidf__26th,tfidf,0.0
spam,26th july,tfidf__26th july,tfidf,0.0
spam,28 lac,tfidf__28 lac,tfidf,0.0
spam,2day,tfidf__2day,tfidf,0.0
spam,2find,tfidf__2find,tfidf,0.0
spam,2find log,tfidf__2find log,tfidf,0.0
spam,2nite chat,tfidf__2nite chat,tfidf,0.0
spam,2stop,tfidf__2stop,tfidf,0.0
spam,2stop reply,tfidf__2stop reply,tfidf,0.0
spam,2wks,tfidf__2wks,tfidf,0.0
spam,2wks free,tfidf__2wks free,tfidf,0.0
spam,3000,tfidf__3000,tfidf,0.0
spam,3000 cash,tfidf__3000 cash,tfidf,0.0
spam,30000,tfidf__30000,tfidf,0.0
spam,30000 onwards,tfidf__30000 onwards,tfidf,0.0
spam,300603t,tfidf__300603t,tfidf,0.0
spam,300603t urltoken,tfidf__300603t urltoken,tfidf,0.0
spam,30s,tfidf__30s,tfidf,0.0
spam,30s urltoken,tfidf__30s urltoken,tfidf,0.0
spam,31,tfidf__31,tfidf,0.0
spam,3100,tfidf__3100,tfidf,0.0
spam,3100 standard,tfidf__3100 standard,tfidf,0.0
spam,32,tfidf__32,tfidf,0.0
spam,32323,tfidf__32323,tfidf,0.0
spam,33,tfidf__33,tfidf,0.0
spam,350 reward,tfidf__350 reward,tfidf,0.0
spam,350 weekly,tfidf__350 weekly,tfidf,0.0
spam,350 worth,tfidf__350 worth,tfidf,0.0
spam,35p,tfidf__35p,tfidf,0.0
spam,35p think,tfidf__35p think,tfidf,0.0
spam,3650,tfidf__3650,tfidf,0.0
spam,3650 video,tfidf__3650 video,tfidf,0.0
spam,36504 w4,tfidf__36504 w4,tfidf,0.0
spam,373,tfidf__373,tfidf,0.0
spam,373 london,tfidf__373 london,tfidf,0.0
spam,3750,tfidf__3750,tfidf,0.0
spam,3750 pounds,tfidf__3750 pounds,tfidf,0.0
spam,3g 121,tfidf__3g 121,tfidf,0.0
spam,3g sms,tfidf__3g sms,tfidf,0.0
spam,3g watch,tfidf__3g watch,tfidf,0.0
spam,3mins,tfidf__3mins,tfidf,0.0
spam,3mins 30s,tfidf__3mins 30s,tfidf,0.0
spam,3mins vary,tfidf__3mins vary,tfidf,0.0
spam,3pound,tfidf__3pound,tfidf,0.0
spam,3pound help,tfidf__3pound help,tfidf,0.0
spam,3ss,tfidf__3ss,tfidf,0.0
spam,3ss 150ppm,tfidf__3ss 150ppm,tfidf,0.0
spam,400 reward,tfidf__400 reward,tfidf,0.0
spam,400 xmas,tfidf__400 xmas,tfidf,0.0
spam,4041,tfidf__4041,tfidf,0.0
spam,4041 standard,tfidf__4041 standard,tfidf,0.0
spam,41685 expires,tfidf__41685 expires,tfidf,0.0
spam,42,tfidf__42,tfidf,0.0
spam,42 84,tfidf__42 84,tfidf,0.0
spam,42478,tfidf__42478,tfidf,0.0
spam,43,tfidf__43,tfidf,0.0
spam,43 apple,tfidf__43 apple,tfidf,0.0
spam,434,tfidf__434,tfidf,0.0
spam,434 434,tfidf__434 434,tfidf,0.0
spam,434 sk3,tfidf__434 sk3,tfidf,0.0
spam,434 urltoken,tfidf__434 urltoken,tfidf,0.0
spam,4399,tfidf__4399,tfidf,0.0
spam,440,tfidf__440,tfidf,0.0
spam,440 440,tfidf__440 440,tfidf,0.0
spam,440 urltoken,tfidf__440 urltoken,tfidf,0.0
spam,45,tfidf__45,tfidf,0.0
spam,450,tfidf__450,tfidf,0.0
spam,450 award,tfidf__450 award,tfidf,0.0
spam,45days,tfidf__45days,tfidf,0.0
spam,45days reduce,tfidf__45days reduce,tfidf,0.0
spam,48922,tfidf__48922,tfidf,0.0
spam,4u,tfidf__4u,tfidf,0.0
spam,4u rodds1,tfidf__4u rodds1,tfidf,0.0
spam,4u rply,tfidf__4u rply,tfidf,0.0
spam,4utxt,tfidf__4utxt,tfidf,0.0
spam,4utxt rply,tfidf__4utxt rply,tfidf,0.0
spam,50 pounds,tfidf__50 pounds,tfidf,0.0
spam,50 rcv,tfidf__50 rcv,tfidf,0.0
spam,50 stop,tfidf__50 stop,tfidf,0.0
spam,50 week,tfidf__50 week,tfidf,0.0
spam,500 cross,tfidf__500 cross,tfidf,0.0
spam,500 guaranteed,tfidf__500 guaranteed,tfidf,0.0
spam,500 new,tfidf__500 new,tfidf,0.0
spam,500 pokecoins,tfidf__500 pokecoins,tfidf,0.0
spam,5000 await,tfidf__5000 await,tfidf,0.0
spam,5000 installment,tfidf__5000 installment,tfidf,0.0
spam,50p std,tfidf__50p std,tfidf,0.0
spam,50p wk,tfidf__50p wk,tfidf,0.0
spam,50ppm,tfidf__50ppm,tfidf,0.0
spam,50ppm 3mins,tfidf__50ppm 3mins,tfidf,0.0
spam,50rcvd,tfidf__50rcvd,tfidf,0.0
spam,50rs,tfidf__50rs,tfidf,0.0
spam,50rs extra,tfidf__50rs extra,tfidf,0.0
spam,5250,tfidf__5250,tfidf,0.0
spam,5250 psf,tfidf__5250 psf,tfidf,0.0
spam,528,tfidf__528,tfidf,0.0
spam,528 hp20,tfidf__528 hp20,tfidf,0.0
spam,53030,tfidf__53030,tfidf,0.0
spam,54,tfidf__54,tfidf,0.0
spam,54 weeks,tfidf__54 weeks,tfidf,0.0
spam,5p alfie,tfidf__5p alfie,tfidf,0.0
spam,5we,tfidf__5we,tfidf,0.0
spam,5we 150pm,tfidf__5we 150pm,tfidf,0.0
spam,5wq,tfidf__5wq,tfidf,0.0
spam,5wq norm,tfidf__5wq norm,tfidf,0.0
spam,60,tfidf__60,tfidf,0.0
spam,60 units,tfidf__60 units,tfidf,0.0
spam,61200,tfidf__61200,tfidf,0.0
spam,61200 25p,tfidf__61200 25p,tfidf,0.0
spam,650,tfidf__650,tfidf,0.0
spam,650 vibration,tfidf__650 vibration,tfidf,0.0
spam,6hl,tfidf__6hl,tfidf,0.0
spam,6hl busy,tfidf__6hl busy,tfidf,0.0
spam,6months,tfidf__6months,tfidf,0.0
spam,6monthsavailable,tfidf__6monthsavailable,tfidf,0.0
spam,6monthsavailable sony,tfidf__6monthsavailable sony,tfidf,0.0
spam,70,tfidf__70,tfidf,0.0
spam,70 grgn,tfidf__70 grgn,tfidf,0.0
spam,7000,tfidf__7000,tfidf,0.0
spam,7000 prize,tfidf__7000 prize,tfidf,0.0
spam,7148,tfidf__7148,tfidf,0.0
spam,74355,tfidf__74355,tfidf,0.0
spam,74355 xmas,tfidf__74355 xmas,tfidf,0.0
spam,750 mins,tfidf__750 mins,tfidf,0.0
spam,7548,tfidf__7548,tfidf,0.0
spam,7634,tfidf__7634,tfidf,0.0
spam,7684,tfidf__7684,tfidf,0.0
spam,7684 standard,tfidf__7684 standard,tfidf,0.0
spam,78,tfidf__78,tfidf,0.0
spam,78 mins,tfidf__78 mins,tfidf,0.0
spam,7834,tfidf__7834,tfidf,0.0
spam,7834 standard,tfidf__7834 standard,tfidf,0.0
spam,7cfca1a,tfidf__7cfca1a,tfidf,0.0
spam,80062 whats,tfidf__80062 whats,tfidf,0.0
spam,8007 free,tfidf__8007 free,tfidf,0.0
spam,8007 nokias,tfidf__8007 nokias,tfidf,0.0
spam,8007 tone,tfidf__8007 tone,tfidf,0.0
spam,8007 txting,tfidf__8007 txting,tfidf,0.0
spam,80086,tfidf__80086,tfidf,0.0
spam,80086 18,tfidf__80086 18,tfidf,0.0
spam,80182,tfidf__80182,tfidf,0.0
spam,80182 bring,tfidf__80182 bring,tfidf,0.0
spam,80182 entry,tfidf__80182 entry,tfidf,0.0
spam,80488,tfidf__80488,tfidf,0.0
spam,80608,tfidf__80608,tfidf,0.0
spam,80608 urltoken,tfidf__80608 urltoken,tfidf,0.0
spam,82242 hlp,tfidf__82242 hlp,tfidf,0.0
spam,82468,tfidf__82468,tfidf,0.0
spam,83049 cost,tfidf__83049 cost,tfidf,0.0
spam,83118,tfidf__83118,tfidf,0.0
spam,83118 colin,tfidf__83118 colin,tfidf,0.0
spam,83370,tfidf__83370,tfidf,0.0
spam,83370 t's,tfidf__83370 t's,tfidf,0.0
spam,83383,tfidf__83383,tfidf,0.0
spam,84 euro,tfidf__84 euro,tfidf,0.0
spam,84025,tfidf__84025,tfidf,0.0
spam,84025 chance,tfidf__84025 chance,tfidf,0.0
spam,84025 use,tfidf__84025 use,tfidf,0.0
spam,84128 ts,tfidf__84128 ts,tfidf,0.0
spam,84199,tfidf__84199,tfidf,0.0
spam,85233,tfidf__85233,tfidf,0.0
spam,85233 free,tfidf__85233 free,tfidf,0.0
spam,86021 hg,tfidf__86021 hg,tfidf,0.0
spam,87021,tfidf__87021,tfidf,0.0
spam,87021 1st,tfidf__87021 1st,tfidf,0.0
spam,87066 tnc,tfidf__87066 tnc,tfidf,0.0
spam,87077 kick,tfidf__87077 kick,tfidf,0.0
spam,87077 villa,tfidf__87077 villa,tfidf,0.0
spam,87239 end,tfidf__87239 end,tfidf,0.0
spam,88039,tfidf__88039,tfidf,0.0
spam,88039 skilgme,tfidf__88039 skilgme,tfidf,0.0
spam,88066,tfidf__88066,tfidf,0.0
spam,88066 88066,tfidf__88066 88066,tfidf,0.0
spam,88066 lost,tfidf__88066 lost,tfidf,0.0
spam,88800,tfidf__88800,tfidf,0.0
spam,88800 89034,tfidf__88800 89034,tfidf,0.0
spam,88877,tfidf__88877,tfidf,0.0
spam,88877 18,tfidf__88877 18,tfidf,0.0
spam,88877 free,tfidf__88877 free,tfidf,0.0
spam,88888 crazy,tfidf__88888 crazy,tfidf,0.0
spam,89034,tfidf__89034,tfidf,0.0
spam,89555 cost,tfidf__89555 cost,tfidf,0.0
spam,8wp,tfidf__8wp,tfidf,0.0
spam,8wp 150,tfidf__8wp 150,tfidf,0.0
spam,90 tv,tfidf__90 tv,tfidf,0.0
spam,93,tfidf__93,tfidf,0.0
spam,93 gurgaon,tfidf__93 gurgaon,tfidf,0.0
spam,9307622,tfidf__9307622,tfidf,0.0
spam,943,tfidf__943,tfidf,0.0
spam,943 tid,tfidf__943 tid,tfidf,0.0
spam,9500,tfidf__9500,tfidf,0.0
spam,9500 sqft,tfidf__9500 sqft,tfidf,0.0
spam,97,tfidf__97,tfidf,0.0
spam,97 lazo,tfidf__97 lazo,tfidf,0.0
spam,99,tfidf__99,tfidf,0.0
spam,999,tfidf__999,tfidf,0.0
spam,999 ncr,tfidf__999 ncr,tfidf,0.0
spam,9am,tfidf__9am,tfidf,0.0
spam,9am 11pm,tfidf__9am 11pm,tfidf,0.0
spam,9pm ingest,tfidf__9pm ingest,tfidf,0.0
spam,aberdeen,tfidf__aberdeen,tfidf,0.0
spam,aberdeen united,tfidf__aberdeen united,tfidf,0.0
spam,able,tfidf__able,tfidf,0.0
spam,abroad,tfidf__abroad,tfidf,0.0
spam,abroad lonely,tfidf__abroad lonely,tfidf,0.0
spam,ac blind,tfidf__ac blind,tfidf,0.0
spam,ac icmb3cktz8r7,tfidf__ac icmb3cktz8r7,tfidf,0.0
spam,ac jsco,tfidf__ac jsco,tfidf,0.0
spam,ac sptv,tfidf__ac sptv,tfidf,0.0
spam,ac sun0819,tfidf__ac sun0819,tfidf,0.0
spam,access link,tfidf__access link,tfidf,0.0
spam,access number,tfidf__access number,tfidf,0.0
spam,accident,tfidf__accident,tfidf,0.0
spam,accommodation,tfidf__accommodation,tfidf,0.0
spam,accommodation various,tfidf__accommodation various,tfidf,0.0
spam,account access,tfidf__account access,tfidf,0.0
spam,account block,tfidf__account block,tfidf,0.0
spam,achieve,tfidf__achieve,tfidf,0.0
spam,achieve phonetoken,tfidf__achieve phonetoken,tfidf,0.0
spam,action,tfidf__action,tfidf,0.0
spam,action 80608,tfidf__action 80608,tfidf,0.0
spam,activ8,tfidf__activ8,tfidf,0.0
spam,activ8 press,tfidf__activ8 press,tfidf,0.0
spam,activate 3g,tfidf__activate 3g,tfidf,0.0
spam,ad unlimited,tfidf__ad unlimited,tfidf,0.0
spam,address envelope,tfidf__address envelope,tfidf,0.0
spam,address sec,tfidf__address sec,tfidf,0.0
spam,adjoin,tfidf__adjoin,tfidf,0.0
spam,admirer embody,tfidf__admirer embody,tfidf,0.0
spam,advance 100,tfidf__advance 100,tfidf,0.0
spam,advance ipod,tfidf__advance ipod,tfidf,0.0
spam,ag,tfidf__ag,tfidf,0.0
spam,ag promo,tfidf__ag promo,tfidf,0.0
spam,age16,tfidf__age16,tfidf,0.0
spam,age16 150ppermesssubscription,tfidf__age16 150ppermesssubscription,tfidf,0.0
spam,agents,tfidf__agents,tfidf,0.0
spam,agents dos,tfidf__agents dos,tfidf,0.0
spam,ages,tfidf__ages,tfidf,0.0
spam,agni,tfidf__agni,tfidf,0.0
spam,agni phonetoken,tfidf__agni phonetoken,tfidf,0.0
spam,agni property,tfidf__agni property,tfidf,0.0
spam,aims,tfidf__aims,tfidf,0.0
spam,aims sanya,tfidf__aims sanya,tfidf,0.0
spam,airport lounge,tfidf__airport lounge,tfidf,0.0
spam,airtel 3g,tfidf__airtel 3g,tfidf,0.0
spam,akon,tfidf__akon,tfidf,0.0
spam,akon lonely,tfidf__akon lonely,tfidf,0.0
spam,alfie,tfidf__alfie,tfidf,0.0
spam,alfie moon's,tfidf__alfie moon's,tfidf,0.0
spam,amazing,tfidf__amazing,tfidf,0.0
spam,angry,tfidf__angry,tfidf,0.0
spam,answer 80062,tfidf__answer 80062,tfidf,0.0
spam,answer delivery,tfidf__answer delivery,tfidf,0.0
spam,answer questions,tfidf__answer questions,tfidf,0.0
spam,aom,tfidf__aom,tfidf,0.0
spam,aom box61,tfidf__aom box61,tfidf,0.0
spam,aom just,tfidf__aom just,tfidf,0.0
spam,app urltoken,tfidf__app urltoken,tfidf,0.0
spam,apply ag,tfidf__apply ag,tfidf,0.0
spam,apply opt,tfidf__apply opt,tfidf,0.0
spam,apply phonetoken,tfidf__apply phonetoken,tfidf,0.0
spam,apps,tfidf__apps,tfidf,0.0
spam,appt,tfidf__appt,tfidf,0.0
spam,apts,tfidf__apts,tfidf,0.0
spam,apts urltoken,tfidf__apts urltoken,tfidf,0.0
spam,arcade 1st,tfidf__arcade 1st,tfidf,0.0
spam,arcade termsapply,tfidf__arcade termsapply,tfidf,0.0
spam,area lots,tfidf__area lots,tfidf,0.0
spam,area phonetoken,tfidf__area phonetoken,tfidf,0.0
spam,area reply,tfidf__area reply,tfidf,0.0
spam,arrest,tfidf__arrest,tfidf,0.0
spam,arrogate weeks,tfidf__arrogate weeks,tfidf,0.0
spam,arrow,tfidf__arrow,tfidf,0.0
spam,arsenal,tfidf__arsenal,tfidf,0.0
spam,arsenal dartboard,tfidf__arsenal dartboard,tfidf,0.0
spam,arsenal goal,tfidf__arsenal goal,tfidf,0.0
spam,arsenal henry,tfidf__arsenal henry,tfidf,0.0
spam,assistance,tfidf__assistance,tfidf,0.0
spam,assistance pan,tfidf__assistance pan,tfidf,0.0
spam,assured,tfidf__assured,tfidf,0.0
spam,assured return,tfidf__assured return,tfidf,0.0
spam,attempt achieve,tfidf__attempt achieve,tfidf,0.0
spam,attempt contract,tfidf__attempt contract,tfidf,0.0
spam,attend,tfidf__attend,tfidf,0.0
spam,attend make,tfidf__attend make,tfidf,0.0
spam,avail,tfidf__avail,tfidf,0.0
spam,avail discounts,tfidf__avail discounts,tfidf,0.0
spam,availa,tfidf__availa,tfidf,0.0
spam,available,tfidf__available,tfidf,0.0
spam,available greater,tfidf__available greater,tfidf,0.0
spam,ave 3mins,tfidf__ave 3mins,tfidf,0.0
spam,awaiting collection,tfidf__awaiting collection,tfidf,0.0
spam,award match,tfidf__award match,tfidf,0.0
spam,award phonetoken,tfidf__award phonetoken,tfidf,0.0
spam,award pls,tfidf__award pls,tfidf,0.0
spam,award selected,tfidf__award selected,tfidf,0.0
spam,award todays,tfidf__award todays,tfidf,0.0
spam,awarded 1500,tfidf__awarded 1500,tfidf,0.0
spam,awarded inr,tfidf__awarded inr,tfidf,0.0
spam,awarded sipix,tfidf__awarded sipix,tfidf,0.0
spam,away,tfidf__away,tfidf,0.0
spam,awesome,tfidf__awesome,tfidf,0.0
spam,axel,tfidf__axel,tfidf,0.0
spam,axel akon,tfidf__axel akon,tfidf,0.0
spam,b4 050703,tfidf__b4 050703,tfidf,0.0
spam,b4 300603t,tfidf__b4 300603t,tfidf,0.0
spam,babe jordan,tfidf__babe jordan,tfidf,0.0
spam,babe videos,tfidf__babe videos,tfidf,0.0
spam,babes sport,tfidf__babes sport,tfidf,0.0
spam,baby wow,tfidf__baby wow,tfidf,0.0
spam,bahar,tfidf__bahar,tfidf,0.0
spam,bahar compt,tfidf__bahar compt,tfidf,0.0
spam,balance embody,tfidf__balance embody,tfidf,0.0
spam,band,tfidf__band,tfidf,0.0
spam,bank,tfidf__bank,tfidf,0.0
spam,bank fastag,tfidf__bank fastag,tfidf,0.0
spam,bank ganga,tfidf__bank ganga,tfidf,0.0
spam,banneduk,tfidf__banneduk,tfidf,0.0
spam,banneduk 89555,tfidf__banneduk 89555,tfidf,0.0
spam,batra,tfidf__batra,tfidf,0.0
spam,batra investments,tfidf__batra investments,tfidf,0.0
spam,bbc,tfidf__bbc,tfidf,0.0
spam,bbc charts,tfidf__bbc charts,tfidf,0.0
spam,bcm1896wc1n3xx,tfidf__bcm1896wc1n3xx,tfidf,0.0
spam,bed,tfidf__bed,tfidf,0.0
spam,behave want,tfidf__behave want,tfidf,0.0
spam,believe,tfidf__believe,tfidf,0.0
spam,belt,tfidf__belt,tfidf,0.0
spam,belt 650,tfidf__belt 650,tfidf,0.0
spam,belt 999,tfidf__belt 999,tfidf,0.0
spam,belt rs650,tfidf__belt rs650,tfidf,0.0
spam,belt rs999,tfidf__belt rs999,tfidf,0.0
spam,bergkamp,tfidf__bergkamp,tfidf,0.0
spam,best cash,tfidf__best cash,tfidf,0.0
spam,best mobile,tfidf__best mobile,tfidf,0.0
spam,bhk,tfidf__bhk,tfidf,0.0
spam,bhk apts,tfidf__bhk apts,tfidf,0.0
spam,bhk available,tfidf__bhk available,tfidf,0.0
spam,bhk sec,tfidf__bhk sec,tfidf,0.0
spam,bids,tfidf__bids,tfidf,0.0
spam,biggest best,tfidf__biggest best,tfidf,0.0
spam,billed mobile,tfidf__billed mobile,tfidf,0.0
spam,birthday txt,tfidf__birthday txt,tfidf,0.0
spam,bit,tfidf__bit,tfidf,0.0
spam,bl0cked 24,tfidf__bl0cked 24,tfidf,0.0
spam,black,tfidf__black,tfidf,0.0
spam,black eyed,tfidf__black eyed,tfidf,0.0
spam,blackberry,tfidf__blackberry,tfidf,0.0
spam,blackberry stock,tfidf__blackberry stock,tfidf,0.0
spam,blackberry team,tfidf__blackberry team,tfidf,0.0
spam,blind,tfidf__blind,tfidf,0.0
spam,blind date,tfidf__blind date,tfidf,0.0
spam,blind dates,tfidf__blind dates,tfidf,0.0
spam,block 24,tfidf__block 24,tfidf,0.0
spam,blue,tfidf__blue,tfidf,0.0
spam,blue day,tfidf__blue day,tfidf,0.0
spam,bluetooth,tfidf__bluetooth,tfidf,0.0
spam,bluetooth free,tfidf__bluetooth free,tfidf,0.0
spam,bluetooth mobiles,tfidf__bluetooth mobiles,tfidf,0.0
spam,bluetooth orange,tfidf__bluetooth orange,tfidf,0.0
spam,bluetoothhdset,tfidf__bluetoothhdset,tfidf,0.0
spam,bluetoothhdset free,tfidf__bluetoothhdset free,tfidf,0.0
spam,book david,tfidf__book david,tfidf,0.0
spam,book phonetoken,tfidf__book phonetoken,tfidf,0.0
spam,book time,tfidf__book time,tfidf,0.0
spam,bootydelious,tfidf__bootydelious,tfidf,0.0
spam,bootydelious 32,tfidf__bootydelious 32,tfidf,0.0
spam,borin time,tfidf__borin time,tfidf,0.0
spam,box 113,tfidf__box 113,tfidf,0.0
spam,box 434,tfidf__box 434,tfidf,0.0
spam,box 528,tfidf__box 528,tfidf,0.0
spam,box139,tfidf__box139,tfidf,0.0
spam,box139 la32wu,tfidf__box139 la32wu,tfidf,0.0
spam,box326,tfidf__box326,tfidf,0.0
spam,box326 cw25wx,tfidf__box326 cw25wx,tfidf,0.0
spam,box420,tfidf__box420,tfidf,0.0
spam,box420 ip4,tfidf__box420 ip4,tfidf,0.0
spam,box61,tfidf__box61,tfidf,0.0
spam,box61 m60,tfidf__box61 m60,tfidf,0.0
spam,boy,tfidf__boy,tfidf,0.0
spam,bray,tfidf__bray,tfidf,0.0
spam,bray wicklow,tfidf__bray wicklow,tfidf,0.0
spam,break,tfidf__break,tfidf,0.0
spam,bring entry,tfidf__bring entry,tfidf,0.0
spam,bt landline,tfidf__bt landline,tfidf,0.0
spam,buffy,tfidf__buffy,tfidf,0.0
spam,buffy 25,tfidf__buffy 25,tfidf,0.0
spam,burger,tfidf__burger,tfidf,0.0
spam,burger king,tfidf__burger king,tfidf,0.0
spam,business,tfidf__business,tfidf,0.0
spam,bx420,tfidf__bx420,tfidf,0.0
spam,bx420 ip4,tfidf__bx420 ip4,tfidf,0.0
spam,c's urltoken,tfidf__c's urltoken,tfidf,0.0
spam,c52,tfidf__c52,tfidf,0.0
spam,cal,tfidf__cal,tfidf,0.0
spam,cal phonetoken,tfidf__cal phonetoken,tfidf,0.0
spam,call2optout n9dx,tfidf__call2optout n9dx,tfidf,0.0
spam,call2optout yhl,tfidf__call2optout yhl,tfidf,0.0
spam,callcost,tfidf__callcost,tfidf,0.0
spam,callcost 150ppm,tfidf__callcost 150ppm,tfidf,0.0
spam,calling little,tfidf__calling little,tfidf,0.0
spam,calls cost,tfidf__calls cost,tfidf,0.0
spam,calls minmobsmore,tfidf__calls minmobsmore,tfidf,0.0
spam,calls minmobsmorelkpobox177hp51fl,tfidf__calls minmobsmorelkpobox177hp51fl,tfidf,0.0
spam,calls minmoremobsemspobox45po139wa,tfidf__calls minmoremobsemspobox45po139wa,tfidf,0.0
spam,calls mobile,tfidf__calls mobile,tfidf,0.0
spam,calls1,tfidf__calls1,tfidf,0.0
spam,calls1 50ppm,tfidf__calls1 50ppm,tfidf,0.0
spam,came,tfidf__came,tfidf,0.0
spam,cancel send,tfidf__cancel send,tfidf,0.0
spam,card income,tfidf__card income,tfidf,0.0
spam,card num,tfidf__card num,tfidf,0.0
spam,card recently,tfidf__card recently,tfidf,0.0
spam,care ph,tfidf__care ph,tfidf,0.0
spam,carlie,tfidf__carlie,tfidf,0.0
spam,carlie calls,tfidf__carlie calls,tfidf,0.0
spam,case,tfidf__case,tfidf,0.0
spam,case queries,tfidf__case queries,tfidf,0.0
spam,cash 200,tfidf__cash 200,tfidf,0.0
spam,cash 7000,tfidf__cash 7000,tfidf,0.0
spam,cash award,tfidf__cash award,tfidf,0.0
spam,cash away,tfidf__cash away,tfidf,0.0
spam,cash weekend,tfidf__cash weekend,tfidf,0.0
spam,cash wk,tfidf__cash wk,tfidf,0.0
spam,cast,tfidf__cast,tfidf,0.0
spam,cast 10p,tfidf__cast 10p,tfidf,0.0
spam,cause,tfidf__cause,tfidf,0.0
spam,cds stdtxtrate,tfidf__cds stdtxtrate,tfidf,0.0
spam,chance succeed,tfidf__chance succeed,tfidf,0.0
spam,change,tfidf__change,tfidf,0.0
spam,channels,tfidf__channels,tfidf,0.0
spam,channels entertainment,tfidf__channels entertainment,tfidf,0.0
spam,charges urltoken,tfidf__charges urltoken,tfidf,0.0
spam,charity,tfidf__charity,tfidf,0.0
spam,charity 8007,tfidf__charity 8007,tfidf,0.0
spam,charity polys,tfidf__charity polys,tfidf,0.0
spam,charts,tfidf__charts,tfidf,0.0
spam,chat 82242,tfidf__chat 82242,tfidf,0.0
spam,chat flirt,tfidf__chat flirt,tfidf,0.0
spam,chat horny,tfidf__chat horny,tfidf,0.0
spam,chat im,tfidf__chat im,tfidf,0.0
spam,chat phonetoken,tfidf__chat phonetoken,tfidf,0.0
spam,chat xxsp,tfidf__chat xxsp,tfidf,0.0
spam,cheque,tfidf__cheque,tfidf,0.0
spam,chgs,tfidf__chgs,tfidf,0.0
spam,chgs send,tfidf__chgs send,tfidf,0.0
spam,chikku,tfidf__chikku,tfidf,0.0
spam,children,tfidf__children,tfidf,0.0
spam,children need,tfidf__children need,tfidf,0.0
spam,chosen,tfidf__chosen,tfidf,0.0
spam,chowk,tfidf__chowk,tfidf,0.0
spam,chowk regn,tfidf__chowk regn,tfidf,0.0
spam,christmas,tfidf__christmas,tfidf,0.0
spam,cinema,tfidf__cinema,tfidf,0.0
spam,cinema pass,tfidf__cinema pass,tfidf,0.0
spam,cite,tfidf__cite,tfidf,0.0
spam,cite claim,tfidf__cite claim,tfidf,0.0
spam,claim 1st,tfidf__claim 1st,tfidf,0.0
spam,claim number,tfidf__claim number,tfidf,0.0
spam,claire,tfidf__claire,tfidf,0.0
spam,claire xx,tfidf__claire xx,tfidf,0.0
spam,class airport,tfidf__class airport,tfidf,0.0
spam,clias,tfidf__clias,tfidf,0.0
spam,clip,tfidf__clip,tfidf,0.0
spam,clip lookatme,tfidf__clip lookatme,tfidf,0.0
spam,close,tfidf__close,tfidf,0.0
spam,close cost,tfidf__close cost,tfidf,0.0
spam,closingdate04,tfidf__closingdate04,tfidf,0.0
spam,closingdate04 09,tfidf__closingdate04 09,tfidf,0.0
spam,club 87077,tfidf__club 87077,tfidf,0.0
spam,club credits,tfidf__club credits,tfidf,0.0
spam,club dont,tfidf__club dont,tfidf,0.0
spam,club reply,tfidf__club reply,tfidf,0.0
spam,cm2,tfidf__cm2,tfidf,0.0
spam,cm2 9ae,tfidf__cm2 9ae,tfidf,0.0
spam,cnt,tfidf__cnt,tfidf,0.0
spam,cnt phonetoken,tfidf__cnt phonetoken,tfidf,0.0
spam,code 3100,tfidf__code 3100,tfidf,0.0
spam,code 4041,tfidf__code 4041,tfidf,0.0
spam,code 42478,tfidf__code 42478,tfidf,0.0
spam,code 48922,tfidf__code 48922,tfidf,0.0
spam,code 7684,tfidf__code 7684,tfidf,0.0
spam,code 7834,tfidf__code 7834,tfidf,0.0
spam,code 943,tfidf__code 943,tfidf,0.0
spam,code k61,tfidf__code k61,tfidf,0.0
spam,code356931,tfidf__code356931,tfidf,0.0
spam,colin,tfidf__colin,tfidf,0.0
spam,colin farrell,tfidf__colin farrell,tfidf,0.0
spam,collect 100,tfidf__collect 100,tfidf,0.0
spam,collection claim,tfidf__collection claim,tfidf,0.0
spam,collection nokia,tfidf__collection nokia,tfidf,0.0
spam,colour flag,tfidf__colour flag,tfidf,0.0
spam,come tomorrow,tfidf__come tomorrow,tfidf,0.0
spam,commercial space,tfidf__commercial space,tfidf,0.0
spam,community,tfidf__community,tfidf,0.0
spam,comp chance,tfidf__comp chance,tfidf,0.0
spam,comp just,tfidf__comp just,tfidf,0.0
spam,comp turn,tfidf__comp turn,tfidf,0.0
spam,compare,tfidf__compare,tfidf,0.0
spam,compare violet,tfidf__compare violet,tfidf,0.0
spam,compensation,tfidf__compensation,tfidf,0.0
spam,compensation 220,tfidf__compensation 220,tfidf,0.0
spam,competition just,tfidf__competition just,tfidf,0.0
spam,complete kyc,tfidf__complete kyc,tfidf,0.0
spam,complete registration,tfidf__complete registration,tfidf,0.0
spam,completely,tfidf__completely,tfidf,0.0
spam,complimentary ibiza,tfidf__complimentary ibiza,tfidf,0.0
spam,compt,tfidf__compt,tfidf,0.0
spam,compt agents,tfidf__compt agents,tfidf,0.0
spam,computer picked,tfidf__computer picked,tfidf,0.0
spam,computer randomly,tfidf__computer randomly,tfidf,0.0
spam,condition,tfidf__condition,tfidf,0.0
spam,condition doubles,tfidf__condition doubles,tfidf,0.0
spam,congrats nokia,tfidf__congrats nokia,tfidf,0.0
spam,congrats year,tfidf__congrats year,tfidf,0.0
spam,congratulations thanks,tfidf__congratulations thanks,tfidf,0.0
spam,connect live,tfidf__connect live,tfidf,0.0
spam,consider,tfidf__consider,tfidf,0.0
spam,consider ur,tfidf__consider ur,tfidf,0.0
spam,contact customer,tfidf__contact customer,tfidf,0.0
spam,contact ons,tfidf__contact ons,tfidf,0.0
spam,contact urltoken,tfidf__contact urltoken,tfidf,0.0
spam,content games,tfidf__content games,tfidf,0.0
spam,content service,tfidf__content service,tfidf,0.0
spam,content urltoken,tfidf__content urltoken,tfidf,0.0
spam,continue,tfidf__continue,tfidf,0.0
spam,contract mobileupd8,tfidf__contract mobileupd8,tfidf,0.0
spam,convey free,tfidf__convey free,tfidf,0.0
spam,cool mob,tfidf__cool mob,tfidf,0.0
spam,cornwall,tfidf__cornwall,tfidf,0.0
spam,cornwall txt,tfidf__cornwall txt,tfidf,0.0
spam,corporate,tfidf__corporate,tfidf,0.0
spam,corporate comp,tfidf__corporate comp,tfidf,0.0
spam,correct incorrect,tfidf__correct incorrect,tfidf,0.0
spam,correctly,tfidf__correctly,tfidf,0.0
spam,cos,tfidf__cos,tfidf,0.0
spam,cost 10ppm,tfidf__cost 10ppm,tfidf,0.0
spam,cost 150p,tfidf__cost 150p,tfidf,0.0
spam,cost 150ppm,tfidf__cost 150ppm,tfidf,0.0
spam,cost 50p,tfidf__cost 50p,tfidf,0.0
spam,cost rs,tfidf__cost rs,tfidf,0.0
spam,course extn,tfidf__course extn,tfidf,0.0
spam,coz,tfidf__coz,tfidf,0.0
spam,crazy frog,tfidf__crazy frog,tfidf,0.0
spam,crazy sounds,tfidf__crazy sounds,tfidf,0.0
spam,credit details,tfidf__credit details,tfidf,0.0
spam,cricex,tfidf__cricex,tfidf,0.0
spam,cricex live,tfidf__cricex live,tfidf,0.0
spam,cs app,tfidf__cs app,tfidf,0.0
spam,cs phonetoken,tfidf__cs phonetoken,tfidf,0.0
spam,cs po,tfidf__cs po,tfidf,0.0
spam,csbcm4235wc1n3xx,tfidf__csbcm4235wc1n3xx,tfidf,0.0
spam,csbcm4235wc1n3xx callcost,tfidf__csbcm4235wc1n3xx callcost,tfidf,0.0
spam,cum 2nite,tfidf__cum 2nite,tfidf,0.0
spam,cumin,tfidf__cumin,tfidf,0.0
spam,cumin pls,tfidf__cumin pls,tfidf,0.0
spam,customer delight,tfidf__customer delight,tfidf,0.0
spam,customer order,tfidf__customer order,tfidf,0.0
spam,customer pay2tmkyc,tfidf__customer pay2tmkyc,tfidf,0.0
spam,customer pleased,tfidf__customer pleased,tfidf,0.0
spam,customer pyatm,tfidf__customer pyatm,tfidf,0.0
spam,customer trying,tfidf__customer trying,tfidf,0.0
spam,customer u've,tfidf__customer u've,tfidf,0.0
spam,customer urltoken,tfidf__customer urltoken,tfidf,0.0
spam,customers receive,tfidf__customers receive,tfidf,0.0
spam,cw25wx 150ppm,tfidf__cw25wx 150ppm,tfidf,0.0
spam,darling,tfidf__darling,tfidf,0.0
spam,darling it's,tfidf__darling it's,tfidf,0.0
spam,dartboard,tfidf__dartboard,tfidf,0.0
spam,dartboard good,tfidf__dartboard good,tfidf,0.0
spam,date 4u,tfidf__date 4u,tfidf,0.0
spam,dates,tfidf__dates,tfidf,0.0
spam,dates area,tfidf__dates area,tfidf,0.0
spam,dave,tfidf__dave,tfidf,0.0
spam,dave final,tfidf__dave final,tfidf,0.0
spam,david,tfidf__david,tfidf,0.0
spam,david hair,tfidf__david hair,tfidf,0.0
spam,day 2find,tfidf__day 2find,tfidf,0.0
spam,day blue,tfidf__day blue,tfidf,0.0
spam,day red,tfidf__day red,tfidf,0.0
spam,day send,tfidf__day send,tfidf,0.0
spam,days euro2004,tfidf__days euro2004,tfidf,0.0
spam,days unitech,tfidf__days unitech,tfidf,0.0
spam,dear dave,tfidf__dear dave,tfidf,0.0
spam,dear subscriber,tfidf__dear subscriber,tfidf,0.0
spam,dear welcome,tfidf__dear welcome,tfidf,0.0
spam,decided,tfidf__decided,tfidf,0.0
spam,delhi nr,tfidf__delhi nr,tfidf,0.0
spam,delivered tomorrow,tfidf__delivered tomorrow,tfidf,0.0
spam,den,tfidf__den,tfidf,0.0
spam,deposit,tfidf__deposit,tfidf,0.0
spam,deposit rs,tfidf__deposit rs,tfidf,0.0
spam,details 18,tfidf__details 18,tfidf,0.0
spam,details great,tfidf__details great,tfidf,0.0
spam,details urltoken,tfidf__details urltoken,tfidf,0.0
spam,detroit,tfidf__detroit,tfidf,0.0
spam,detroit red,tfidf__detroit red,tfidf,0.0
spam,devils,tfidf__devils,tfidf,0.0
spam,devils detroit,tfidf__devils detroit,tfidf,0.0
spam,devote,tfidf__devote,tfidf,0.0
spam,dialling,tfidf__dialling,tfidf,0.0
spam,die,tfidf__die,tfidf,0.0
spam,died,tfidf__died,tfidf,0.0
spam,different,tfidf__different,tfidf,0.0
spam,dinner,tfidf__dinner,tfidf,0.0
spam,dis,tfidf__dis,tfidf,0.0
spam,discounts,tfidf__discounts,tfidf,0.0
spam,dnt,tfidf__dnt,tfidf,0.0
spam,doctor,tfidf__doctor,tfidf,0.0
spam,doing,tfidf__doing,tfidf,0.0
spam,don't forget,tfidf__don't forget,tfidf,0.0
spam,don't like,tfidf__don't like,tfidf,0.0
spam,don't prize,tfidf__don't prize,tfidf,0.0
spam,dont info,tfidf__dont info,tfidf,0.0
spam,dos,tfidf__dos,tfidf,0.0
spam,dos clias,tfidf__dos clias,tfidf,0.0
spam,doublemins,tfidf__doublemins,tfidf,0.0
spam,doublemins doubletxt,tfidf__doublemins doubletxt,tfidf,0.0
spam,doubles,tfidf__doubles,tfidf,0.0
spam,doubles trebles,tfidf__doubles trebles,tfidf,0.0
spam,doubletxt,tfidf__doubletxt,tfidf,0.0
spam,doubletxt orange,tfidf__doubletxt orange,tfidf,0.0
spam,download free,tfidf__download free,tfidf,0.0
spam,download urltoken,tfidf__download urltoken,tfidf,0.0
spam,download weeks,tfidf__download weeks,tfidf,0.0
spam,downloaded,tfidf__downloaded,tfidf,0.0
spam,downloads,tfidf__downloads,tfidf,0.0
spam,dracula,tfidf__dracula,tfidf,0.0
spam,dracula 8007,tfidf__dracula 8007,tfidf,0.0
spam,draw holiday,tfidf__draw holiday,tfidf,0.0
spam,draw mobile,tfidf__draw mobile,tfidf,0.0
spam,draw prove,tfidf__draw prove,tfidf,0.0
spam,dreams,tfidf__dreams,tfidf,0.0
spam,drink,tfidf__drink,tfidf,0.0
spam,drinks,tfidf__drinks,tfidf,0.0
spam,drop,tfidf__drop,tfidf,0.0
spam,duchess,tfidf__duchess,tfidf,0.0
spam,duchess cornwall,tfidf__duchess cornwall,tfidf,0.0
spam,dun wan,tfidf__dun wan,tfidf,0.0
spam,early,tfidf__early,tfidf,0.0
spam,eat,tfidf__eat,tfidf,0.0
spam,eerie nokia,tfidf__eerie nokia,tfidf,0.0
spam,eeta,tfidf__eeta,tfidf,0.0
spam,eeta 25,tfidf__eeta 25,tfidf,0.0
spam,eire,tfidf__eire,tfidf,0.0
spam,eire quiz,tfidf__eire quiz,tfidf,0.0
spam,elvis,tfidf__elvis,tfidf,0.0
spam,elvis presleys,tfidf__elvis presleys,tfidf,0.0
spam,em,tfidf__em,tfidf,0.0
spam,emailtoken 12,tfidf__emailtoken 12,tfidf,0.0
spam,embody 00,tfidf__embody 00,tfidf,0.0
spam,embody choose,tfidf__embody choose,tfidf,0.0
spam,embody currently,tfidf__embody currently,tfidf,0.0
spam,embody entitled,tfidf__embody entitled,tfidf,0.0
spam,embody final,tfidf__embody final,tfidf,0.0
spam,embody look,tfidf__embody look,tfidf,0.0
spam,embody looking,tfidf__embody looking,tfidf,0.0
spam,embody trying,tfidf__embody trying,tfidf,0.0
spam,emi,tfidf__emi,tfidf,0.0
spam,end match,tfidf__end match,tfidf,0.0
spam,end reply,tfidf__end reply,tfidf,0.0
spam,end service,tfidf__end service,tfidf,0.0
spam,end sptv,tfidf__end sptv,tfidf,0.0
spam,ending 7634,tfidf__ending 7634,tfidf,0.0
spam,energy,tfidf__energy,tfidf,0.0
spam,energy text,tfidf__energy text,tfidf,0.0
spam,england,tfidf__england,tfidf,0.0
spam,england poly,tfidf__england poly,tfidf,0.0
spam,englishvocabulary,tfidf__englishvocabulary,tfidf,0.0
spam,englishvocabulary ululate,tfidf__englishvocabulary ululate,tfidf,0.0
spam,enjoy gbp,tfidf__enjoy gbp,tfidf,0.0
spam,enter 88877,tfidf__enter 88877,tfidf,0.0
spam,entered receipt,tfidf__entered receipt,tfidf,0.0
spam,entertainment,tfidf__entertainment,tfidf,0.0
spam,entertainment sports,tfidf__entertainment sports,tfidf,0.0
spam,entitle,tfidf__entitle,tfidf,0.0
spam,entitle update,tfidf__entitle update,tfidf,0.0
spam,entry 250,tfidf__entry 250,tfidf,0.0
spam,entry 350,tfidf__entry 350,tfidf,0.0
spam,entry phonetoken,tfidf__entry phonetoken,tfidf,0.0
spam,entry std,tfidf__entry std,tfidf,0.0
spam,entry textpod,tfidf__entry textpod,tfidf,0.0
spam,entry weekly,tfidf__entry weekly,tfidf,0.0
spam,envelope,tfidf__envelope,tfidf,0.0
spam,essay,tfidf__essay,tfidf,0.0
spam,euro,tfidf__euro,tfidf,0.0
spam,euro2004,tfidf__euro2004,tfidf,0.0
spam,euro2004 kickoff,tfidf__euro2004 kickoff,tfidf,0.0
spam,everyday,tfidf__everyday,tfidf,0.0
spam,exact,tfidf__exact,tfidf,0.0
spam,exam,tfidf__exam,tfidf,0.0
spam,exist 2nd,tfidf__exist 2nd,tfidf,0.0
spam,exist selected,tfidf__exist selected,tfidf,0.0
spam,experience new,tfidf__experience new,tfidf,0.0
spam,experience secret,tfidf__experience secret,tfidf,0.0
spam,expired,tfidf__expired,tfidf,0.0
spam,expired bl0cked,tfidf__expired bl0cked,tfidf,0.0
spam,expired contact,tfidf__expired contact,tfidf,0.0
spam,expires 07,tfidf__expires 07,tfidf,0.0
spam,expiry,tfidf__expiry,tfidf,0.0
spam,expiry reply,tfidf__expiry reply,tfidf,0.0
spam,express,tfidf__express,tfidf,0.0
spam,extn,tfidf__extn,tfidf,0.0
spam,extn road,tfidf__extn road,tfidf,0.0
spam,extra free,tfidf__extra free,tfidf,0.0
spam,extra reduce,tfidf__extra reduce,tfidf,0.0
spam,eyed,tfidf__eyed,tfidf,0.0
spam,eyed dont,tfidf__eyed dont,tfidf,0.0
spam,f1ve,tfidf__f1ve,tfidf,0.0
spam,f1ve star,tfidf__f1ve star,tfidf,0.0
spam,face,tfidf__face,tfidf,0.0
spam,fancy chat,tfidf__fancy chat,tfidf,0.0
spam,far,tfidf__far,tfidf,0.0
spam,farrell,tfidf__farrell,tfidf,0.0
spam,farrell swat,tfidf__farrell swat,tfidf,0.0
spam,fastag,tfidf__fastag,tfidf,0.0
spam,fastag total,tfidf__fastag total,tfidf,0.0
spam,fat,tfidf__fat,tfidf,0.0
spam,fat inch,tfidf__fat inch,tfidf,0.0
spam,fav,tfidf__fav,tfidf,0.0
spam,fav xmas,tfidf__fav xmas,tfidf,0.0
spam,feeling hungry,tfidf__feeling hungry,tfidf,0.0
spam,fifa,tfidf__fifa,tfidf,0.0
spam,fifa world,tfidf__fifa world,tfidf,0.0
spam,film,tfidf__film,tfidf,0.0
spam,film green,tfidf__film green,tfidf,0.0
spam,film offers,tfidf__film offers,tfidf,0.0
spam,final notice,tfidf__final notice,tfidf,0.0
spam,finally fancy,tfidf__finally fancy,tfidf,0.0
spam,finance,tfidf__finance,tfidf,0.0
spam,finished,tfidf__finished,tfidf,0.0
spam,fit,tfidf__fit,tfidf,0.0
spam,fit funky,tfidf__fit funky,tfidf,0.0
spam,fixed,tfidf__fixed,tfidf,0.0
spam,fixed line,tfidf__fixed line,tfidf,0.0
spam,flag,tfidf__flag,tfidf,0.0
spam,flag 84199,tfidf__flag 84199,tfidf,0.0
spam,flag yer,tfidf__flag yer,tfidf,0.0
spam,flat,tfidf__flat,tfidf,0.0
spam,flirt sexy,tfidf__flirt sexy,tfidf,0.0
spam,flower,tfidf__flower,tfidf,0.0
spam,follow,tfidf__follow,tfidf,0.0
spam,follow instructions,tfidf__follow instructions,tfidf,0.0
spam,fone weekly,tfidf__fone weekly,tfidf,0.0
spam,force,tfidf__force,tfidf,0.0
spam,force ravana,tfidf__force ravana,tfidf,0.0
spam,forever,tfidf__forever,tfidf,0.0
spam,forever rigid,tfidf__forever rigid,tfidf,0.0
spam,forget confirm,tfidf__forget confirm,tfidf,0.0
spam,forget enjoy,tfidf__forget enjoy,tfidf,0.0
spam,forwarded 88877,tfidf__forwarded 88877,tfidf,0.0
spam,fraud prevention,tfidf__fraud prevention,tfidf,0.0
spam,free accommodation,tfidf__free accommodation,tfidf,0.0
spam,free app,tfidf__free app,tfidf,0.0
spam,free bluetooth,tfidf__free bluetooth,tfidf,0.0
spam,free bt,tfidf__free bt,tfidf,0.0
spam,free bx420,tfidf__free bx420,tfidf,0.0
spam,free credit,tfidf__free credit,tfidf,0.0
spam,free delivery,tfidf__free delivery,tfidf,0.0
spam,free doublemins,tfidf__free doublemins,tfidf,0.0
spam,free experience,tfidf__free experience,tfidf,0.0
spam,free game,tfidf__free game,tfidf,0.0
spam,free goals,tfidf__free goals,tfidf,0.0
spam,free link,tfidf__free link,tfidf,0.0
spam,free med,tfidf__free med,tfidf,0.0
spam,free motorola,tfidf__free motorola,tfidf,0.0
spam,free o2,tfidf__free o2,tfidf,0.0
spam,free selection,tfidf__free selection,tfidf,0.0
spam,free tracks,tfidf__free tracks,tfidf,0.0
spam,free trial,tfidf__free trial,tfidf,0.0
spam,free ur,tfidf__free ur,tfidf,0.0
spam,free urltoken,tfidf__free urltoken,tfidf,0.0
spam,free video,tfidf__free video,tfidf,0.0
spam,free yoko,tfidf__free yoko,tfidf,0.0
spam,freemsg claim,tfidf__freemsg claim,tfidf,0.0
spam,freemsg fav,tfidf__freemsg fav,tfidf,0.0
spam,freemsg hey,tfidf__freemsg hey,tfidf,0.0
spam,freemsg hi,tfidf__freemsg hi,tfidf,0.0
spam,freemsg records,tfidf__freemsg records,tfidf,0.0
spam,fri,tfidf__fri,tfidf,0.0
spam,fri hotel,tfidf__fri hotel,tfidf,0.0
spam,frm,tfidf__frm,tfidf,0.0
spam,frm delhi,tfidf__frm delhi,tfidf,0.0
spam,frog,tfidf__frog,tfidf,0.0
spam,frog axel,tfidf__frog axel,tfidf,0.0
spam,frog sound,tfidf__frog sound,tfidf,0.0
spam,fts,tfidf__fts,tfidf,0.0
spam,fts query,tfidf__fts query,tfidf,0.0
spam,fun great,tfidf__fun great,tfidf,0.0
spam,fun tb,tfidf__fun tb,tfidf,0.0
spam,funk,tfidf__funk,tfidf,0.0
spam,funk ur,tfidf__funk ur,tfidf,0.0
spam,funky,tfidf__funky,tfidf,0.0
spam,funky text,tfidf__funky text,tfidf,0.0
spam,game text,tfidf__game text,tfidf,0.0
spam,games downloads,tfidf__games downloads,tfidf,0.0
spam,games settings,tfidf__games settings,tfidf,0.0
spam,games tones,tfidf__games tones,tfidf,0.0
spam,ganga,tfidf__ganga,tfidf,0.0
spam,ganga ready,tfidf__ganga ready,tfidf,0.0
spam,garden,tfidf__garden,tfidf,0.0
spam,garden ready,tfidf__garden ready,tfidf,0.0
spam,gay guys,tfidf__gay guys,tfidf,0.0
spam,gbp sms,tfidf__gbp sms,tfidf,0.0
spam,gbp week,tfidf__gbp week,tfidf,0.0
spam,gbp5,tfidf__gbp5,tfidf,0.0
spam,gbp5 month,tfidf__gbp5 month,tfidf,0.0
spam,germany,tfidf__germany,tfidf,0.0
spam,germany pence,tfidf__germany pence,tfidf,0.0
spam,gets,tfidf__gets,tfidf,0.0
spam,gift guaranteed,tfidf__gift guaranteed,tfidf,0.0
spam,gigolo,tfidf__gigolo,tfidf,0.0
spam,gigolo join,tfidf__gigolo join,tfidf,0.0
spam,girl connect,tfidf__girl connect,tfidf,0.0
spam,go2,tfidf__go2,tfidf,0.0
spam,goal,tfidf__goal,tfidf,0.0
spam,goal arsenal,tfidf__goal arsenal,tfidf,0.0
spam,goal margin,tfidf__goal margin,tfidf,0.0
spam,goals,tfidf__goals,tfidf,0.0
spam,goals news,tfidf__goals news,tfidf,0.0
spam,goin,tfidf__goin,tfidf,0.0
spam,golf,tfidf__golf,tfidf,0.0
spam,golf course,tfidf__golf course,tfidf,0.0
spam,golf free,tfidf__golf free,tfidf,0.0
spam,gonna,tfidf__gonna,tfidf,0.0
spam,good condition,tfidf__good condition,tfidf,0.0
spam,good friend,tfidf__good friend,tfidf,0.0
spam,good ladies,tfidf__good ladies,tfidf,0.0
spam,gossip,tfidf__gossip,tfidf,0.0
spam,gossip babes,tfidf__gossip babes,tfidf,0.0
spam,got cam,tfidf__got cam,tfidf,0.0
spam,grant 2000,tfidf__grant 2000,tfidf,0.0
spam,grant 500,tfidf__grant 500,tfidf,0.0
spam,great day,tfidf__great day,tfidf,0.0
spam,great offers,tfidf__great offers,tfidf,0.0
spam,greater,tfidf__greater,tfidf,0.0
spam,greater noida,tfidf__greater noida,tfidf,0.0
spam,green,tfidf__green,tfidf,0.0
spam,green day,tfidf__green day,tfidf,0.0
spam,grgn,tfidf__grgn,tfidf,0.0
spam,grgn 5250,tfidf__grgn 5250,tfidf,0.0
spam,group,tfidf__group,tfidf,0.0
spam,growing mens,tfidf__growing mens,tfidf,0.0
spam,gsoh,tfidf__gsoh,tfidf,0.0
spam,gsoh good,tfidf__gsoh good,tfidf,0.0
spam,guaranteed 3000,tfidf__guaranteed 3000,tfidf,0.0
spam,gud ni8,tfidf__gud ni8,tfidf,0.0
spam,gurgaon 28,tfidf__gurgaon 28,tfidf,0.0
spam,gurgaon vishal,tfidf__gurgaon vishal,tfidf,0.0
spam,ha,tfidf__ha,tfidf,0.0
spam,habituate,tfidf__habituate,tfidf,0.0
spam,hair,tfidf__hair,tfidf,0.0
spam,haridwar,tfidf__haridwar,tfidf,0.0
spam,haridwar bank,tfidf__haridwar bank,tfidf,0.0
spam,harry answer,tfidf__harry answer,tfidf,0.0
spam,havent,tfidf__havent,tfidf,0.0
spam,havin,tfidf__havin,tfidf,0.0
spam,havin borin,tfidf__havin borin,tfidf,0.0
spam,head,tfidf__head,tfidf,0.0
spam,held,tfidf__held,tfidf,0.0
spam,held send,tfidf__held send,tfidf,0.0
spam,help info,tfidf__help info,tfidf,0.0
spam,help urltoken,tfidf__help urltoken,tfidf,0.0
spam,help08700621170150p,tfidf__help08700621170150p,tfidf,0.0
spam,help08700621170150p msg,tfidf__help08700621170150p msg,tfidf,0.0
spam,help08714742804,tfidf__help08714742804,tfidf,0.0
spam,help08718728876,tfidf__help08718728876,tfidf,0.0
spam,helpline,tfidf__helpline,tfidf,0.0
spam,helpline phonetoken,tfidf__helpline phonetoken,tfidf,0.0
spam,henry,tfidf__henry,tfidf,0.0
spam,henry liverpool,tfidf__henry liverpool,tfidf,0.0
spam,henry scores,tfidf__henry scores,tfidf,0.0
spam,heri,tfidf__heri,tfidf,0.0
spam,heri mkt,tfidf__heri mkt,tfidf,0.0
spam,hey darling,tfidf__hey darling,tfidf,0.0
spam,hey i'm,tfidf__hey i'm,tfidf,0.0
spam,hey really,tfidf__hey really,tfidf,0.0
spam,hi hi,tfidf__hi hi,tfidf,0.0
spam,hi phonetoken,tfidf__hi phonetoken,tfidf,0.0
spam,hi stop,tfidf__hi stop,tfidf,0.0
spam,high,tfidf__high,tfidf,0.0
spam,hindustan,tfidf__hindustan,tfidf,0.0
spam,hindustan times,tfidf__hindustan times,tfidf,0.0
spam,hockey,tfidf__hockey,tfidf,0.0
spam,hockey correct,tfidf__hockey correct,tfidf,0.0
spam,hold complete,tfidf__hold complete,tfidf,0.0
spam,holder arrogate,tfidf__holder arrogate,tfidf,0.0
spam,holiday 10,tfidf__holiday 10,tfidf,0.0
spam,holiday 20,tfidf__holiday 20,tfidf,0.0
spam,holiday await,tfidf__holiday await,tfidf,0.0
spam,holiday voucher,tfidf__holiday voucher,tfidf,0.0
spam,home abroad,tfidf__home abroad,tfidf,0.0
spam,home loan,tfidf__home loan,tfidf,0.0
spam,hope good,tfidf__hope good,tfidf,0.0
spam,hope like,tfidf__hope like,tfidf,0.0
spam,hope luv,tfidf__hope luv,tfidf,0.0
spam,horny guys,tfidf__horny guys,tfidf,0.0
spam,hotel,tfidf__hotel,tfidf,0.0
spam,hotels t0day's,tfidf__hotels t0day's,tfidf,0.0
spam,hour contact,tfidf__hour contact,tfidf,0.0
spam,house postcode,tfidf__house postcode,tfidf,0.0
spam,housewives,tfidf__housewives,tfidf,0.0
spam,housewives chat,tfidf__housewives chat,tfidf,0.0
spam,hp20,tfidf__hp20,tfidf,0.0
spam,hp20 1yf,tfidf__hp20 1yf,tfidf,0.0
spam,hr,tfidf__hr,tfidf,0.0
spam,hr thank,tfidf__hr thank,tfidf,0.0
spam,hubby,tfidf__hubby,tfidf,0.0
spam,huh,tfidf__huh,tfidf,0.0
spam,hungry gay,tfidf__hungry gay,tfidf,0.0
spam,hv9d,tfidf__hv9d,tfidf,0.0
spam,i'll later,tfidf__i'll later,tfidf,0.0
spam,i'm buffy,tfidf__i'm buffy,tfidf,0.0
spam,i'm going,tfidf__i'm going,tfidf,0.0
spam,i'm gonna,tfidf__i'm gonna,tfidf,0.0
spam,i'm phonetoken,tfidf__i'm phonetoken,tfidf,0.0
spam,ibh,tfidf__ibh,tfidf,0.0
spam,ibh customer,tfidf__ibh customer,tfidf,0.0
spam,ibiza,tfidf__ibiza,tfidf,0.0
spam,ibiza holiday,tfidf__ibiza holiday,tfidf,0.0
spam,ice hockey,tfidf__ice hockey,tfidf,0.0
spam,icmb3cktz8r7,tfidf__icmb3cktz8r7,tfidf,0.0
spam,icmb3cktz8r7 blind,tfidf__icmb3cktz8r7 blind,tfidf,0.0
spam,im home,tfidf__im home,tfidf,0.0
spam,im w8in,tfidf__im w8in,tfidf,0.0
spam,immediately,tfidf__immediately,tfidf,0.0
spam,immediately account,tfidf__immediately account,tfidf,0.0
spam,immediately urgent,tfidf__immediately urgent,tfidf,0.0
spam,immediately verify,tfidf__immediately verify,tfidf,0.0
spam,inch,tfidf__inch,tfidf,0.0
spam,inch free,tfidf__inch free,tfidf,0.0
spam,inch use,tfidf__inch use,tfidf,0.0
spam,include,tfidf__include,tfidf,0.0
spam,include crazy,tfidf__include crazy,tfidf,0.0
spam,income,tfidf__income,tfidf,0.0
spam,income tax,tfidf__income tax,tfidf,0.0
spam,incorrect,tfidf__incorrect,tfidf,0.0
spam,incorrect end,tfidf__incorrect end,tfidf,0.0
spam,incur,tfidf__incur,tfidf,0.0
spam,india jerseys,tfidf__india jerseys,tfidf,0.0
spam,india vs,tfidf__india vs,tfidf,0.0
spam,indicate,tfidf__indicate,tfidf,0.0
spam,industries,tfidf__industries,tfidf,0.0
spam,industries corporate,tfidf__industries corporate,tfidf,0.0
spam,infix,tfidf__infix,tfidf,0.0
spam,inform nab,tfidf__inform nab,tfidf,0.0
spam,information 02,tfidf__information 02,tfidf,0.0
spam,information urltoken,tfidf__information urltoken,tfidf,0.0
spam,informed,tfidf__informed,tfidf,0.0
spam,informed latest,tfidf__informed latest,tfidf,0.0
spam,ingest new,tfidf__ingest new,tfidf,0.0
spam,ingest specially,tfidf__ingest specially,tfidf,0.0
spam,ingest w0n,tfidf__ingest w0n,tfidf,0.0
spam,initiate,tfidf__initiate,tfidf,0.0
spam,installment,tfidf__installment,tfidf,0.0
spam,installment urltoken,tfidf__installment urltoken,tfidf,0.0
spam,interflora,tfidf__interflora,tfidf,0.0
spam,investment,tfidf__investment,tfidf,0.0
spam,investment assured,tfidf__investment assured,tfidf,0.0
spam,investments,tfidf__investments,tfidf,0.0
spam,investments phonetoken,tfidf__investments phonetoken,tfidf,0.0
spam,invited,tfidf__invited,tfidf,0.0
spam,ip4,tfidf__ip4,tfidf,0.0
spam,ip4 5we,tfidf__ip4 5we,tfidf,0.0
spam,ipad,tfidf__ipad,tfidf,0.0
spam,ipad blackberry,tfidf__ipad blackberry,tfidf,0.0
spam,ipod 250,tfidf__ipod 250,tfidf,0.0
spam,ipod txt,tfidf__ipod txt,tfidf,0.0
spam,iscoming,tfidf__iscoming,tfidf,0.0
spam,iscoming ur,tfidf__iscoming ur,tfidf,0.0
spam,issues,tfidf__issues,tfidf,0.0
spam,it's ok,tfidf__it's ok,tfidf,0.0
spam,it's true,tfidf__it's true,tfidf,0.0
spam,it's week's,tfidf__it's week's,tfidf,0.0
spam,itcould,tfidf__itcould,tfidf,0.0
spam,items,tfidf__items,tfidf,0.0
spam,items mobile,tfidf__items mobile,tfidf,0.0
spam,jam,tfidf__jam,tfidf,0.0
spam,jamster crazy,tfidf__jamster crazy,tfidf,0.0
spam,jersey,tfidf__jersey,tfidf,0.0
spam,jersey devils,tfidf__jersey devils,tfidf,0.0
spam,jerseys,tfidf__jerseys,tfidf,0.0
spam,jerseys end,tfidf__jerseys end,tfidf,0.0
spam,john,tfidf__john,tfidf,0.0
spam,join optout,tfidf__join optout,tfidf,0.0
spam,join uks,tfidf__join uks,tfidf,0.0
spam,join urltoken,tfidf__join urltoken,tfidf,0.0
spam,jordan,tfidf__jordan,tfidf,0.0
spam,jordan im,tfidf__jordan im,tfidf,0.0
spam,jsco,tfidf__jsco,tfidf,0.0
spam,jsco energy,tfidf__jsco energy,tfidf,0.0
spam,jst got,tfidf__jst got,tfidf,0.0
spam,july,tfidf__july,tfidf,0.0
spam,july 2007,tfidf__july 2007,tfidf,0.0
spam,july c's,tfidf__july c's,tfidf,0.0
spam,jump,tfidf__jump,tfidf,0.0
spam,june,tfidf__june,tfidf,0.0
spam,june chance,tfidf__june chance,tfidf,0.0
spam,jus,tfidf__jus,tfidf,0.0
spam,just 10p,tfidf__just 10p,tfidf,0.0
spam,just bl0cked,tfidf__just bl0cked,tfidf,0.0
spam,just emailtoken,tfidf__just emailtoken,tfidf,0.0
spam,just gbp,tfidf__just gbp,tfidf,0.0
spam,just gbp5,tfidf__just gbp5,tfidf,0.0
spam,just send,tfidf__just send,tfidf,0.0
spam,just yell,tfidf__just yell,tfidf,0.0
spam,jwala,tfidf__jwala,tfidf,0.0
spam,jwala heri,tfidf__jwala heri,tfidf,0.0
spam,k61,tfidf__k61,tfidf,0.0
spam,k61 valid,tfidf__k61 valid,tfidf,0.0
spam,karaoke,tfidf__karaoke,tfidf,0.0
spam,karaoke mobile,tfidf__karaoke mobile,tfidf,0.0
spam,kept,tfidf__kept,tfidf,0.0
spam,kept informed,tfidf__kept informed,tfidf,0.0
spam,key arcade,tfidf__key arcade,tfidf,0.0
spam,ki,tfidf__ki,tfidf,0.0
spam,ki bahar,tfidf__ki bahar,tfidf,0.0
spam,kick,tfidf__kick,tfidf,0.0
spam,kick new,tfidf__kick new,tfidf,0.0
spam,kickoff,tfidf__kickoff,tfidf,0.0
spam,kickoff kept,tfidf__kickoff kept,tfidf,0.0
spam,kind,tfidf__kind,tfidf,0.0
spam,kindly,tfidf__kindly,tfidf,0.0
spam,king store,tfidf__king store,tfidf,0.0
spam,kingdom,tfidf__kingdom,tfidf,0.0
spam,kingdom check,tfidf__kingdom check,tfidf,0.0
spam,kiosk,tfidf__kiosk,tfidf,0.0
spam,kiosk reply,tfidf__kiosk reply,tfidf,0.0
spam,kiss,tfidf__kiss,tfidf,0.0
spam,klia2 19,tfidf__klia2 19,tfidf,0.0
spam,knock,tfidf__knock,tfidf,0.0
spam,know don't,tfidf__know don't,tfidf,0.0
spam,kyc contact,tfidf__kyc contact,tfidf,0.0
spam,kyc expired,tfidf__kyc expired,tfidf,0.0
spam,kyc ingest,tfidf__kyc ingest,tfidf,0.0
spam,kyc suspended,tfidf__kyc suspended,tfidf,0.0
spam,la32wu,tfidf__la32wu,tfidf,0.0
spam,la32wu 16,tfidf__la32wu 16,tfidf,0.0
spam,lac,tfidf__lac,tfidf,0.0
spam,lac onwards,tfidf__lac onwards,tfidf,0.0
spam,ladies male,tfidf__ladies male,tfidf,0.0
spam,landline complimentary,tfidf__landline complimentary,tfidf,0.0
spam,landline tcs,tfidf__landline tcs,tfidf,0.0
spam,later,tfidf__later,tfidf,0.0
spam,ldn wc1n3xx,tfidf__ldn wc1n3xx,tfidf,0.0
spam,le,tfidf__le,tfidf,0.0
spam,le 61200,tfidf__le 61200,tfidf,0.0
spam,leadership,tfidf__leadership,tfidf,0.0
spam,leave msg,tfidf__leave msg,tfidf,0.0
spam,let's 150p,tfidf__let's 150p,tfidf,0.0
spam,let's talk,tfidf__let's talk,tfidf,0.0
spam,like company,tfidf__like company,tfidf,0.0
spam,like santa,tfidf__like santa,tfidf,0.0
spam,lily,tfidf__lily,tfidf,0.0
spam,lily txt,tfidf__lily txt,tfidf,0.0
spam,line access,tfidf__line access,tfidf,0.0
spam,linerental latest,tfidf__linerental latest,tfidf,0.0
spam,linerental motorola,tfidf__linerental motorola,tfidf,0.0
spam,lines,tfidf__lines,tfidf,0.0
spam,lines close,tfidf__lines close,tfidf,0.0
spam,link just,tfidf__link just,tfidf,0.0
spam,listen,tfidf__listen,tfidf,0.0
spam,little ones,tfidf__little ones,tfidf,0.0
spam,live india,tfidf__live india,tfidf,0.0
spam,live tv,tfidf__live tv,tfidf,0.0
spam,liverpool henry,tfidf__liverpool henry,tfidf,0.0
spam,lnly hope,tfidf__lnly hope,tfidf,0.0
spam,local dates,tfidf__local dates,tfidf,0.0
spam,login unsubscribe,tfidf__login unsubscribe,tfidf,0.0
spam,logon,tfidf__logon,tfidf,0.0
spam,logon urltoken,tfidf__logon urltoken,tfidf,0.0
spam,logos,tfidf__logos,tfidf,0.0
spam,london,tfidf__london,tfidf,0.0
spam,london w1j,tfidf__london w1j,tfidf,0.0
spam,lonely,tfidf__lonely,tfidf,0.0
spam,lonely black,tfidf__lonely black,tfidf,0.0
spam,lonely text,tfidf__lonely text,tfidf,0.0
spam,lookatme,tfidf__lookatme,tfidf,0.0
spam,lookatme thanks,tfidf__lookatme thanks,tfidf,0.0
spam,lookatme you've,tfidf__lookatme you've,tfidf,0.0
spam,lord,tfidf__lord,tfidf,0.0
spam,lord rings,tfidf__lord rings,tfidf,0.0
spam,lose,tfidf__lose,tfidf,0.0
spam,lost,tfidf__lost,tfidf,0.0
spam,lost 12,tfidf__lost 12,tfidf,0.0
spam,lost 3pound,tfidf__lost 3pound,tfidf,0.0
spam,lotr,tfidf__lotr,tfidf,0.0
spam,lotr june,tfidf__lotr june,tfidf,0.0
spam,lotr soundtrack,tfidf__lotr soundtrack,tfidf,0.0
spam,lots,tfidf__lots,tfidf,0.0
spam,lots cash,tfidf__lots cash,tfidf,0.0
spam,lots new,tfidf__lots new,tfidf,0.0
spam,loudly,tfidf__loudly,tfidf,0.0
spam,loudly shrilly,tfidf__loudly shrilly,tfidf,0.0
spam,lounge,tfidf__lounge,tfidf,0.0
spam,lounge passes,tfidf__lounge passes,tfidf,0.0
spam,loved,tfidf__loved,tfidf,0.0
spam,loving,tfidf__loving,tfidf,0.0
spam,loyal,tfidf__loyal,tfidf,0.0
spam,loyal mobile,tfidf__loyal mobile,tfidf,0.0
spam,lucozade,tfidf__lucozade,tfidf,0.0
spam,lucozade energy,tfidf__lucozade energy,tfidf,0.0
spam,lucy,tfidf__lucy,tfidf,0.0
spam,luv claire,tfidf__luv claire,tfidf,0.0
spam,m60,tfidf__m60,tfidf,0.0
spam,m60 1er,tfidf__m60 1er,tfidf,0.0
spam,m8s,tfidf__m8s,tfidf,0.0
spam,m8s txt,tfidf__m8s txt,tfidf,0.0
spam,mad1,tfidf__mad1,tfidf,0.0
spam,mad1 real,tfidf__mad1 real,tfidf,0.0
spam,mad2,tfidf__mad2,tfidf,0.0
spam,mad2 88888,tfidf__mad2 88888,tfidf,0.0
spam,mail,tfidf__mail,tfidf,0.0
spam,mailbox messaging,tfidf__mailbox messaging,tfidf,0.0
spam,male,tfidf__male,tfidf,0.0
spam,male gigolo,tfidf__male gigolo,tfidf,0.0
spam,margin,tfidf__margin,tfidf,0.0
spam,margin 78,tfidf__margin 78,tfidf,0.0
spam,market,tfidf__market,tfidf,0.0
spam,market square,tfidf__market square,tfidf,0.0
spam,match logon,tfidf__match logon,tfidf,0.0
spam,match yell,tfidf__match yell,tfidf,0.0
spam,mates join,tfidf__mates join,tfidf,0.0
spam,matrix3,tfidf__matrix3,tfidf,0.0
spam,matrix3 starwars3,tfidf__matrix3 starwars3,tfidf,0.0
spam,max,tfidf__max,tfidf,0.0
spam,max 50,tfidf__max 50,tfidf,0.0
spam,maximum,tfidf__maximum,tfidf,0.0
spam,maximum prizes,tfidf__maximum prizes,tfidf,0.0
spam,meaning,tfidf__meaning,tfidf,0.0
spam,med,tfidf__med,tfidf,0.0
spam,med holiday,tfidf__med holiday,tfidf,0.0
spam,med popcorn,tfidf__med popcorn,tfidf,0.0
spam,meeting,tfidf__meeting,tfidf,0.0
spam,men,tfidf__men,tfidf,0.0
spam,men home,tfidf__men home,tfidf,0.0
spam,mens,tfidf__mens,tfidf,0.0
spam,mens club,tfidf__mens club,tfidf,0.0
spam,message jamster,tfidf__message jamster,tfidf,0.0
spam,message waiting,tfidf__message waiting,tfidf,0.0
spam,messages reply,tfidf__messages reply,tfidf,0.0
spam,messages text,tfidf__messages text,tfidf,0.0
spam,messaging,tfidf__messaging,tfidf,0.0
spam,messaging sms,tfidf__messaging sms,tfidf,0.0
spam,metro,tfidf__metro,tfidf,0.0
spam,metro station,tfidf__metro station,tfidf,0.0
spam,midnight,tfidf__midnight,tfidf,0.0
spam,min mob,tfidf__min mob,tfidf,0.0
spam,min polo,tfidf__min polo,tfidf,0.0
spam,min term,tfidf__min term,tfidf,0.0
spam,mind,tfidf__mind,tfidf,0.0
spam,minmobsmore,tfidf__minmobsmore,tfidf,0.0
spam,minmobsmore lkpobox177hp51fl,tfidf__minmobsmore lkpobox177hp51fl,tfidf,0.0
spam,minmobsmorelkpobox177hp51fl,tfidf__minmobsmorelkpobox177hp51fl,tfidf,0.0
spam,minmoremobsemspobox45po139wa,tfidf__minmoremobsemspobox45po139wa,tfidf,0.0
spam,mins 100,tfidf__mins 100,tfidf,0.0
spam,mins 1000,tfidf__mins 1000,tfidf,0.0
spam,mins 150,tfidf__mins 150,tfidf,0.0
spam,mins texts,tfidf__mins texts,tfidf,0.0
spam,mins txts,tfidf__mins txts,tfidf,0.0
spam,minute fixed,tfidf__minute fixed,tfidf,0.0
spam,minutes mobil,tfidf__minutes mobil,tfidf,0.0
spam,mistake,tfidf__mistake,tfidf,0.0
spam,mistake shortcode,tfidf__mistake shortcode,tfidf,0.0
spam,mjzgroup,tfidf__mjzgroup,tfidf,0.0
spam,mjzgroup phonetoken,tfidf__mjzgroup phonetoken,tfidf,0.0
spam,mkt,tfidf__mkt,tfidf,0.0
spam,mkt paschim,tfidf__mkt paschim,tfidf,0.0
spam,mmsto,tfidf__mmsto,tfidf,0.0
spam,mmsto 32323,tfidf__mmsto 32323,tfidf,0.0
spam,mob awarded,tfidf__mob awarded,tfidf,0.0
spam,mob embody,tfidf__mob embody,tfidf,0.0
spam,mob offer,tfidf__mob offer,tfidf,0.0
spam,mob tell,tfidf__mob tell,tfidf,0.0
spam,mob tones,tfidf__mob tones,tfidf,0.0
spam,mob vary,tfidf__mob vary,tfidf,0.0
spam,mobil,tfidf__mobil,tfidf,0.0
spam,mobil free,tfidf__mobil free,tfidf,0.0
spam,mobile 07xxxxxxxxx,tfidf__mobile 07xxxxxxxxx,tfidf,0.0
spam,mobile 750,tfidf__mobile 750,tfidf,0.0
spam,mobile 7cfca1a,tfidf__mobile 7cfca1a,tfidf,0.0
spam,mobile charged,tfidf__mobile charged,tfidf,0.0
spam,mobile club,tfidf__mobile club,tfidf,0.0
spam,mobile customers,tfidf__mobile customers,tfidf,0.0
spam,mobile fit,tfidf__mobile fit,tfidf,0.0
spam,mobile security,tfidf__mobile security,tfidf,0.0
spam,mobile stop,tfidf__mobile stop,tfidf,0.0
spam,mobile tonights,tfidf__mobile tonights,tfidf,0.0
spam,mobile try,tfidf__mobile try,tfidf,0.0
spam,mobiles mobileupd8,tfidf__mobiles mobileupd8,tfidf,0.0
spam,mobilesvary,tfidf__mobilesvary,tfidf,0.0
spam,mobilesvary max,tfidf__mobilesvary max,tfidf,0.0
spam,moby pub,tfidf__moby pub,tfidf,0.0
spam,mobypobox734ls27yf,tfidf__mobypobox734ls27yf,tfidf,0.0
spam,modify,tfidf__modify,tfidf,0.0
spam,modify urltoken,tfidf__modify urltoken,tfidf,0.0
spam,mono lionp,tfidf__mono lionp,tfidf,0.0
spam,month aom,tfidf__month aom,tfidf,0.0
spam,moon's,tfidf__moon's,tfidf,0.0
spam,moon's children,tfidf__moon's children,tfidf,0.0
spam,motorola free,tfidf__motorola free,tfidf,0.0
spam,motorola phones,tfidf__motorola phones,tfidf,0.0
spam,motorola sonyericsson,tfidf__motorola sonyericsson,tfidf,0.0
spam,mourn,tfidf__mourn,tfidf,0.0
spam,mourn loudly,tfidf__mourn loudly,tfidf,0.0
spam,mre,tfidf__mre,tfidf,0.0
spam,mre film,tfidf__mre film,tfidf,0.0
spam,msg 2day,tfidf__msg 2day,tfidf,0.0
spam,msg 50rcvd,tfidf__msg 50rcvd,tfidf,0.0
spam,msg billed,tfidf__msg billed,tfidf,0.0
spam,msg opt,tfidf__msg opt,tfidf,0.0
spam,msg rcd,tfidf__msg rcd,tfidf,0.0
spam,msg send,tfidf__msg send,tfidf,0.0
spam,mtalk phonetoken,tfidf__mtalk phonetoken,tfidf,0.0
spam,mths 500,tfidf__mths 500,tfidf,0.0
spam,mum,tfidf__mum,tfidf,0.0
spam,murder,tfidf__murder,tfidf,0.0
spam,murderer,tfidf__murderer,tfidf,0.0
spam,music news,tfidf__music news,tfidf,0.0
spam,music store,tfidf__music store,tfidf,0.0
spam,music urltoken,tfidf__music urltoken,tfidf,0.0
spam,mymoby,tfidf__mymoby,tfidf,0.0
spam,mymoby tv,tfidf__mymoby tv,tfidf,0.0
spam,n9dx,tfidf__n9dx,tfidf,0.0
spam,na,tfidf__na,tfidf,0.0
spam,nab card,tfidf__nab card,tfidf,0.0
spam,ncr,tfidf__ncr,tfidf,0.0
spam,ncr 50rs,tfidf__ncr 50rs,tfidf,0.0
spam,ncr rs50,tfidf__ncr rs50,tfidf,0.0
spam,near pari,tfidf__near pari,tfidf,0.0
spam,nearly,tfidf__nearly,tfidf,0.0
spam,need song,tfidf__need song,tfidf,0.0
spam,needs,tfidf__needs,tfidf,0.0
spam,netherlands,tfidf__netherlands,tfidf,0.0
spam,new cam,tfidf__new cam,tfidf,0.0
spam,new jersey,tfidf__new jersey,tfidf,0.0
spam,new local,tfidf__new local,tfidf,0.0
spam,new nokia6600,tfidf__new nokia6600,tfidf,0.0
spam,new people,tfidf__new people,tfidf,0.0
spam,new season,tfidf__new season,tfidf,0.0
spam,new tone,tfidf__new tone,tfidf,0.0
spam,new tones,tfidf__new tones,tfidf,0.0
spam,new voicemail,tfidf__new voicemail,tfidf,0.0
spam,newest selection,tfidf__newest selection,tfidf,0.0
spam,news phone,tfidf__news phone,tfidf,0.0
spam,news results,tfidf__news results,tfidf,0.0
spam,news ur,tfidf__news ur,tfidf,0.0
spam,ni8,tfidf__ni8,tfidf,0.0
spam,no1 bbc,tfidf__no1 bbc,tfidf,0.0
spam,noe,tfidf__noe,tfidf,0.0
spam,noida 9500,tfidf__noida 9500,tfidf,0.0
spam,noida near,tfidf__noida near,tfidf,0.0
spam,nok,tfidf__nok,tfidf,0.0
spam,nok 87021,tfidf__nok 87021,tfidf,0.0
spam,nokia 3650,tfidf__nokia 3650,tfidf,0.0
spam,nokia bluetooth,tfidf__nokia bluetooth,tfidf,0.0
spam,nokia logo,tfidf__nokia logo,tfidf,0.0
spam,nokia music,tfidf__nokia music,tfidf,0.0
spam,nokia6600,tfidf__nokia6600,tfidf,0.0
spam,nokia6600 mobile,tfidf__nokia6600 mobile,tfidf,0.0
spam,nokias,tfidf__nokias,tfidf,0.0
spam,nokias poly,tfidf__nokias poly,tfidf,0.0
spam,norm,tfidf__norm,tfidf,0.0
spam,norm 150p,tfidf__norm 150p,tfidf,0.0
spam,notify,tfidf__notify,tfidf,0.0
spam,nr,tfidf__nr,tfidf,0.0
spam,nr metro,tfidf__nr metro,tfidf,0.0
spam,num,tfidf__num,tfidf,0.0
spam,number experience,tfidf__number experience,tfidf,0.0
spam,number mistake,tfidf__number mistake,tfidf,0.0
spam,number phonetoken,tfidf__number phonetoken,tfidf,0.0
spam,number urltoken,tfidf__number urltoken,tfidf,0.0
spam,number x29,tfidf__number x29,tfidf,0.0
spam,numbers stop,tfidf__numbers stop,tfidf,0.0
spam,o2 50,tfidf__o2 50,tfidf,0.0
spam,o2 games,tfidf__o2 games,tfidf,0.0
spam,offer 750,tfidf__offer 750,tfidf,0.0
spam,offer claim,tfidf__offer claim,tfidf,0.0
spam,offer latest,tfidf__offer latest,tfidf,0.0
spam,offer package,tfidf__offer package,tfidf,0.0
spam,offer stop,tfidf__offer stop,tfidf,0.0
spam,offers bhk,tfidf__offers bhk,tfidf,0.0
spam,offers pls,tfidf__offers pls,tfidf,0.0
spam,office airtel,tfidf__office airtel,tfidf,0.0
spam,official england,tfidf__official england,tfidf,0.0
spam,ok 2600,tfidf__ok 2600,tfidf,0.0
spam,ok 84025,tfidf__ok 84025,tfidf,0.0
spam,ok xxx,tfidf__ok xxx,tfidf,0.0
spam,om,tfidf__om,tfidf,0.0
spam,oncall,tfidf__oncall,tfidf,0.0
spam,oncall mjzgroup,tfidf__oncall mjzgroup,tfidf,0.0
spam,ones,tfidf__ones,tfidf,0.0
spam,ones like,tfidf__ones like,tfidf,0.0
spam,ons,tfidf__ons,tfidf,0.0
spam,ons phonetoken,tfidf__ons phonetoken,tfidf,0.0
spam,onwards,tfidf__onwards,tfidf,0.0
spam,onwards bhk,tfidf__onwards bhk,tfidf,0.0
spam,onwards urltoken,tfidf__onwards urltoken,tfidf,0.0
spam,oor,tfidf__oor,tfidf,0.0
spam,oor step,tfidf__oor step,tfidf,0.0
spam,opt availa,tfidf__opt availa,tfidf,0.0
spam,opt available,tfidf__opt available,tfidf,0.0
spam,optin,tfidf__optin,tfidf,0.0
spam,optin subscriber,tfidf__optin subscriber,tfidf,0.0
spam,or2optout,tfidf__or2optout,tfidf,0.0
spam,or2optout hv9d,tfidf__or2optout hv9d,tfidf,0.0
spam,or2stoptxt,tfidf__or2stoptxt,tfidf,0.0
spam,orange bluetooth,tfidf__orange bluetooth,tfidf,0.0
spam,orange contract,tfidf__orange contract,tfidf,0.0
spam,orange customer,tfidf__orange customer,tfidf,0.0
spam,orange mobileupd8,tfidf__orange mobileupd8,tfidf,0.0
spam,orange price,tfidf__orange price,tfidf,0.0
spam,order 42,tfidf__order 42,tfidf,0.0
spam,oredi,tfidf__oredi,tfidf,0.0
spam,original,tfidf__original,tfidf,0.0
spam,original best,tfidf__original best,tfidf,0.0
spam,oz,tfidf__oz,tfidf,0.0
spam,oz lucozade,tfidf__oz lucozade,tfidf,0.0
spam,packs,tfidf__packs,tfidf,0.0
spam,packs urltoken,tfidf__packs urltoken,tfidf,0.0
spam,paid,tfidf__paid,tfidf,0.0
spam,pain,tfidf__pain,tfidf,0.0
spam,pan,tfidf__pan,tfidf,0.0
spam,pan card,tfidf__pan card,tfidf,0.0
spam,panasonic,tfidf__panasonic,tfidf,0.0
spam,panasonic bluetoothhdset,tfidf__panasonic bluetoothhdset,tfidf,0.0
spam,pari,tfidf__pari,tfidf,0.0
spam,pari chowk,tfidf__pari chowk,tfidf,0.0
spam,paschim,tfidf__paschim,tfidf,0.0
spam,paschim viha,tfidf__paschim viha,tfidf,0.0
spam,pass,tfidf__pass,tfidf,0.0
spam,pass bergkamp,tfidf__pass bergkamp,tfidf,0.0
spam,pass phonetoken,tfidf__pass phonetoken,tfidf,0.0
spam,passes,tfidf__passes,tfidf,0.0
spam,passport,tfidf__passport,tfidf,0.0
spam,passport assistance,tfidf__passport assistance,tfidf,0.0
spam,pay2tmkyc,tfidf__pay2tmkyc,tfidf,0.0
spam,paying,tfidf__paying,tfidf,0.0
spam,payments,tfidf__payments,tfidf,0.0
spam,payments bank,tfidf__payments bank,tfidf,0.0
spam,paytm payments,tfidf__paytm payments,tfidf,0.0
spam,paytm team,tfidf__paytm team,tfidf,0.0
spam,pc urltoken,tfidf__pc urltoken,tfidf,0.0
spam,pdate,tfidf__pdate,tfidf,0.0
spam,pdate double,tfidf__pdate double,tfidf,0.0
spam,peace,tfidf__peace,tfidf,0.0
spam,pence,tfidf__pence,tfidf,0.0
spam,pence minute,tfidf__pence minute,tfidf,0.0
spam,peoples,tfidf__peoples,tfidf,0.0
spam,pg,tfidf__pg,tfidf,0.0
spam,pg todays,tfidf__pg todays,tfidf,0.0
spam,ph 08700435505150p,tfidf__ph 08700435505150p,tfidf,0.0
spam,phoenix reply,tfidf__phoenix reply,tfidf,0.0
spam,phone delivered,tfidf__phone delivered,tfidf,0.0
spam,phone pounds,tfidf__phone pounds,tfidf,0.0
spam,phone services,tfidf__phone services,tfidf,0.0
spam,phone750,tfidf__phone750,tfidf,0.0
spam,phone750 anytime,tfidf__phone750 anytime,tfidf,0.0
spam,phones half,tfidf__phones half,tfidf,0.0
spam,phones mobileupd8,tfidf__phones mobileupd8,tfidf,0.0
spam,phonetoken 00,tfidf__phonetoken 00,tfidf,0.0
spam,phonetoken 04,tfidf__phonetoken 04,tfidf,0.0
spam,phonetoken 2stop,tfidf__phonetoken 2stop,tfidf,0.0
spam,phonetoken 9am,tfidf__phonetoken 9am,tfidf,0.0
spam,phonetoken answer,tfidf__phonetoken answer,tfidf,0.0
spam,phonetoken avail,tfidf__phonetoken avail,tfidf,0.0
spam,phonetoken b4,tfidf__phonetoken b4,tfidf,0.0
spam,phonetoken book,tfidf__phonetoken book,tfidf,0.0
spam,phonetoken box334sk38ch,tfidf__phonetoken box334sk38ch,tfidf,0.0
spam,phonetoken calls,tfidf__phonetoken calls,tfidf,0.0
spam,phonetoken cite,tfidf__phonetoken cite,tfidf,0.0
spam,phonetoken closingdate04,tfidf__phonetoken closingdate04,tfidf,0.0
spam,phonetoken details,tfidf__phonetoken details,tfidf,0.0
spam,phonetoken dress,tfidf__phonetoken dress,tfidf,0.0
spam,phonetoken exact,tfidf__phonetoken exact,tfidf,0.0
spam,phonetoken help08718728876,tfidf__phonetoken help08718728876,tfidf,0.0
spam,phonetoken hope,tfidf__phonetoken hope,tfidf,0.0
spam,phonetoken ibh,tfidf__phonetoken ibh,tfidf,0.0
spam,phonetoken immediately,tfidf__phonetoken immediately,tfidf,0.0
spam,phonetoken ingest,tfidf__phonetoken ingest,tfidf,0.0
spam,phonetoken jwala,tfidf__phonetoken jwala,tfidf,0.0
spam,phonetoken lines,tfidf__phonetoken lines,tfidf,0.0
spam,phonetoken lucy,tfidf__phonetoken lucy,tfidf,0.0
spam,phonetoken msg150p,tfidf__phonetoken msg150p,tfidf,0.0
spam,phonetoken offer,tfidf__phonetoken offer,tfidf,0.0
spam,phonetoken or2optout,tfidf__phonetoken or2optout,tfidf,0.0
spam,phonetoken poly,tfidf__phonetoken poly,tfidf,0.0
spam,phonetoken profit,tfidf__phonetoken profit,tfidf,0.0
spam,phonetoken retrieve,tfidf__phonetoken retrieve,tfidf,0.0
spam,phonetoken revealed,tfidf__phonetoken revealed,tfidf,0.0
spam,phonetoken rodger,tfidf__phonetoken rodger,tfidf,0.0
spam,phonetoken secret,tfidf__phonetoken secret,tfidf,0.0
spam,phonetoken sms,tfidf__phonetoken sms,tfidf,0.0
spam,phonetoken sp,tfidf__phonetoken sp,tfidf,0.0
spam,phonetoken stopsms,tfidf__phonetoken stopsms,tfidf,0.0
spam,phonetoken suprman,tfidf__phonetoken suprman,tfidf,0.0
spam,phonetoken urgent,tfidf__phonetoken urgent,tfidf,0.0
spam,phonetoken visit,tfidf__phonetoken visit,tfidf,0.0
spam,phony,tfidf__phony,tfidf,0.0
spam,phony 350,tfidf__phony 350,tfidf,0.0
spam,picked,tfidf__picked,tfidf,0.0
spam,picked loyal,tfidf__picked loyal,tfidf,0.0
spam,picked win,tfidf__picked win,tfidf,0.0
spam,pics nearly,tfidf__pics nearly,tfidf,0.0
spam,picsfree1,tfidf__picsfree1,tfidf,0.0
spam,pix qlynnbv,tfidf__pix qlynnbv,tfidf,0.0
spam,pix ringtones,tfidf__pix ringtones,tfidf,0.0
spam,play 83370,tfidf__play 83370,tfidf,0.0
spam,play cricex,tfidf__play cricex,tfidf,0.0
spam,play text,tfidf__play text,tfidf,0.0
spam,play urltoken,tfidf__play urltoken,tfidf,0.0
spam,played,tfidf__played,tfidf,0.0
spam,pleased notify,tfidf__pleased notify,tfidf,0.0
spam,plot sale,tfidf__plot sale,tfidf,0.0
spam,plots available,tfidf__plots available,tfidf,0.0
spam,pls claim,tfidf__pls claim,tfidf,0.0
spam,pls goto,tfidf__pls goto,tfidf,0.0
spam,pls reply,tfidf__pls reply,tfidf,0.0
spam,pls resubmit,tfidf__pls resubmit,tfidf,0.0
spam,pls send,tfidf__pls send,tfidf,0.0
spam,pls stop,tfidf__pls stop,tfidf,0.0
spam,plz,tfidf__plz,tfidf,0.0
spam,po box420,tfidf__po box420,tfidf,0.0
spam,pobox36504w45wq 150p,tfidf__pobox36504w45wq 150p,tfidf,0.0
spam,pod,tfidf__pod,tfidf,0.0
spam,pod 80182,tfidf__pod 80182,tfidf,0.0
spam,pod 84128,tfidf__pod 84128,tfidf,0.0
spam,pokecoins,tfidf__pokecoins,tfidf,0.0
spam,pokecoins pokemon,tfidf__pokecoins pokemon,tfidf,0.0
spam,pokemon,tfidf__pokemon,tfidf,0.0
spam,pokemon gol,tfidf__pokemon gol,tfidf,0.0
spam,polo,tfidf__polo,tfidf,0.0
spam,polo suite,tfidf__polo suite,tfidf,0.0
spam,poly charity,tfidf__poly charity,tfidf,0.0
spam,poly ringtone,tfidf__poly ringtone,tfidf,0.0
spam,poly text,tfidf__poly text,tfidf,0.0
spam,poly true,tfidf__poly true,tfidf,0.0
spam,polys zed,tfidf__polys zed,tfidf,0.0
spam,popcorn,tfidf__popcorn,tfidf,0.0
spam,popcorn just,tfidf__popcorn just,tfidf,0.0
spam,portfolio,tfidf__portfolio,tfidf,0.0
spam,portfolio watch,tfidf__portfolio watch,tfidf,0.0
spam,possession,tfidf__possession,tfidf,0.0
spam,possession registry,tfidf__possession registry,tfidf,0.0
spam,post,tfidf__post,tfidf,0.0
spam,posts,tfidf__posts,tfidf,0.0
spam,posts hello,tfidf__posts hello,tfidf,0.0
spam,pounds accident,tfidf__pounds accident,tfidf,0.0
spam,pounds free,tfidf__pounds free,tfidf,0.0
spam,pounds week,tfidf__pounds week,tfidf,0.0
spam,ppm 18,tfidf__ppm 18,tfidf,0.0
spam,prefer,tfidf__prefer,tfidf,0.0
spam,premium,tfidf__premium,tfidf,0.0
spam,premium phone,tfidf__premium phone,tfidf,0.0
spam,presleys,tfidf__presleys,tfidf,0.0
spam,presleys birthday,tfidf__presleys birthday,tfidf,0.0
spam,press key,tfidf__press key,tfidf,0.0
spam,prevention,tfidf__prevention,tfidf,0.0
spam,prevention phonetoken,tfidf__prevention phonetoken,tfidf,0.0
spam,price linerental,tfidf__price linerental,tfidf,0.0
spam,privy,tfidf__privy,tfidf,0.0
spam,privy address,tfidf__privy address,tfidf,0.0
spam,prize customer,tfidf__prize customer,tfidf,0.0
spam,prize draw,tfidf__prize draw,tfidf,0.0
spam,prize embody,tfidf__prize embody,tfidf,0.0
spam,prize just,tfidf__prize just,tfidf,0.0
spam,prize yesterday,tfidf__prize yesterday,tfidf,0.0
spam,prizes sdm,tfidf__prizes sdm,tfidf,0.0
spam,processed,tfidf__processed,tfidf,0.0
spam,profit,tfidf__profit,tfidf,0.0
spam,profit charity,tfidf__profit charity,tfidf,0.0
spam,project,tfidf__project,tfidf,0.0
spam,promo,tfidf__promo,tfidf,0.0
spam,property,tfidf__property,tfidf,0.0
spam,psf yrs,tfidf__psf yrs,tfidf,0.0
spam,pub,tfidf__pub,tfidf,0.0
spam,purchase video,tfidf__purchase video,tfidf,0.0
spam,pvt,tfidf__pvt,tfidf,0.0
spam,pyatm,tfidf__pyatm,tfidf,0.0
spam,pyatm wallet,tfidf__pyatm wallet,tfidf,0.0
spam,qlynnbv,tfidf__qlynnbv,tfidf,0.0
spam,qlynnbv help08700621170150p,tfidf__qlynnbv help08700621170150p,tfidf,0.0
spam,qualify,tfidf__qualify,tfidf,0.0
spam,quality,tfidf__quality,tfidf,0.0
spam,quality items,tfidf__quality items,tfidf,0.0
spam,quote,tfidf__quote,tfidf,0.0
spam,quote 1st,tfidf__quote 1st,tfidf,0.0
spam,quotes,tfidf__quotes,tfidf,0.0
spam,quotes track,tfidf__quotes track,tfidf,0.0
spam,rally,tfidf__rally,tfidf,0.0
spam,rally le,tfidf__rally le,tfidf,0.0
spam,rally oz,tfidf__rally oz,tfidf,0.0
spam,randomly,tfidf__randomly,tfidf,0.0
spam,randomly picked,tfidf__randomly picked,tfidf,0.0
spam,randy reply,tfidf__randy reply,tfidf,0.0
spam,rate 10p,tfidf__rate 10p,tfidf,0.0
spam,rates employ,tfidf__rates employ,tfidf,0.0
spam,ravana,tfidf__ravana,tfidf,0.0
spam,rayman,tfidf__rayman,tfidf,0.0
spam,rayman golf,tfidf__rayman golf,tfidf,0.0
spam,ready download,tfidf__ready download,tfidf,0.0
spam,ready possession,tfidf__ready possession,tfidf,0.0
spam,real text,tfidf__real text,tfidf,0.0
spam,reat investment,tfidf__reat investment,tfidf,0.0
spam,receive 400,tfidf__receive 400,tfidf,0.0
spam,recent draw,tfidf__recent draw,tfidf,0.0
spam,recently used,tfidf__recently used,tfidf,0.0
spam,records indicate,tfidf__records indicate,tfidf,0.0
spam,recpt,tfidf__recpt,tfidf,0.0
spam,red day,tfidf__red day,tfidf,0.0
spam,red wings,tfidf__red wings,tfidf,0.0
spam,reduce,tfidf__reduce,tfidf,0.0
spam,reduce fat,tfidf__reduce fat,tfidf,0.0
spam,ref 9307622,tfidf__ref 9307622,tfidf,0.0
spam,refer,tfidf__refer,tfidf,0.0
spam,refer pg,tfidf__refer pg,tfidf,0.0
spam,regard renewing,tfidf__regard renewing,tfidf,0.0
spam,registered optin,tfidf__registered optin,tfidf,0.0
spam,registration process,tfidf__registration process,tfidf,0.0
spam,registry,tfidf__registry,tfidf,0.0
spam,registry rs,tfidf__registry rs,tfidf,0.0
spam,regn,tfidf__regn,tfidf,0.0
spam,regn ok,tfidf__regn ok,tfidf,0.0
spam,regret,tfidf__regret,tfidf,0.0
spam,released,tfidf__released,tfidf,0.0
spam,remember,tfidf__remember,tfidf,0.0
spam,reminder o2,tfidf__reminder o2,tfidf,0.0
spam,renewing,tfidf__renewing,tfidf,0.0
spam,rental 12,tfidf__rental 12,tfidf,0.0
spam,reply claim,tfidf__reply claim,tfidf,0.0
spam,reply end,tfidf__reply end,tfidf,0.0
spam,reply free,tfidf__reply free,tfidf,0.0
spam,reply lotr,tfidf__reply lotr,tfidf,0.0
spam,reply message,tfidf__reply message,tfidf,0.0
spam,reply oncall,tfidf__reply oncall,tfidf,0.0
spam,reply pix,tfidf__reply pix,tfidf,0.0
spam,reply post,tfidf__reply post,tfidf,0.0
spam,reply sing,tfidf__reply sing,tfidf,0.0
spam,reply sony,tfidf__reply sony,tfidf,0.0
spam,reply summer,tfidf__reply summer,tfidf,0.0
spam,reply themob,tfidf__reply themob,tfidf,0.0
spam,reply tones2u,tfidf__reply tones2u,tfidf,0.0
spam,reply yell,tfidf__reply yell,tfidf,0.0
spam,replys150,tfidf__replys150,tfidf,0.0
spam,representative freephone,tfidf__representative freephone,tfidf,0.0
spam,request expiry,tfidf__request expiry,tfidf,0.0
spam,require,tfidf__require,tfidf,0.0
spam,residency,tfidf__residency,tfidf,0.0
spam,residency sec,tfidf__residency sec,tfidf,0.0
spam,resubmit,tfidf__resubmit,tfidf,0.0
spam,resubmit request,tfidf__resubmit request,tfidf,0.0
spam,results,tfidf__results,tfidf,0.0
spam,results daily,tfidf__results daily,tfidf,0.0
spam,retrieve,tfidf__retrieve,tfidf,0.0
spam,retrieve messages,tfidf__retrieve messages,tfidf,0.0
spam,return,tfidf__return,tfidf,0.0
spam,return commercial,tfidf__return commercial,tfidf,0.0
spam,return contact,tfidf__return contact,tfidf,0.0
spam,return king,tfidf__return king,tfidf,0.0
spam,return ravana,tfidf__return ravana,tfidf,0.0
spam,return service,tfidf__return service,tfidf,0.0
spam,return vat,tfidf__return vat,tfidf,0.0
spam,reveal consider,tfidf__reveal consider,tfidf,0.0
spam,reward just,tfidf__reward just,tfidf,0.0
spam,reward match,tfidf__reward match,tfidf,0.0
spam,ridge,tfidf__ridge,tfidf,0.0
spam,ridge residency,tfidf__ridge residency,tfidf,0.0
spam,rigid,tfidf__rigid,tfidf,0.0
spam,rigid force,tfidf__rigid force,tfidf,0.0
spam,ring,tfidf__ring,tfidf,0.0
spam,rings,tfidf__rings,tfidf,0.0
spam,rings return,tfidf__rings return,tfidf,0.0
spam,ringtone colour,tfidf__ringtone colour,tfidf,0.0
spam,ringtones,tfidf__ringtones,tfidf,0.0
spam,ringtones games,tfidf__ringtones games,tfidf,0.0
spam,ripped,tfidf__ripped,tfidf,0.0
spam,rite,tfidf__rite,tfidf,0.0
spam,rodds1,tfidf__rodds1,tfidf,0.0
spam,rodds1 21,tfidf__rodds1 21,tfidf,0.0
spam,rodger,tfidf__rodger,tfidf,0.0
spam,round,tfidf__round,tfidf,0.0
spam,row w1jhl,tfidf__row w1jhl,tfidf,0.0
spam,rply chat,tfidf__rply chat,tfidf,0.0
spam,rply tone,tfidf__rply tone,tfidf,0.0
spam,rs 10,tfidf__rs 10,tfidf,0.0
spam,rs 150,tfidf__rs 150,tfidf,0.0
spam,rs 250,tfidf__rs 250,tfidf,0.0
spam,rs 4399,tfidf__rs 4399,tfidf,0.0
spam,rs threshold,tfidf__rs threshold,tfidf,0.0
spam,rs50,tfidf__rs50,tfidf,0.0
spam,rs50 extra,tfidf__rs50 extra,tfidf,0.0
spam,rs650,tfidf__rs650,tfidf,0.0
spam,rs650 vibration,tfidf__rs650 vibration,tfidf,0.0
spam,rs999,tfidf__rs999,tfidf,0.0
spam,rs999 ncr,tfidf__rs999 ncr,tfidf,0.0
spam,rstm,tfidf__rstm,tfidf,0.0
spam,rstm sw7,tfidf__rstm sw7,tfidf,0.0
spam,sae box326,tfidf__sae box326,tfidf,0.0
spam,sale,tfidf__sale,tfidf,0.0
spam,sale arsenal,tfidf__sale arsenal,tfidf,0.0
spam,sale haridwar,tfidf__sale haridwar,tfidf,0.0
spam,santa,tfidf__santa,tfidf,0.0
spam,santa calling,tfidf__santa calling,tfidf,0.0
spam,santa xmas,tfidf__santa xmas,tfidf,0.0
spam,sanya,tfidf__sanya,tfidf,0.0
spam,sanya 0km,tfidf__sanya 0km,tfidf,0.0
spam,satisfy,tfidf__satisfy,tfidf,0.0
spam,sauna,tfidf__sauna,tfidf,0.0
spam,sauna belt,tfidf__sauna belt,tfidf,0.0
spam,sauna slim,tfidf__sauna slim,tfidf,0.0
spam,savamob offers,tfidf__savamob offers,tfidf,0.0
spam,save activ8,tfidf__save activ8,tfidf,0.0
spam,sawan,tfidf__sawan,tfidf,0.0
spam,sawan ki,tfidf__sawan ki,tfidf,0.0
spam,say hi,tfidf__say hi,tfidf,0.0
spam,scores,tfidf__scores,tfidf,0.0
spam,scores simple,tfidf__scores simple,tfidf,0.0
spam,sdm,tfidf__sdm,tfidf,0.0
spam,season,tfidf__season,tfidf,0.0
spam,season 2wks,tfidf__season 2wks,tfidf,0.0
spam,sec 135,tfidf__sec 135,tfidf,0.0
spam,sec 15,tfidf__sec 15,tfidf,0.0
spam,sec 70,tfidf__sec 70,tfidf,0.0
spam,sec 93,tfidf__sec 93,tfidf,0.0
spam,second,tfidf__second,tfidf,0.0
spam,secure mobile,tfidf__secure mobile,tfidf,0.0
spam,secure theft,tfidf__secure theft,tfidf,0.0
spam,security,tfidf__security,tfidf,0.0
spam,security deposit,tfidf__security deposit,tfidf,0.0
spam,security details,tfidf__security details,tfidf,0.0
spam,security download,tfidf__security download,tfidf,0.0
spam,seeds,tfidf__seeds,tfidf,0.0
spam,seeds worth,tfidf__seeds worth,tfidf,0.0
spam,selected 350,tfidf__selected 350,tfidf,0.0
spam,selected incur,tfidf__selected incur,tfidf,0.0
spam,selection,tfidf__selection,tfidf,0.0
spam,selection content,tfidf__selection content,tfidf,0.0
spam,selection summer,tfidf__selection summer,tfidf,0.0
spam,self,tfidf__self,tfidf,0.0
spam,self address,tfidf__self address,tfidf,0.0
spam,send 50,tfidf__send 50,tfidf,0.0
spam,send hide,tfidf__send hide,tfidf,0.0
spam,send word,tfidf__send word,tfidf,0.0
spam,sending,tfidf__sending,tfidf,0.0
spam,sept,tfidf__sept,tfidf,0.0
spam,server,tfidf__server,tfidf,0.0
spam,service cal,tfidf__service cal,tfidf,0.0
spam,service code,tfidf__service code,tfidf,0.0
spam,service passport,tfidf__service passport,tfidf,0.0
spam,service tax,tfidf__service tax,tfidf,0.0
spam,service uk,tfidf__service uk,tfidf,0.0
spam,service vu,tfidf__service vu,tfidf,0.0
spam,settings reply,tfidf__settings reply,tfidf,0.0
spam,sexy singles,tfidf__sexy singles,tfidf,0.0
spam,shall,tfidf__shall,tfidf,0.0
spam,share wid,tfidf__share wid,tfidf,0.0
spam,she's,tfidf__she's,tfidf,0.0
spam,shops,tfidf__shops,tfidf,0.0
spam,shops market,tfidf__shops market,tfidf,0.0
spam,shortcode,tfidf__shortcode,tfidf,0.0
spam,shortcode urltoken,tfidf__shortcode urltoken,tfidf,0.0
spam,shot,tfidf__shot,tfidf,0.0
spam,shot yards,tfidf__shot yards,tfidf,0.0
spam,shows won,tfidf__shows won,tfidf,0.0
spam,shrilly,tfidf__shrilly,tfidf,0.0
spam,shrilly ad,tfidf__shrilly ad,tfidf,0.0
spam,simple,tfidf__simple,tfidf,0.0
spam,simple shot,tfidf__simple shot,tfidf,0.0
spam,simpsons,tfidf__simpsons,tfidf,0.0
spam,simpsons movie,tfidf__simpsons movie,tfidf,0.0
spam,singles,tfidf__singles,tfidf,0.0
spam,singles yr,tfidf__singles yr,tfidf,0.0
spam,sis,tfidf__sis,tfidf,0.0
spam,sk3,tfidf__sk3,tfidf,0.0
spam,sk3 8wp,tfidf__sk3 8wp,tfidf,0.0
spam,skilgme,tfidf__skilgme,tfidf,0.0
spam,skillgame,tfidf__skillgame,tfidf,0.0
spam,skillgame 1winaweek,tfidf__skillgame 1winaweek,tfidf,0.0
spam,sleep,tfidf__sleep,tfidf,0.0
spam,slim,tfidf__slim,tfidf,0.0
spam,slim belt,tfidf__slim belt,tfidf,0.0
spam,smile,tfidf__smile,tfidf,0.0
spam,smoke,tfidf__smoke,tfidf,0.0
spam,sms 3g,tfidf__sms 3g,tfidf,0.0
spam,sms free,tfidf__sms free,tfidf,0.0
spam,sms messages,tfidf__sms messages,tfidf,0.0
spam,sms video,tfidf__sms video,tfidf,0.0
spam,sms ynd,tfidf__sms ynd,tfidf,0.0
spam,smsservices,tfidf__smsservices,tfidf,0.0
spam,smsservices yourinclusive,tfidf__smsservices yourinclusive,tfidf,0.0
spam,smth,tfidf__smth,tfidf,0.0
spam,sn,tfidf__sn,tfidf,0.0
spam,snap,tfidf__snap,tfidf,0.0
spam,song,tfidf__song,tfidf,0.0
spam,song ur,tfidf__song ur,tfidf,0.0
spam,songs,tfidf__songs,tfidf,0.0
spam,songs www,tfidf__songs www,tfidf,0.0
spam,sony mre,tfidf__sony mre,tfidf,0.0
spam,sony nokia,tfidf__sony nokia,tfidf,0.0
spam,sonyericsson,tfidf__sonyericsson,tfidf,0.0
spam,sonyericsson nokia,tfidf__sonyericsson nokia,tfidf,0.0
spam,sonyericsson tooth,tfidf__sonyericsson tooth,tfidf,0.0
spam,soon agni,tfidf__soon agni,tfidf,0.0
spam,sorry i'll,tfidf__sorry i'll,tfidf,0.0
spam,sorry unsubscribe,tfidf__sorry unsubscribe,tfidf,0.0
spam,sound,tfidf__sound,tfidf,0.0
spam,sound poly,tfidf__sound poly,tfidf,0.0
spam,sounds,tfidf__sounds,tfidf,0.0
spam,sounds just,tfidf__sounds just,tfidf,0.0
spam,soundtrack,tfidf__soundtrack,tfidf,0.0
spam,soundtrack cds,tfidf__soundtrack cds,tfidf,0.0
spam,space aims,tfidf__space aims,tfidf,0.0
spam,spaze,tfidf__spaze,tfidf,0.0
spam,spaze privy,tfidf__spaze privy,tfidf,0.0
spam,special cinema,tfidf__special cinema,tfidf,0.0
spam,special won't,tfidf__special won't,tfidf,0.0
spam,speedchat,tfidf__speedchat,tfidf,0.0
spam,sports,tfidf__sports,tfidf,0.0
spam,sports music,tfidf__sports music,tfidf,0.0
spam,sppok,tfidf__sppok,tfidf,0.0
spam,sppok ur,tfidf__sppok ur,tfidf,0.0
spam,sptv,tfidf__sptv,tfidf,0.0
spam,sptv new,tfidf__sptv new,tfidf,0.0
spam,sqft,tfidf__sqft,tfidf,0.0
spam,sqft phonetoken,tfidf__sqft phonetoken,tfidf,0.0
spam,square,tfidf__square,tfidf,0.0
spam,square golf,tfidf__square golf,tfidf,0.0
spam,stamped,tfidf__stamped,tfidf,0.0
spam,stamped self,tfidf__stamped self,tfidf,0.0
spam,star,tfidf__star,tfidf,0.0
spam,star hotels,tfidf__star hotels,tfidf,0.0
spam,stars,tfidf__stars,tfidf,0.0
spam,stars karaoke,tfidf__stars karaoke,tfidf,0.0
spam,start film,tfidf__start film,tfidf,0.0
spam,starwars3,tfidf__starwars3,tfidf,0.0
spam,starwars3 free,tfidf__starwars3 free,tfidf,0.0
spam,statement 078,tfidf__statement 078,tfidf,0.0
spam,station sec,tfidf__station sec,tfidf,0.0
spam,stay f1ve,tfidf__stay f1ve,tfidf,0.0
spam,staying,tfidf__staying,tfidf,0.0
spam,std chgs,tfidf__std chgs,tfidf,0.0
spam,std text,tfidf__std text,tfidf,0.0
spam,stdtxtrate,tfidf__stdtxtrate,tfidf,0.0
spam,stdtxtrate reply,tfidf__stdtxtrate reply,tfidf,0.0
spam,step,tfidf__step,tfidf,0.0
spam,step service,tfidf__step service,tfidf,0.0
spam,stock quotes,tfidf__stock quotes,tfidf,0.0
spam,stop 62468,tfidf__stop 62468,tfidf,0.0
spam,stop bootydelious,tfidf__stop bootydelious,tfidf,0.0
spam,stop end,tfidf__stop end,tfidf,0.0
spam,stop go2,tfidf__stop go2,tfidf,0.0
spam,stop help08714742804,tfidf__stop help08714742804,tfidf,0.0
spam,stop mix,tfidf__stop mix,tfidf,0.0
spam,stop msg,tfidf__stop msg,tfidf,0.0
spam,stop stopcost,tfidf__stop stopcost,tfidf,0.0
spam,stop txts,tfidf__stop txts,tfidf,0.0
spam,stopcost,tfidf__stopcost,tfidf,0.0
spam,stopcost 150p,tfidf__stopcost 150p,tfidf,0.0
spam,stopsms,tfidf__stopsms,tfidf,0.0
spam,stopsms 08,tfidf__stopsms 08,tfidf,0.0
spam,stopsms 08718727870150ppm,tfidf__stopsms 08718727870150ppm,tfidf,0.0
spam,store 88039,tfidf__store 88039,tfidf,0.0
spam,store download,tfidf__store download,tfidf,0.0
spam,store reply,tfidf__store reply,tfidf,0.0
spam,strong,tfidf__strong,tfidf,0.0
spam,study,tfidf__study,tfidf,0.0
spam,sub 16,tfidf__sub 16,tfidf,0.0
spam,subscribe,tfidf__subscribe,tfidf,0.0
spam,subscribe weekly,tfidf__subscribe weekly,tfidf,0.0
spam,subscriber ur,tfidf__subscriber ur,tfidf,0.0
spam,succeed 000,tfidf__succeed 000,tfidf,0.0
spam,suggest,tfidf__suggest,tfidf,0.0
spam,suite 373,tfidf__suite 373,tfidf,0.0
spam,summer,tfidf__summer,tfidf,0.0
spam,summer free,tfidf__summer free,tfidf,0.0
spam,summers,tfidf__summers,tfidf,0.0
spam,summers finally,tfidf__summers finally,tfidf,0.0
spam,sun0819,tfidf__sun0819,tfidf,0.0
spam,sun0819 posts,tfidf__sun0819 posts,tfidf,0.0
spam,sunshine hols,tfidf__sunshine hols,tfidf,0.0
spam,super,tfidf__super,tfidf,0.0
spam,suprman,tfidf__suprman,tfidf,0.0
spam,suprman matrix3,tfidf__suprman matrix3,tfidf,0.0
spam,surprise look,tfidf__surprise look,tfidf,0.0
spam,suspend,tfidf__suspend,tfidf,0.0
spam,suspend pay,tfidf__suspend pay,tfidf,0.0
spam,sw7,tfidf__sw7,tfidf,0.0
spam,sw7 3ss,tfidf__sw7 3ss,tfidf,0.0
spam,swat,tfidf__swat,tfidf,0.0
spam,swat wkend,tfidf__swat wkend,tfidf,0.0
spam,swayamvara,tfidf__swayamvara,tfidf,0.0
spam,t0day's,tfidf__t0day's,tfidf,0.0
spam,t0day's draw,tfidf__t0day's draw,tfidf,0.0
spam,tag,tfidf__tag,tfidf,0.0
spam,tag cost,tfidf__tag cost,tfidf,0.0
spam,tap,tfidf__tap,tfidf,0.0
spam,tax return,tfidf__tax return,tfidf,0.0
spam,tb ok,tfidf__tb ok,tfidf,0.0
spam,tcs,tfidf__tcs,tfidf,0.0
spam,tcs sae,tfidf__tcs sae,tfidf,0.0
spam,team india,tfidf__team india,tfidf,0.0
spam,term,tfidf__term,tfidf,0.0
spam,term 54,tfidf__term 54,tfidf,0.0
spam,termsapply,tfidf__termsapply,tfidf,0.0
spam,text banneduk,tfidf__text banneduk,tfidf,0.0
spam,text free,tfidf__text free,tfidf,0.0
spam,text mad1,tfidf__text mad1,tfidf,0.0
spam,text mad2,tfidf__text mad2,tfidf,0.0
spam,text new,tfidf__text new,tfidf,0.0
spam,text ok,tfidf__text ok,tfidf,0.0
spam,text pounds,tfidf__text pounds,tfidf,0.0
spam,text rally,tfidf__text rally,tfidf,0.0
spam,text store,tfidf__text store,tfidf,0.0
spam,text tone,tfidf__text tone,tfidf,0.0
spam,text urltoken,tfidf__text urltoken,tfidf,0.0
spam,text valid,tfidf__text valid,tfidf,0.0
spam,text wanna,tfidf__text wanna,tfidf,0.0
spam,text wap,tfidf__text wap,tfidf,0.0
spam,text word,tfidf__text word,tfidf,0.0
spam,text you're,tfidf__text you're,tfidf,0.0
spam,textand,tfidf__textand,tfidf,0.0
spam,textand new,tfidf__textand new,tfidf,0.0
spam,textpod,tfidf__textpod,tfidf,0.0
spam,textpod chance,tfidf__textpod chance,tfidf,0.0
spam,texts text,tfidf__texts text,tfidf,0.0
spam,thank paytm,tfidf__thank paytm,tfidf,0.0
spam,thanks good,tfidf__thanks good,tfidf,0.0
spam,thanks purchase,tfidf__thanks purchase,tfidf,0.0
spam,thanks vote,tfidf__thanks vote,tfidf,0.0
spam,theft,tfidf__theft,tfidf,0.0
spam,theft secure,tfidf__theft secure,tfidf,0.0
spam,themob,tfidf__themob,tfidf,0.0
spam,themob help,tfidf__themob help,tfidf,0.0
spam,threshold,tfidf__threshold,tfidf,0.0
spam,threshold rs,tfidf__threshold rs,tfidf,0.0
spam,tickets phonetoken,tfidf__tickets phonetoken,tfidf,0.0
spam,tid,tfidf__tid,tfidf,0.0
spam,tid phonetoken,tfidf__tid phonetoken,tfidf,0.0
spam,time calls1,tfidf__time calls1,tfidf,0.0
spam,time i'm,tfidf__time i'm,tfidf,0.0
spam,time wanna,tfidf__time wanna,tfidf,0.0
spam,times,tfidf__times,tfidf,0.0
spam,times universal,tfidf__times universal,tfidf,0.0
spam,title,tfidf__title,tfidf,0.0
spam,title 8007,tfidf__title 8007,tfidf,0.0
spam,tnc,tfidf__tnc,tfidf,0.0
spam,tnc urltoken,tfidf__tnc urltoken,tfidf,0.0
spam,today homes,tfidf__today homes,tfidf,0.0
spam,today's offer,tfidf__today's offer,tfidf,0.0
spam,todays hindustan,tfidf__todays hindustan,tfidf,0.0
spam,tomo,tfidf__tomo,tfidf,0.0
spam,tomorrow 100,tfidf__tomorrow 100,tfidf,0.0
spam,tone charity,tfidf__tone charity,tfidf,0.0
spam,tone dracula,tfidf__tone dracula,tfidf,0.0
spam,tone flag,tfidf__tone flag,tfidf,0.0
spam,tone reply,tfidf__tone reply,tfidf,0.0
spam,tone title,tfidf__tone title,tfidf,0.0
spam,tones 4u,tfidf__tones 4u,tfidf,0.0
spam,tones gossip,tfidf__tones gossip,tfidf,0.0
spam,tones include,tfidf__tones include,tfidf,0.0
spam,tones ready,tfidf__tones ready,tfidf,0.0
spam,tones reply,tfidf__tones reply,tfidf,0.0
spam,tones2u,tfidf__tones2u,tfidf,0.0
spam,tones2u text,tfidf__tones2u text,tfidf,0.0
spam,tonights,tfidf__tonights,tfidf,0.0
spam,tonights game,tfidf__tonights game,tfidf,0.0
spam,took,tfidf__took,tfidf,0.0
spam,tooth,tfidf__tooth,tfidf,0.0
spam,tooth free,tfidf__tooth free,tfidf,0.0
spam,total,tfidf__total,tfidf,0.0
spam,touch claim,tfidf__touch claim,tfidf,0.0
spam,touch reply,tfidf__touch reply,tfidf,0.0
spam,track,tfidf__track,tfidf,0.0
spam,track portfolio,tfidf__track portfolio,tfidf,0.0
spam,tracks,tfidf__tracks,tfidf,0.0
spam,tracks nokia,tfidf__tracks nokia,tfidf,0.0
spam,traders,tfidf__traders,tfidf,0.0
spam,traders stockists,tfidf__traders stockists,tfidf,0.0
spam,transmit,tfidf__transmit,tfidf,0.0
spam,treat,tfidf__treat,tfidf,0.0
spam,trebles,tfidf__trebles,tfidf,0.0
spam,trial urltoken,tfidf__trial urltoken,tfidf,0.0
spam,tried reply,tfidf__tried reply,tfidf,0.0
spam,true pix,tfidf__true pix,tfidf,0.0
spam,truly,tfidf__truly,tfidf,0.0
spam,truly special,tfidf__truly special,tfidf,0.0
spam,try today,tfidf__try today,tfidf,0.0
spam,trying contact,tfidf__trying contact,tfidf,0.0
spam,tscs08714740323,tfidf__tscs08714740323,tfidf,0.0
spam,tscs08714740323 1winawk,tfidf__tscs08714740323 1winawk,tfidf,0.0
spam,tulip,tfidf__tulip,tfidf,0.0
spam,tulip lily,tfidf__tulip lily,tfidf,0.0
spam,turn,tfidf__turn,tfidf,0.0
spam,turn 20l,tfidf__turn 20l,tfidf,0.0
spam,tv channels,tfidf__tv channels,tfidf,0.0
spam,tv urltoken,tfidf__tv urltoken,tfidf,0.0
spam,txt 84025,tfidf__txt 84025,tfidf,0.0
spam,txt action,tfidf__txt action,tfidf,0.0
spam,txt answer,tfidf__txt answer,tfidf,0.0
spam,txt finish,tfidf__txt finish,tfidf,0.0
spam,txt nok,tfidf__txt nok,tfidf,0.0
spam,txt orange,tfidf__txt orange,tfidf,0.0
spam,txt play,tfidf__txt play,tfidf,0.0
spam,txt pod,tfidf__txt pod,tfidf,0.0
spam,txt tone,tfidf__txt tone,tfidf,0.0
spam,txts 6monthsavailable,tfidf__txts 6monthsavailable,tfidf,0.0
spam,txts mobileupd8,tfidf__txts mobileupd8,tfidf,0.0
spam,txts orange,tfidf__txts orange,tfidf,0.0
spam,txtx,tfidf__txtx,tfidf,0.0
spam,txtx stop,tfidf__txtx stop,tfidf,0.0
spam,type,tfidf__type,tfidf,0.0
spam,uk 10,tfidf__uk 10,tfidf,0.0
spam,uk po,tfidf__uk po,tfidf,0.0
spam,uk's fastest,tfidf__uk's fastest,tfidf,0.0
spam,ululate,tfidf__ululate,tfidf,0.0
spam,ululate mourn,tfidf__ululate mourn,tfidf,0.0
spam,unauthorized,tfidf__unauthorized,tfidf,0.0
spam,unauthorized person,tfidf__unauthorized person,tfidf,0.0
spam,unitech,tfidf__unitech,tfidf,0.0
spam,unitech offers,tfidf__unitech offers,tfidf,0.0
spam,united,tfidf__united,tfidf,0.0
spam,united kingdom,tfidf__united kingdom,tfidf,0.0
spam,universal,tfidf__universal,tfidf,0.0
spam,universal group,tfidf__universal group,tfidf,0.0
spam,unloosen phonetoken,tfidf__unloosen phonetoken,tfidf,0.0
spam,unsubscribe mob,tfidf__unsubscribe mob,tfidf,0.0
spam,update or2stoptxt,tfidf__update or2stoptxt,tfidf,0.0
spam,update unloosen,tfidf__update unloosen,tfidf,0.0
spam,upgrade loyalty,tfidf__upgrade loyalty,tfidf,0.0
spam,upgrdcentre,tfidf__upgrdcentre,tfidf,0.0
spam,upgrdcentre orange,tfidf__upgrdcentre orange,tfidf,0.0
spam,ur 250,tfidf__ur 250,tfidf,0.0
spam,ur 350,tfidf__ur 350,tfidf,0.0
spam,ur club,tfidf__ur club,tfidf,0.0
spam,ur draw,tfidf__ur draw,tfidf,0.0
spam,ur fone,tfidf__ur fone,tfidf,0.0
spam,ur games,tfidf__ur games,tfidf,0.0
spam,ur grant,tfidf__ur grant,tfidf,0.0
spam,ur m8s,tfidf__ur m8s,tfidf,0.0
spam,ur med,tfidf__ur med,tfidf,0.0
spam,ur mins,tfidf__ur mins,tfidf,0.0
spam,ur number,tfidf__ur number,tfidf,0.0
spam,urgent 2nd,tfidf__urgent 2nd,tfidf,0.0
spam,urgent costa,tfidf__urgent costa,tfidf,0.0
spam,urgent exist,tfidf__urgent exist,tfidf,0.0
spam,urgent message,tfidf__urgent message,tfidf,0.0
spam,urgent trying,tfidf__urgent trying,tfidf,0.0
spam,urgent ur,tfidf__urgent ur,tfidf,0.0
spam,urltoken 150ppmmobilesvary,tfidf__urltoken 150ppmmobilesvary,tfidf,0.0
spam,urltoken 18,tfidf__urltoken 18,tfidf,0.0
spam,urltoken 220,tfidf__urltoken 220,tfidf,0.0
spam,urltoken 50p,tfidf__urltoken 50p,tfidf,0.0
spam,urltoken activate,tfidf__urltoken activate,tfidf,0.0
spam,urltoken agni,tfidf__urltoken agni,tfidf,0.0
spam,urltoken apply,tfidf__urltoken apply,tfidf,0.0
spam,urltoken blackberry,tfidf__urltoken blackberry,tfidf,0.0
spam,urltoken book,tfidf__urltoken book,tfidf,0.0
spam,urltoken claim,tfidf__urltoken claim,tfidf,0.0
spam,urltoken custcare,tfidf__urltoken custcare,tfidf,0.0
spam,urltoken dear,tfidf__urltoken dear,tfidf,0.0
spam,urltoken download,tfidf__urltoken download,tfidf,0.0
spam,urltoken embody,tfidf__urltoken embody,tfidf,0.0
spam,urltoken itcould,tfidf__urltoken itcould,tfidf,0.0
spam,urltoken lots,tfidf__urltoken lots,tfidf,0.0
spam,urltoken mobile,tfidf__urltoken mobile,tfidf,0.0
spam,urltoken mymoby,tfidf__urltoken mymoby,tfidf,0.0
spam,urltoken original,tfidf__urltoken original,tfidf,0.0
spam,urltoken ph,tfidf__urltoken ph,tfidf,0.0
spam,urltoken pobox36504w45wq,tfidf__urltoken pobox36504w45wq,tfidf,0.0
spam,urltoken replys150,tfidf__urltoken replys150,tfidf,0.0
spam,urltoken share,tfidf__urltoken share,tfidf,0.0
spam,urltoken skillgame,tfidf__urltoken skillgame,tfidf,0.0
spam,urltoken sms,tfidf__urltoken sms,tfidf,0.0
spam,use sauna,tfidf__use sauna,tfidf,0.0
spam,use web2mobile,tfidf__use web2mobile,tfidf,0.0
spam,used phonetoken,tfidf__used phonetoken,tfidf,0.0
spam,using,tfidf__using,tfidf,0.0
spam,valid 12hours,tfidf__valid 12hours,tfidf,0.0
spam,valid house,tfidf__valid house,tfidf,0.0
spam,valued inr,tfidf__valued inr,tfidf,0.0
spam,vary,tfidf__vary,tfidf,0.0
spam,vary mobiles,tfidf__vary mobiles,tfidf,0.0
spam,vary service,tfidf__vary service,tfidf,0.0
spam,vat,tfidf__vat,tfidf,0.0
spam,vat return,tfidf__vat return,tfidf,0.0
spam,vibration,tfidf__vibration,tfidf,0.0
spam,vibration belt,tfidf__vibration belt,tfidf,0.0
spam,vibration sauna,tfidf__vibration sauna,tfidf,0.0
spam,video camera,tfidf__video camera,tfidf,0.0
spam,video clip,tfidf__video clip,tfidf,0.0
spam,video mmsto,tfidf__video mmsto,tfidf,0.0
spam,video mobile,tfidf__video mobile,tfidf,0.0
spam,video phone750,tfidf__video phone750,tfidf,0.0
spam,videos urltoken,tfidf__videos urltoken,tfidf,0.0
spam,viha,tfidf__viha,tfidf,0.0
spam,villa,tfidf__villa,tfidf,0.0
spam,villa 87077,tfidf__villa 87077,tfidf,0.0
spam,village,tfidf__village,tfidf,0.0
spam,village 83118,tfidf__village 83118,tfidf,0.0
spam,violet,tfidf__violet,tfidf,0.0
spam,violet tulip,tfidf__violet tulip,tfidf,0.0
spam,vishal,tfidf__vishal,tfidf,0.0
spam,vishal batra,tfidf__vishal batra,tfidf,0.0
spam,voicemail,tfidf__voicemail,tfidf,0.0
spam,voicemail phonetoken,tfidf__voicemail phonetoken,tfidf,0.0
spam,vote,tfidf__vote,tfidf,0.0
spam,voucher entered,tfidf__voucher entered,tfidf,0.0
spam,voucher phonetoken,tfidf__voucher phonetoken,tfidf,0.0
spam,vouchers text,tfidf__vouchers text,tfidf,0.0
spam,vouchers won,tfidf__vouchers won,tfidf,0.0
spam,vs netherlands,tfidf__vs netherlands,tfidf,0.0
spam,vu,tfidf__vu,tfidf,0.0
spam,vu bcm1896wc1n3xx,tfidf__vu bcm1896wc1n3xx,tfidf,0.0
spam,w1j,tfidf__w1j,tfidf,0.0
spam,w1j 6hl,tfidf__w1j 6hl,tfidf,0.0
spam,w1jhl,tfidf__w1jhl,tfidf,0.0
spam,w1jhl 16,tfidf__w1jhl 16,tfidf,0.0
spam,w4,tfidf__w4,tfidf,0.0
spam,w4 5wq,tfidf__w4 5wq,tfidf,0.0
spam,w8in,tfidf__w8in,tfidf,0.0
spam,w8in 4utxt,tfidf__w8in 4utxt,tfidf,0.0
spam,waiting computer,tfidf__waiting computer,tfidf,0.0
spam,wake,tfidf__wake,tfidf,0.0
spam,walk,tfidf__walk,tfidf,0.0
spam,wallet,tfidf__wallet,tfidf,0.0
spam,wan2 win,tfidf__wan2 win,tfidf,0.0
spam,wanna chat,tfidf__wanna chat,tfidf,0.0
spam,wanna cum,tfidf__wanna cum,tfidf,0.0
spam,want 750,tfidf__want 750,tfidf,0.0
spam,want funk,tfidf__want funk,tfidf,0.0
spam,want xmas,tfidf__want xmas,tfidf,0.0
spam,wap 82468,tfidf__wap 82468,tfidf,0.0
spam,warner,tfidf__warner,tfidf,0.0
spam,warner village,tfidf__warner village,tfidf,0.0
spam,wat doing,tfidf__wat doing,tfidf,0.0
spam,watch 90,tfidf__watch 90,tfidf,0.0
spam,watch live,tfidf__watch live,tfidf,0.0
spam,way today,tfidf__way today,tfidf,0.0
spam,wc1n3xx,tfidf__wc1n3xx,tfidf,0.0
spam,web2mobile,tfidf__web2mobile,tfidf,0.0
spam,web2mobile ur,tfidf__web2mobile ur,tfidf,0.0
spam,week 16,tfidf__week 16,tfidf,0.0
spam,week entry,tfidf__week entry,tfidf,0.0
spam,week initiate,tfidf__week initiate,tfidf,0.0
spam,week phonetoken,tfidf__week phonetoken,tfidf,0.0
spam,week's word,tfidf__week's word,tfidf,0.0
spam,weekend urltoken,tfidf__weekend urltoken,tfidf,0.0
spam,weekend's,tfidf__weekend's,tfidf,0.0
spam,weekly 2006,tfidf__weekly 2006,tfidf,0.0
spam,weekly comp,tfidf__weekly comp,tfidf,0.0
spam,weekly competition,tfidf__weekly competition,tfidf,0.0
spam,weekly cool,tfidf__weekly cool,tfidf,0.0
spam,weekly new,tfidf__weekly new,tfidf,0.0
spam,weeks completely,tfidf__weeks completely,tfidf,0.0
spam,weeks new,tfidf__weeks new,tfidf,0.0
spam,weeks pls,tfidf__weeks pls,tfidf,0.0
spam,weeks prize,tfidf__weeks prize,tfidf,0.0
spam,welcome weekend,tfidf__welcome weekend,tfidf,0.0
spam,what's,tfidf__what's,tfidf,0.0
spam,whats no1,tfidf__whats no1,tfidf,0.0
spam,wicklow,tfidf__wicklow,tfidf,0.0
spam,wicklow eire,tfidf__wicklow eire,tfidf,0.0
spam,wid frnd,tfidf__wid frnd,tfidf,0.0
spam,wid ur,tfidf__wid ur,tfidf,0.0
spam,win 200,tfidf__win 200,tfidf,0.0
spam,win 40gb,tfidf__win 40gb,tfidf,0.0
spam,win 80086,tfidf__win 80086,tfidf,0.0
spam,win ipad,tfidf__win ipad,tfidf,0.0
spam,win lotr,tfidf__win lotr,tfidf,0.0
spam,win meet,tfidf__win meet,tfidf,0.0
spam,win tickets,tfidf__win tickets,tfidf,0.0
spam,wings,tfidf__wings,tfidf,0.0
spam,winner ave,tfidf__winner ave,tfidf,0.0
spam,winner specially,tfidf__winner specially,tfidf,0.0
spam,wiv,tfidf__wiv,tfidf,0.0
spam,wk box139,tfidf__wk box139,tfidf,0.0
spam,wkend,tfidf__wkend,tfidf,0.0
spam,wkend warner,tfidf__wkend warner,tfidf,0.0
spam,won 1450,tfidf__won 1450,tfidf,0.0
spam,won play,tfidf__won play,tfidf,0.0
spam,won't,tfidf__won't,tfidf,0.0
spam,word enter,tfidf__word enter,tfidf,0.0
spam,word i'd,tfidf__word i'd,tfidf,0.0
spam,word win,tfidf__word win,tfidf,0.0
spam,words,tfidf__words,tfidf,0.0
spam,world cup,tfidf__world cup,tfidf,0.0
spam,wow just,tfidf__wow just,tfidf,0.0
spam,wrc,tfidf__wrc,tfidf,0.0
spam,wrc rally,tfidf__wrc rally,tfidf,0.0
spam,www,tfidf__www,tfidf,0.0
spam,www music,tfidf__www music,tfidf,0.0
spam,x29,tfidf__x29,tfidf,0.0
spam,x29 mobile,tfidf__x29 mobile,tfidf,0.0
spam,xmas eve,tfidf__xmas eve,tfidf,0.0
spam,xmas iscoming,tfidf__xmas iscoming,tfidf,0.0
spam,xmas offer,tfidf__xmas offer,tfidf,0.0
spam,xmas prize,tfidf__xmas prize,tfidf,0.0
spam,xmas reward,tfidf__xmas reward,tfidf,0.0
spam,xmas tones,tfidf__xmas tones,tfidf,0.0
spam,xx calls,tfidf__xx calls,tfidf,0.0
spam,xxsp,tfidf__xxsp,tfidf,0.0
spam,xxsp urltoken,tfidf__xxsp urltoken,tfidf,0.0
spam,xxx std,tfidf__xxx std,tfidf,0.0
spam,xxxx,tfidf__xxxx,tfidf,0.0
spam,xxxx selected,tfidf__xxxx selected,tfidf,0.0
spam,yards,tfidf__yards,tfidf,0.0
spam,yards pass,tfidf__yards pass,tfidf,0.0
spam,year special,tfidf__year special,tfidf,0.0
spam,yell customer,tfidf__yell customer,tfidf,0.0
spam,yer,tfidf__yer,tfidf,0.0
spam,yer mobile,tfidf__yer mobile,tfidf,0.0
spam,yes 440,tfidf__yes 440,tfidf,0.0
spam,yes msg,tfidf__yes msg,tfidf,0.0
spam,yhl,tfidf__yhl,tfidf,0.0
spam,yield,tfidf__yield,tfidf,0.0
spam,ynd,tfidf__ynd,tfidf,0.0
spam,ynd 53030,tfidf__ynd 53030,tfidf,0.0
spam,yo,tfidf__yo,tfidf,0.0
spam,yoko,tfidf__yoko,tfidf,0.0
spam,yoko phonetoken,tfidf__yoko phonetoken,tfidf,0.0
spam,you've won,tfidf__you've won,tfidf,0.0
spam,yourinclusive,tfidf__yourinclusive,tfidf,0.0
spam,yourinclusive text,tfidf__yourinclusive text,tfidf,0.0
spam,yr area,tfidf__yr area,tfidf,0.0
spam,yr prize,tfidf__yr prize,tfidf,0.0
spam,yrs free,tfidf__yrs free,tfidf,0.0
spam,zed phonetoken,tfidf__zed phonetoken,tfidf,0.0
