class,feature_name,raw_feature_name,feature_type,mean_abs_shap
smishing,PHONE,numeric__PHONE,structured,0.8412643519507607
smishing,phone_count,numeric__phone_count,structured,0.6919299917792546
smishing,URL,numeric__URL,structured,0.6017640143749884
smishing,url_count,numeric__url_count,structured,0.25349856529882786
smishing,you,tfidf__you,tfidf,0.08192966008316284
smishing,your,tfidf__your,tfidf,0.06851933063367649
smishing,claim,tfidf__claim,tfidf,0.05601217119622057
smishing,to,tfidf__to,tfidf,0.05212421389917667
smishing,in,tfidf__in,tfidf,0.042337176273617584
smishing,and,tfidf__and,tfidf,0.036812720979531664
smishing,prize,tfidf__prize,tfidf,0.029900891807989185
smishing,or,tfidf__or,tfidf,0.027467421705807495
smishing,the,tfidf__the,tfidf,0.02673559897802437
smishing,ingest,tfidf__ingest,tfidf,0.025999750571647308
smishing,have,tfidf__have,tfidf,0.02590889657226867
smishing,please,tfidf__please,tfidf,0.023352046168069934
smishing,my,tfidf__my,tfidf,0.020229637797229735
smishing,our,tfidf__our,tfidf,0.020145428934673217
smishing,message,tfidf__message,tfidf,0.02009133025835522
smishing,to claim,tfidf__to claim,tfidf,0.019106204104938577
smishing,customer,tfidf__customer,tfidf,0.018457051532577675
smishing,now,tfidf__now,tfidf,0.017395195835458656
smishing,EMAIL,numeric__EMAIL,structured,0.017372857470462123
smishing,email_count,numeric__email_count,structured,0.017372857470462123
smishing,embody,tfidf__embody,tfidf,0.017053917824329943
smishing,out,tfidf__out,tfidf,0.01696975474954889
smishing,mobile,tfidf__mobile,tfidf,0.016940099069103567
smishing,500,tfidf__500,tfidf,0.01639365195248787
smishing,phonetoken now,tfidf__phonetoken now,tfidf,0.016195480913687558
smishing,get,tfidf__get,tfidf,0.015971360312241
smishing,it,tfidf__it,tfidf,0.013838505372967908
smishing,we,tfidf__we,tfidf,0.013760669459519372
smishing,with,tfidf__with,tfidf,0.013549480329107055
smishing,on,tfidf__on,tfidf,0.012976507989814711
smishing,txt,tfidf__txt,tfidf,0.012897998349904388
smishing,won,tfidf__won,tfidf,0.012471956738565737
smishing,call,tfidf__call,tfidf,0.012451641228236787
smishing,this,tfidf__this,tfidf,0.012405834887667779
smishing,000,tfidf__000,tfidf,0.01238267311692254
smishing,text,tfidf__text,tfidf,0.01231827303846893
smishing,contact,tfidf__contact,tfidf,0.012193673602800702
smishing,at,tfidf__at,tfidf,0.012009353221363523
smishing,only,tfidf__only,tfidf,0.011836770037614868
smishing,one,tfidf__one,tfidf,0.0116647579127802
smishing,as,tfidf__as,tfidf,0.011584389684091966
smishing,per,tfidf__per,tfidf,0.011514677052658993
smishing,just,tfidf__just,tfidf,0.011181037914774192
smishing,you have,tfidf__you have,tfidf,0.011001392407114065
smishing,for,tfidf__for,tfidf,0.01092647832319962
smishing,due,tfidf__due,tfidf,0.01082999042086269
smishing,by,tfidf__by,tfidf,0.010747141099975528
smishing,good,tfidf__good,tfidf,0.010448173641561722
smishing,stop,tfidf__stop,tfidf,0.01043548851353955
smishing,are,tfidf__are,tfidf,0.010184223438374596
smishing,call phonetoken,tfidf__call phonetoken,tfidf,0.010177756258411602
smishing,tone,tfidf__tone,tfidf,0.009734469729467888
smishing,receive,tfidf__receive,tfidf,0.009671236354010695
smishing,congratulations,tfidf__congratulations,tfidf,0.009651147289667166
smishing,urltoken,tfidf__urltoken,tfidf,0.009592727966856646
smishing,exist,tfidf__exist,tfidf,0.009443888236037434
smishing,not,tfidf__not,tfidf,0.009046579301427037
smishing,ok,tfidf__ok,tfidf,0.00897193010146015
smishing,if,tfidf__if,tfidf,0.008871363237265251
smishing,know,tfidf__know,tfidf,0.008841952991373395
smishing,can,tfidf__can,tfidf,0.008690544841410302
smishing,1000,tfidf__1000,tfidf,0.00862296387136324
smishing,cash,tfidf__cash,tfidf,0.008397549431142003
smishing,sms,tfidf__sms,tfidf,0.008273318025441916
smishing,reply,tfidf__reply,tfidf,0.008263729013578238
smishing,been,tfidf__been,tfidf,0.008137503582470635
smishing,free,tfidf__free,tfidf,0.008092626434361786
smishing,is,tfidf__is,tfidf,0.007798579561803328
smishing,hope,tfidf__hope,tfidf,0.007758817241120019
smishing,has,tfidf__has,tfidf,0.007606292237465206
smishing,update,tfidf__update,tfidf,0.007483988543904798
smishing,due to,tfidf__due to,tfidf,0.007463933494584258
smishing,no,tfidf__no,tfidf,0.007398736674207051
smishing,me,tfidf__me,tfidf,0.007262381767191579
smishing,to your,tfidf__to your,tfidf,0.0072623752295834666
smishing,thanks,tfidf__thanks,tfidf,0.007257392290597518
smishing,new,tfidf__new,tfidf,0.007243076115735629
smishing,send,tfidf__send,tfidf,0.007143606122635316
smishing,service,tfidf__service,tfidf,0.007062434682184168
smishing,collect,tfidf__collect,tfidf,0.006814265206396495
smishing,that,tfidf__that,tfidf,0.006796337502816393
smishing,from,tfidf__from,tfidf,0.006779167725628082
smishing,opt,tfidf__opt,tfidf,0.006779094718737384
smishing,50,tfidf__50,tfidf,0.006695250014083374
smishing,winner,tfidf__winner,tfidf,0.006679607426629803
smishing,will,tfidf__will,tfidf,0.006659227136745897
smishing,time,tfidf__time,tfidf,0.006653833152266989
smishing,to live,tfidf__to live,tfidf,0.006644217332697569
smishing,experience,tfidf__experience,tfidf,0.00660972340543158
smishing,your mobile,tfidf__your mobile,tfidf,0.006464735107398649
smishing,discount,tfidf__discount,tfidf,0.006410269611845718
smishing,you to,tfidf__you to,tfidf,0.00639382713373473
smishing,holiday,tfidf__holiday,tfidf,0.006388322273199472
smishing,services,tfidf__services,tfidf,0.006257831719487676
smishing,every,tfidf__every,tfidf,0.006203554938903693
smishing,help,tfidf__help,tfidf,0.006134150409815063
smishing,urltoken urltoken,tfidf__urltoken urltoken,tfidf,0.006111575958351084
smishing,opt out,tfidf__opt out,tfidf,0.006041509961568334
smishing,account,tfidf__account,tfidf,0.005878903131789202
smishing,today,tfidf__today,tfidf,0.00579154153787233
smishing,camera,tfidf__camera,tfidf,0.005779766066651189
smishing,wk,tfidf__wk,tfidf,0.005773920149122232
smishing,its,tfidf__its,tfidf,0.005746130786861
smishing,cash or,tfidf__cash or,tfidf,0.005738310348318041
smishing,go,tfidf__go,tfidf,0.005735682306365865
smishing,live operator,tfidf__live operator,tfidf,0.005669209858239868
smishing,urgent,tfidf__urgent,tfidf,0.005624683935564139
smishing,operator,tfidf__operator,tfidf,0.005563457633505685
smishing,phonetoken to,tfidf__phonetoken to,tfidf,0.005478941496041338
smishing,month,tfidf__month,tfidf,0.00546445845797711
smishing,apple,tfidf__apple,tfidf,0.005443642271094546
smishing,speak,tfidf__speak,tfidf,0.005415595452431119
smishing,unsubscribe,tfidf__unsubscribe,tfidf,0.005409708167057205
smishing,you are,tfidf__you are,tfidf,0.005403992807423241
smishing,http,tfidf__http,tfidf,0.005284231340356078
smishing,like,tfidf__like,tfidf,0.005178214241438527
smishing,texts,tfidf__texts,tfidf,0.005140873626094291
smishing,vouchers,tfidf__vouchers,tfidf,0.005081021645075438
smishing,sex,tfidf__sex,tfidf,0.0050459790623670455
smishing,tones,tfidf__tones,tfidf,0.0049662772294480455
smishing,speak to,tfidf__speak to,tfidf,0.004965811572606127
smishing,selected,tfidf__selected,tfidf,0.004862447629538427
smishing,cs,tfidf__cs,tfidf,0.004779147637098226
smishing,an,tfidf__an,tfidf,0.004755271598313915
smishing,every week,tfidf__every week,tfidf,0.004633275070732034
smishing,leave,tfidf__leave,tfidf,0.004549736968837319
smishing,dear,tfidf__dear,tfidf,0.0044733681882579285
smishing,noida,tfidf__noida,tfidf,0.004456090166297899
smishing,on phonetoken,tfidf__on phonetoken,tfidf,0.004274870029864036
smishing,gift,tfidf__gift,tfidf,0.004204343607096884
smishing,national rate,tfidf__national rate,tfidf,0.004177231801613806
smishing,re,tfidf__re,tfidf,0.004176908765021548
smishing,paytm,tfidf__paytm,tfidf,0.004094834189760488
smishing,up,tfidf__up,tfidf,0.0040733259602795556
smishing,award,tfidf__award,tfidf,0.004068860143630247
smishing,bring,tfidf__bring,tfidf,0.004056644528830663
smishing,you embody,tfidf__you embody,tfidf,0.004045501012415581
smishing,link,tfidf__link,tfidf,0.004039296868798508
smishing,draw,tfidf__draw,tfidf,0.0040256347972286635
smishing,private,tfidf__private,tfidf,0.004024210339120555
smishing,code,tfidf__code,tfidf,0.004019691138644013
smishing,either,tfidf__either,tfidf,0.003996352914229811
smishing,find,tfidf__find,tfidf,0.003987760008446753
smishing,week,tfidf__week,tfidf,0.003976503070248226
smishing,national,tfidf__national,tfidf,0.003967392385996705
smishing,am,tfidf__am,tfidf,0.003955840384157704
smishing,emailtoken,tfidf__emailtoken,tfidf,0.003932101470600255
smishing,news,tfidf__news,tfidf,0.003922015604525559
smishing,delivery,tfidf__delivery,tfidf,0.003915329005526801
smishing,with me,tfidf__with me,tfidf,0.003862420817003191
smishing,prize to,tfidf__prize to,tfidf,0.003855576956287882
smishing,double,tfidf__double,tfidf,0.003843439879676338
smishing,ask,tfidf__ask,tfidf,0.0038272650666307823
smishing,rs,tfidf__rs,tfidf,0.0037999296128674565
smishing,guaranteed,tfidf__guaranteed,tfidf,0.00379973255811909
smishing,about,tfidf__about,tfidf,0.003758070957592198
smishing,de,tfidf__de,tfidf,0.003741630682423944
smishing,cost,tfidf__cost,tfidf,0.0037221070215689637
smishing,points,tfidf__points,tfidf,0.0037020993196307164
smishing,if you,tfidf__if you,tfidf,0.003699334775656338
smishing,sec,tfidf__sec,tfidf,0.0036841017486199975
smishing,inc,tfidf__inc,tfidf,0.0036619270646958
smishing,next,tfidf__next,tfidf,0.003650093313692564
smishing,but,tfidf__but,tfidf,0.0036310971533914673
smishing,advance,tfidf__advance,tfidf,0.0035720289796035655
smishing,please call,tfidf__please call,tfidf,0.003548775571134457
smishing,love,tfidf__love,tfidf,0.0035406959637658006
smishing,texts call,tfidf__texts call,tfidf,0.003536570066818973
smishing,dont,tfidf__dont,tfidf,0.0035175757273728458
smishing,ready,tfidf__ready,tfidf,0.00351262693929926
smishing,friend,tfidf__friend,tfidf,0.003494230254160057
smishing,calls,tfidf__calls,tfidf,0.003488398735347808
smishing,bt,tfidf__bt,tfidf,0.003451202341294352
smishing,club,tfidf__club,tfidf,0.0034421025521899217
smishing,min 18,tfidf__min 18,tfidf,0.003423027628684026
smishing,email emailtoken,tfidf__email emailtoken,tfidf,0.0034186382193312336
smishing,don't,tfidf__don't,tfidf,0.0033678705457415928
smishing,hi,tfidf__hi,tfidf,0.003363563196540849
smishing,road,tfidf__road,tfidf,0.0033496630807301206
smishing,to no,tfidf__to no,tfidf,0.003347684040074803
smishing,who,tfidf__who,tfidf,0.003346111428077579
smishing,price,tfidf__price,tfidf,0.003333884579404399
smishing,life,tfidf__life,tfidf,0.0033053221614318634
smishing,how,tfidf__how,tfidf,0.0033041776549374985
smishing,possess,tfidf__possess,tfidf,0.0032902685821320538
smishing,mins,tfidf__mins,tfidf,0.003273308985287161
smishing,landline,tfidf__landline,tfidf,0.0031753344937211487
smishing,activate,tfidf__activate,tfidf,0.0031737693438702278
smishing,think,tfidf__think,tfidf,0.0031554937034298943
smishing,card,tfidf__card,tfidf,0.0031404001363169263
smishing,unlimited,tfidf__unlimited,tfidf,0.0031196173376681685
smishing,1000 cash,tfidf__1000 cash,tfidf,0.0031171000100845615
smishing,all,tfidf__all,tfidf,0.0031058447044655167
smishing,find out,tfidf__find out,tfidf,0.0031001629665457723
smishing,bt national,tfidf__bt national,tfidf,0.0030767833886176017
smishing,grant,tfidf__grant,tfidf,0.0030664293487760756
smishing,psf,tfidf__psf,tfidf,0.003041479375106847
smishing,awarded,tfidf__awarded,tfidf,0.003032799185028572
smishing,need,tfidf__need,tfidf,0.002977106534780632
smishing,see,tfidf__see,tfidf,0.0029601939933647852
smishing,come,tfidf__come,tfidf,0.0029110904469671047
smishing,then,tfidf__then,tfidf,0.0028868422232691962
smishing,150p,tfidf__150p,tfidf,0.0028840532595271026
smishing,want,tfidf__want,tfidf,0.002877070963539229
smishing,top,tfidf__top,tfidf,0.002867786004302987
smishing,more,tfidf__more,tfidf,0.002849877671404344
smishing,per msg,tfidf__per msg,tfidf,0.0028485894757450765
smishing,10p,tfidf__10p,tfidf,0.0028444515649085
smishing,worth,tfidf__worth,tfidf,0.0028068077925987615
smishing,got,tfidf__got,tfidf,0.0027809512785540334
smishing,days,tfidf__days,tfidf,0.0027752494819593774
smishing,number,tfidf__number,tfidf,0.0027678016237627544
smishing,specially,tfidf__specially,tfidf,0.002765062342131247
smishing,2000,tfidf__2000,tfidf,0.0027594952200454374
smishing,here,tfidf__here,tfidf,0.0027576248395129997
smishing,re activate,tfidf__re activate,tfidf,0.002754282116328532
smishing,meet,tfidf__meet,tfidf,0.0027474356174969766
smishing,2nd,tfidf__2nd,tfidf,0.002742264499943116
smishing,arrogate,tfidf__arrogate,tfidf,0.002737729475984123
smishing,camcorder,tfidf__camcorder,tfidf,0.0027221923209833714
smishing,shows,tfidf__shows,tfidf,0.002719829717231348
smishing,great,tfidf__great,tfidf,0.0027189996655210998
smishing,loan,tfidf__loan,tfidf,0.0026685152919044284
smishing,nokia to,tfidf__nokia to,tfidf,0.0026519840618551447
smishing,people,tfidf__people,tfidf,0.002650755077606598
smishing,are you,tfidf__are you,tfidf,0.0026390400500114052
smishing,you exist,tfidf__you exist,tfidf,0.0026370482941689755
smishing,why,tfidf__why,tfidf,0.0026341698756137144
smishing,custcare,tfidf__custcare,tfidf,0.0026116977324958123
smishing,custcare phonetoken,tfidf__custcare phonetoken,tfidf,0.0026116977324958123
smishing,150,tfidf__150,tfidf,0.0025965211345798647
smishing,win,tfidf__win,tfidf,0.0025924111011784903
smishing,freemsg,tfidf__freemsg,tfidf,0.0025793603477846025
smishing,new video,tfidf__new video,tfidf,0.002557263621530734
smishing,heart,tfidf__heart,tfidf,0.0025500874329277886
smishing,the latest,tfidf__the latest,tfidf,0.002549420893688506
smishing,again,tfidf__again,tfidf,0.002534428063611678
smishing,the 2nd,tfidf__the 2nd,tfidf,0.002532670369827988
smishing,latest,tfidf__latest,tfidf,0.0025175736370467517
smishing,receive 1000,tfidf__receive 1000,tfidf,0.0025043605821316616
smishing,at the,tfidf__at the,tfidf,0.0024887069302902795
smishing,000 prize,tfidf__000 prize,tfidf,0.0024381477926554247
smishing,check out,tfidf__check out,tfidf,0.002426589622208579
smishing,via,tfidf__via,tfidf,0.0024195037082413765
smishing,year,tfidf__year,tfidf,0.0023900664795547715
smishing,attempt,tfidf__attempt,tfidf,0.0023806027662957216
smishing,numbers,tfidf__numbers,tfidf,0.002346442126805579
smishing,ad,tfidf__ad,tfidf,0.0023427881225633646
smishing,email,tfidf__email,tfidf,0.002323220526875886
smishing,08700621170150p,tfidf__08700621170150p,tfidf,0.0023201821578626844
smishing,08700621170150p per,tfidf__08700621170150p per,tfidf,0.0023201821578626844
smishing,ltd 08700621170150p,tfidf__ltd 08700621170150p,tfidf,0.0023201821578626844
smishing,netcollex,tfidf__netcollex,tfidf,0.0023201821578626844
smishing,netcollex ltd,tfidf__netcollex ltd,tfidf,0.0023201821578626844
smishing,to get,tfidf__to get,tfidf,0.0023001282348885797
smishing,enjoy,tfidf__enjoy,tfidf,0.0022973839602650806
smishing,000 cash,tfidf__000 cash,tfidf,0.0022949014726896923
smishing,new message,tfidf__new message,tfidf,0.002294215501007896
smishing,00,tfidf__00,tfidf,0.002292281405952485
smishing,fun,tfidf__fun,tfidf,0.0022911260810663395
smishing,they,tfidf__they,tfidf,0.0022834968713047457
smishing,out who,tfidf__out who,tfidf,0.0022803236836415304
smishing,night,tfidf__night,tfidf,0.002270450695913139
smishing,ur mobile,tfidf__ur mobile,tfidf,0.0022626050170544546
smishing,gurgaon,tfidf__gurgaon,tfidf,0.002258711924154593
smishing,flights,tfidf__flights,tfidf,0.0022549536913974346
smishing,msg,tfidf__msg,tfidf,0.0022391890586344414
smishing,live,tfidf__live,tfidf,0.0022267946470991874
smishing,happy,tfidf__happy,tfidf,0.002222988084483944
smishing,86688,tfidf__86688,tfidf,0.0022217075382787448
smishing,to 86688,tfidf__to 86688,tfidf,0.0022217075382787448
smishing,call free,tfidf__call free,tfidf,0.0022215371176237484
smishing,back,tfidf__back,tfidf,0.0022146602937901166
smishing,info,tfidf__info,tfidf,0.0022130376148217818
smishing,id,tfidf__id,tfidf,0.0022117457062595367
smishing,or 000,tfidf__or 000,tfidf,0.002211379807253096
smishing,week just,tfidf__week just,tfidf,0.0022039691373147473
smishing,have won,tfidf__have won,tfidf,0.0022005284332088375
smishing,important,tfidf__important,tfidf,0.0021842474303330945
smishing,right,tfidf__right,tfidf,0.0021747876621915994
smishing,best,tfidf__best,tfidf,0.002163448902252859
smishing,review,tfidf__review,tfidf,0.002155140483677281
smishing,secure,tfidf__secure,tfidf,0.0021535371459304006
smishing,money,tfidf__money,tfidf,0.002152328548501744
smishing,book,tfidf__book,tfidf,0.002136036686382708
smishing,to receive,tfidf__to receive,tfidf,0.0021305767545951432
smishing,http urltoken,tfidf__http urltoken,tfidf,0.0021281263239115123
smishing,cd,tfidf__cd,tfidf,0.0021181957931939227
smishing,you ingest,tfidf__you ingest,tfidf,0.002104168192735164
smishing,of,tfidf__of,tfidf,0.0021041324678305003
smishing,identifier,tfidf__identifier,tfidf,0.0021010836161527097
smishing,identifier code,tfidf__identifier code,tfidf,0.0021010836161527097
smishing,phonetoken identifier,tfidf__phonetoken identifier,tfidf,0.0021010836161527097
smishing,log,tfidf__log,tfidf,0.002087591770415571
smishing,i'll,tfidf__i'll,tfidf,0.0020815850953446167
smishing,ringtone,tfidf__ringtone,tfidf,0.0020722814537496737
smishing,txt to,tfidf__txt to,tfidf,0.0020672044328601037
smishing,join,tfidf__join,tfidf,0.002059807970820714
smishing,look,tfidf__look,tfidf,0.0020538330302725637
smishing,or holiday,tfidf__or holiday,tfidf,0.0020445725934904327
smishing,service with,tfidf__service with,tfidf,0.0020366743363692506
smishing,too,tfidf__too,tfidf,0.002016743727002558
smishing,click,tfidf__click,tfidf,0.0020132924407399236
smishing,chance,tfidf__chance,tfidf,0.002000018333940064
smishing,very,tfidf__very,tfidf,0.001998157335969434
smishing,survive,tfidf__survive,tfidf,0.0019898411680164567
smishing,selected to,tfidf__selected to,tfidf,0.0019885887280100974
smishing,200,tfidf__200,tfidf,0.001983681701169106
smishing,in your,tfidf__in your,tfidf,0.00196974176143027
smishing,flights inc,tfidf__flights inc,tfidf,0.0019628158171108036
smishing,holiday flights,tfidf__holiday flights,tfidf,0.0019628158171108036
smishing,inc speak,tfidf__inc speak,tfidf,0.0019628158171108036
smishing,operator claim,tfidf__operator claim,tfidf,0.0019628158171108036
smishing,going,tfidf__going,tfidf,0.0019618658529083773
smishing,admirer,tfidf__admirer,tfidf,0.0019579980675084323
smishing,reveal,tfidf__reveal,tfidf,0.0019579980675084323
smishing,reveal who,tfidf__reveal who,tfidf,0.0019579980675084323
smishing,secret admirer,tfidf__secret admirer,tfidf,0.0019579980675084323
smishing,special call,tfidf__special call,tfidf,0.0019579980675084323
smishing,shop,tfidf__shop,tfidf,0.001956110432210132
smishing,weekend,tfidf__weekend,tfidf,0.001949863418791975
smishing,mr,tfidf__mr,tfidf,0.0019456055315037698
smishing,so special,tfidf__so special,tfidf,0.001943169370914437
smishing,for delivery,tfidf__for delivery,tfidf,0.0019413022177822835
smishing,free camcorder,tfidf__free camcorder,tfidf,0.0019384191492871838
smishing,dear customer,tfidf__dear customer,tfidf,0.001929305260312508
smishing,line phonetoken,tfidf__line phonetoken,tfidf,0.0019282025159327654
smishing,game,tfidf__game,tfidf,0.0019161654750049705
smishing,your paytm,tfidf__your paytm,tfidf,0.0019000530436126687
smishing,covid,tfidf__covid,tfidf,0.0018910399653171673
smishing,covid 19,tfidf__covid 19,tfidf,0.0018910399653171673
smishing,150 worth,tfidf__150 worth,tfidf,0.0018874584672700762
smishing,ur 150,tfidf__ur 150,tfidf,0.0018874584672700762
smishing,secret,tfidf__secret,tfidf,0.0018864041473539857
smishing,video,tfidf__video,tfidf,0.001884128739115853
smishing,final,tfidf__final,tfidf,0.001878808446534014
smishing,free texts,tfidf__free texts,tfidf,0.001875735833853855
smishing,19,tfidf__19,tfidf,0.001859578279793242
smishing,from urltoken,tfidf__from urltoken,tfidf,0.0018465273070963348
smishing,1st,tfidf__1st,tfidf,0.0018259753870175015
smishing,18,tfidf__18,tfidf,0.0018144763701046784
smishing,gay chat,tfidf__gay chat,tfidf,0.0018102271501697275
smishing,photo upload,tfidf__photo upload,tfidf,0.0018102271501697275
smishing,upload call,tfidf__upload call,tfidf,0.0018102271501697275
smishing,with photo,tfidf__with photo,tfidf,0.0018102271501697275
smishing,line,tfidf__line,tfidf,0.0018086027375437974
smishing,where,tfidf__where,tfidf,0.0017932514809346867
smishing,let,tfidf__let,tfidf,0.001792063548895809
smishing,bahamas,tfidf__bahamas,tfidf,0.0017845770829745013
smishing,online,tfidf__online,tfidf,0.0017824652735750068
smishing,part,tfidf__part,tfidf,0.0017728523290335338
smishing,double mins,tfidf__double mins,tfidf,0.0017726079570272394
smishing,pic,tfidf__pic,tfidf,0.001767638591783656
smishing,yes,tfidf__yes,tfidf,0.00176275831254052
smishing,poly,tfidf__poly,tfidf,0.0017424895285093611
smishing,gr8,tfidf__gr8,tfidf,0.0017317074758594765
smishing,hmv,tfidf__hmv,tfidf,0.0017308450068267717
smishing,yours,tfidf__yours,tfidf,0.0017263349089996442
smishing,lucky,tfidf__lucky,tfidf,0.0017257699133505766
smishing,150p msg,tfidf__150p msg,tfidf,0.001725679750551135
smishing,refund,tfidf__refund,tfidf,0.0017153717436468347
smishing,shop to,tfidf__shop to,tfidf,0.001715287317742857
smishing,specially selected,tfidf__specially selected,tfidf,0.0017111548656208147
smishing,upload,tfidf__upload,tfidf,0.0017078645466455905
smishing,ship,tfidf__ship,tfidf,0.001707628163045714
smishing,day,tfidf__day,tfidf,0.0017064373401396158
smishing,survive to,tfidf__survive to,tfidf,0.0017036568759586635
smishing,you want,tfidf__you want,tfidf,0.0017001146570941666
smishing,luck,tfidf__luck,tfidf,0.0016978817978944593
smishing,phonetoken from,tfidf__phonetoken from,tfidf,0.0016882629902183115
smishing,oh,tfidf__oh,tfidf,0.001678255254855259
smishing,have to,tfidf__have to,tfidf,0.0016761891412003678
smishing,user,tfidf__user,tfidf,0.0016732557505073236
smishing,further,tfidf__further,tfidf,0.001666882235674945
smishing,support,tfidf__support,tfidf,0.0016583750392286099
smishing,it is,tfidf__it is,tfidf,0.0016555020154125732
smishing,straight,tfidf__straight,tfidf,0.0016278892624908303
smishing,question,tfidf__question,tfidf,0.0016202328980147102
smishing,after,tfidf__after,tfidf,0.001618997872858445
smishing,nokia,tfidf__nokia,tfidf,0.0016176932989006207
smishing,weekly,tfidf__weekly,tfidf,0.0016165396883222921
smishing,to the,tfidf__to the,tfidf,0.0016160462177129652
smishing,with you,tfidf__with you,tfidf,0.0016125661845757667
smishing,ur awarded,tfidf__ur awarded,tfidf,0.0016105685818126277
smishing,wish,tfidf__wish,tfidf,0.0016102191805028086
smishing,pound,tfidf__pound,tfidf,0.0016098066561579091
smishing,play,tfidf__play,tfidf,0.0016083150083798493
smishing,answer,tfidf__answer,tfidf,0.0016063556040730811
smishing,free now,tfidf__free now,tfidf,0.0016012073248759275
smishing,up to,tfidf__up to,tfidf,0.00159228794669557
smishing,real,tfidf__real,tfidf,0.0015897779448423197
smishing,them,tfidf__them,tfidf,0.0015893407884192041
smishing,did,tfidf__did,tfidf,0.0015869479451004818
smishing,on the,tfidf__on the,tfidf,0.0015845690416861635
smishing,for the,tfidf__for the,tfidf,0.0015813423226507955
smishing,350,tfidf__350,tfidf,0.0015789897827991773
smishing,operator to,tfidf__operator to,tfidf,0.0015684090188887458
smishing,free calls,tfidf__free calls,tfidf,0.001563502328120636
smishing,unlimited free,tfidf__unlimited free,tfidf,0.001563502328120636
smishing,gift vouchers,tfidf__gift vouchers,tfidf,0.0015568732005279882
smishing,admirer who,tfidf__admirer who,tfidf,0.001554206815657049
smishing,contact with,tfidf__contact with,tfidf,0.001554206815657049
smishing,make contact,tfidf__make contact,tfidf,0.001554206815657049
smishing,they reveal,tfidf__they reveal,tfidf,0.001554206815657049
smishing,ur so,tfidf__ur so,tfidf,0.001554206815657049
smishing,who they,tfidf__who they,tfidf,0.001554206815657049
smishing,with find,tfidf__with find,tfidf,0.001554206815657049
smishing,pls,tfidf__pls,tfidf,0.001551907469621739
smishing,won the,tfidf__won the,tfidf,0.0015498722732542561
smishing,photo,tfidf__photo,tfidf,0.0015470963868624572
smishing,customer care,tfidf__customer care,tfidf,0.0015425561885911113
smishing,now urltoken,tfidf__now urltoken,tfidf,0.0015397268466520665
smishing,phone 750,tfidf__phone 750,tfidf,0.0015368438405171125
smishing,04,tfidf__04,tfidf,0.001523455493511435
smishing,phonetoken for,tfidf__phonetoken for,tfidf,0.0015009523812006499
smishing,85023,tfidf__85023,tfidf,0.0014981281935672456
smishing,85023 now,tfidf__85023 now,tfidf,0.0014981281935672456
smishing,discount vouchers,tfidf__discount vouchers,tfidf,0.0014981281935672456
smishing,of discount,tfidf__of discount,tfidf,0.0014981281935672456
smishing,to 85023,tfidf__to 85023,tfidf,0.0014981281935672456
smishing,worth of,tfidf__worth of,tfidf,0.0014981281935672456
smishing,from landline,tfidf__from landline,tfidf,0.0014953008827916564
smishing,him,tfidf__him,tfidf,0.001487817928110429
smishing,start,tfidf__start,tfidf,0.0014846569900488881
smishing,missing,tfidf__missing,tfidf,0.0014843607183592888
smishing,back on,tfidf__back on,tfidf,0.001483417505098605
smishing,tell,tfidf__tell,tfidf,0.0014820302799638714
smishing,area,tfidf__area,tfidf,0.0014762362909258666
smishing,job,tfidf__job,tfidf,0.0014615511701317732
smishing,to urltoken,tfidf__to urltoken,tfidf,0.00146017009061085
smishing,thanx,tfidf__thanx,tfidf,0.0014494231872481853
smishing,download,tfidf__download,tfidf,0.0014487008990533936
smishing,thanks for,tfidf__thanks for,tfidf,0.0014469863972707843
smishing,10p per,tfidf__10p per,tfidf,0.0014467096629805164
smishing,only 10p,tfidf__only 10p,tfidf,0.0014467096629805164
smishing,prize claim,tfidf__prize claim,tfidf,0.0014467096629805164
smishing,collection,tfidf__collection,tfidf,0.0014439873988239481
smishing,brother,tfidf__brother,tfidf,0.0014406451320420715
smishing,400,tfidf__400,tfidf,0.001430150030429163
smishing,charge,tfidf__charge,tfidf,0.0014280694053832464
smishing,chance claim,tfidf__chance claim,tfidf,0.001426971640412101
smishing,0871277810910p,tfidf__0871277810910p,tfidf,0.0014218825492872125
smishing,0871277810910p min,tfidf__0871277810910p min,tfidf,0.0014218825492872125
smishing,1000 or,tfidf__1000 or,tfidf,0.0014218825492872125
smishing,claim 0871277810910p,tfidf__claim 0871277810910p,tfidf,0.0014218825492872125
smishing,music to,tfidf__music to,tfidf,0.001412302767764476
smishing,payment,tfidf__payment,tfidf,0.0014114275103655053
smishing,help phonetoken,tfidf__help phonetoken,tfidf,0.0014103345305479
smishing,claim your,tfidf__claim your,tfidf,0.0014093582698227664
smishing,off,tfidf__off,tfidf,0.0014093151493527066
smishing,the secure,tfidf__the secure,tfidf,0.0014083407439450248
smishing,to review,tfidf__to review,tfidf,0.0014043577166848271
smishing,balance,tfidf__balance,tfidf,0.0013954087598636027
smishing,evening,tfidf__evening,tfidf,0.001386840494275353
smishing,00 000,tfidf__00 000,tfidf,0.001381639397404205
smishing,mobile 100,tfidf__mobile 100,tfidf,0.0013770346324713072
smishing,stop to,tfidf__stop to,tfidf,0.0013677956602254281
smishing,to opt,tfidf__to opt,tfidf,0.001347512864600712
smishing,cd gift,tfidf__cd gift,tfidf,0.0013470604516324892
smishing,today text,tfidf__today text,tfidf,0.0013466154183090588
smishing,vouchers today,tfidf__vouchers today,tfidf,0.0013466154183090588
smishing,free msg,tfidf__free msg,tfidf,0.0013386525442575826
smishing,eve,tfidf__eve,tfidf,0.0013368225589158395
smishing,upgrade,tfidf__upgrade,tfidf,0.0013337150156173367
smishing,true,tfidf__true,tfidf,0.0013331417356172695
smishing,ya,tfidf__ya,tfidf,0.0013290489003181564
smishing,refused,tfidf__refused,tfidf,0.001326792302185835
smishing,understand,tfidf__understand,tfidf,0.0013241545861216032
smishing,row,tfidf__row,tfidf,0.0013214567346977381
smishing,8007,tfidf__8007,tfidf,0.001320433892727248
smishing,300,tfidf__300,tfidf,0.0013188237144978955
smishing,phones,tfidf__phones,tfidf,0.0013177873304874997
smishing,should,tfidf__should,tfidf,0.0013087604400142052
smishing,search,tfidf__search,tfidf,0.0013057929543377385
smishing,you're,tfidf__you're,tfidf,0.0013052528128331413
smishing,txt stop,tfidf__txt stop,tfidf,0.0013002435033849554
smishing,credits,tfidf__credits,tfidf,0.0012915125303625949
smishing,saturday,tfidf__saturday,tfidf,0.0012832557985513278
smishing,to phonetoken,tfidf__to phonetoken,tfidf,0.0012808601353441749
smishing,check,tfidf__check,tfidf,0.0012763068106735386
smishing,our dating,tfidf__our dating,tfidf,0.0012742364589801145
smishing,reply to,tfidf__reply to,tfidf,0.0012678995055749884
smishing,either 500,tfidf__either 500,tfidf,0.0012678875021497494
smishing,vouchers free,tfidf__vouchers free,tfidf,0.0012678875021497494
smishing,her,tfidf__her,tfidf,0.0012611350456240703
smishing,motorola,tfidf__motorola,tfidf,0.001260461134466001
smishing,2004,tfidf__2004,tfidf,0.001259927841396911
smishing,draw txt,tfidf__draw txt,tfidf,0.001254519969062146
smishing,txt music,tfidf__txt music,tfidf,0.001254519969062146
smishing,weekend calls,tfidf__weekend calls,tfidf,0.0012454294139943715
smishing,contact us,tfidf__contact us,tfidf,0.001240817383473705
smishing,rate,tfidf__rate,tfidf,0.0012364260480133102
smishing,who it,tfidf__who it,tfidf,0.0012335379619587618
smishing,to win,tfidf__to win,tfidf,0.0012286228330568773
smishing,link http,tfidf__link http,tfidf,0.0012242185670820003
smishing,secure link,tfidf__secure link,tfidf,0.0012242185670820003
smishing,cs urltoken,tfidf__cs urltoken,tfidf,0.0012225064345884086
smishing,150ppm,tfidf__150ppm,tfidf,0.0012207843132721503
smishing,take,tfidf__take,tfidf,0.001220064629834165
smishing,wid,tfidf__wid,tfidf,0.0012145042232340575
smishing,road gurgaon,tfidf__road gurgaon,tfidf,0.00121423899606036
smishing,me text,tfidf__me text,tfidf,0.0012133561642982816
smishing,for free,tfidf__for free,tfidf,0.0012128563063623335
smishing,babes,tfidf__babes,tfidf,0.0012041630014442558
smishing,to 8007,tfidf__to 8007,tfidf,0.0012014379242829686
smishing,1st week,tfidf__1st week,tfidf,0.001197315923354878
smishing,ph,tfidf__ph,tfidf,0.0011961327846695437
smishing,or call,tfidf__or call,tfidf,0.0011946473315195372
smishing,yesterday,tfidf__yesterday,tfidf,0.0011932357475236144
smishing,today's,tfidf__today's,tfidf,0.0011904720380184648
smishing,guess,tfidf__guess,tfidf,0.0011867190567558608
smishing,freemsg today's,tfidf__freemsg today's,tfidf,0.001178217767161621
smishing,fun games,tfidf__fun games,tfidf,0.001178217767161621
smishing,games netcollex,tfidf__games netcollex,tfidf,0.001178217767161621
smishing,ready i'm,tfidf__ready i'm,tfidf,0.001178217767161621
smishing,sex fun,tfidf__sex fun,tfidf,0.001178217767161621
smishing,today's the,tfidf__today's the,tfidf,0.001178217767161621
smishing,your town,tfidf__your town,tfidf,0.001178217767161621
smishing,valued,tfidf__valued,tfidf,0.0011757550647512806
smishing,airtel,tfidf__airtel,tfidf,0.0011655757795709842
smishing,few,tfidf__few,tfidf,0.0011606334655207906
smishing,claim ur,tfidf__claim ur,tfidf,0.001160311695868887
smishing,mobile number,tfidf__mobile number,tfidf,0.0011548572518117718
smishing,statement for,tfidf__statement for,tfidf,0.0011514655977266691
smishing,800,tfidf__800,tfidf,0.0011504221690824298
smishing,250 wkly,tfidf__250 wkly,tfidf,0.001145477916869994
smishing,something,tfidf__something,tfidf,0.0011446584365759863
smishing,statement,tfidf__statement,tfidf,0.0011408661386105839
smishing,lor,tfidf__lor,tfidf,0.001140725553817591
smishing,500 pounds,tfidf__500 pounds,tfidf,0.0011393772563545008
smishing,atm,tfidf__atm,tfidf,0.001139270484085338
smishing,looking,tfidf__looking,tfidf,0.0011388447804629497
smishing,81618,tfidf__81618,tfidf,0.0011331010651774393
smishing,81618 per,tfidf__81618 per,tfidf,0.0011331010651774393
smishing,subpoly,tfidf__subpoly,tfidf,0.0011331010651774393
smishing,subpoly to,tfidf__subpoly to,tfidf,0.0011331010651774393
smishing,to 81618,tfidf__to 81618,tfidf,0.0011331010651774393
smishing,tickets,tfidf__tickets,tfidf,0.001131513272204861
smishing,to see,tfidf__to see,tfidf,0.0011300851246538316
smishing,call mobileupd8,tfidf__call mobileupd8,tfidf,0.0011297422127109528
smishing,mobileupd8,tfidf__mobileupd8,tfidf,0.0011297422127109528
smishing,horny,tfidf__horny,tfidf,0.001129067605866331
smishing,at home,tfidf__at home,tfidf,0.0011289577021057517
smishing,us,tfidf__us,tfidf,0.0011273651876533477
smishing,want new,tfidf__want new,tfidf,0.001125419315957299
smishing,music,tfidf__music,tfidf,0.0011239671961365695
smishing,84128,tfidf__84128,tfidf,0.0011171950437887852
smishing,phonetoken or,tfidf__phonetoken or,tfidf,0.0011153875204844886
smishing,ur cash,tfidf__ur cash,tfidf,0.0011142249462216705
smishing,free text,tfidf__free text,tfidf,0.0011103050994408857
smishing,babe,tfidf__babe,tfidf,0.001109219871757603
smishing,finish,tfidf__finish,tfidf,0.0011085256517665031
smishing,selected receive,tfidf__selected receive,tfidf,0.0011064284383313489
smishing,ltd,tfidf__ltd,tfidf,0.001105808011386629
smishing,wot,tfidf__wot,tfidf,0.001104513510168397
smishing,rental camcorder,tfidf__rental camcorder,tfidf,0.0011023344232526829
smishing,bonus,tfidf__bonus,tfidf,0.0010991417186165023
smishing,to re,tfidf__to re,tfidf,0.001093019334075057
smishing,day if,tfidf__day if,tfidf,0.001092254677212212
smishing,100 weekly,tfidf__100 weekly,tfidf,0.0010914177878880618
smishing,once,tfidf__once,tfidf,0.001087497368633575
smishing,were,tfidf__were,tfidf,0.0010874785420006967
smishing,way,tfidf__way,tfidf,0.0010846401208063057
smishing,expires,tfidf__expires,tfidf,0.001084119102193646
smishing,5000,tfidf__5000,tfidf,0.001079259005559847
smishing,points call,tfidf__points call,tfidf,0.0010777808628241552
smishing,redeemed,tfidf__redeemed,tfidf,0.0010777808628241552
smishing,redeemed points,tfidf__redeemed points,tfidf,0.0010777808628241552
smishing,un redeemed,tfidf__un redeemed,tfidf,0.0010777808628241552
smishing,mob,tfidf__mob,tfidf,0.0010766378899603262
smishing,records,tfidf__records,tfidf,0.0010759360797383771
smishing,mins half,tfidf__mins half,tfidf,0.0010750949877525709
smishing,rental,tfidf__rental,tfidf,0.001066182391293854
smishing,2nd time,tfidf__2nd time,tfidf,0.0010646101337831112
smishing,she,tfidf__she,tfidf,0.0010639341465665303
smishing,tonight,tfidf__tonight,tfidf,0.0010633044738430737
smishing,nite,tfidf__nite,tfidf,0.0010609170601115253
smishing,handset,tfidf__handset,tfidf,0.0010555026279390962
smishing,mobiles,tfidf__mobiles,tfidf,0.001054986977229365
smishing,to this,tfidf__to this,tfidf,0.0010510797971658356
smishing,un,tfidf__un,tfidf,0.0010509487158669327
smishing,16 only,tfidf__16 only,tfidf,0.0010473236292755062
smishing,jamster,tfidf__jamster,tfidf,0.0010473236292755062
smishing,going to,tfidf__going to,tfidf,0.0010382774122171278
smishing,constitute,tfidf__constitute,tfidf,0.001034644065716133
smishing,customer service,tfidf__customer service,tfidf,0.0010318374214426755
smishing,tncs,tfidf__tncs,tfidf,0.0010266775609649688
smishing,you that,tfidf__you that,tfidf,0.0010265046490328129
smishing,83600,tfidf__83600,tfidf,0.0010242587626892099
smishing,to 83600,tfidf__to 83600,tfidf,0.0010242587626892099
smishing,that's,tfidf__that's,tfidf,0.0010241756733911371
smishing,eg,tfidf__eg,tfidf,0.0010240350724758011
smishing,his,tfidf__his,tfidf,0.0010219247808019882
smishing,without,tfidf__without,tfidf,0.001020031007669198
smishing,borin,tfidf__borin,tfidf,0.0010166856009825168
smishing,all will,tfidf__all will,tfidf,0.0010162174465512687
smishing,now all,tfidf__now all,tfidf,0.0010162174465512687
smishing,revealed,tfidf__revealed,tfidf,0.0010162174465512687
smishing,pick,tfidf__pick,tfidf,0.0010153987755903327
smishing,the day,tfidf__the day,tfidf,0.0010112142983804398
smishing,we can,tfidf__we can,tfidf,0.001011197017732667
smishing,250,tfidf__250,tfidf,0.0010045771409765063
smishing,blu,tfidf__blu,tfidf,0.0010030667322964632
smishing,stop texts,tfidf__stop texts,tfidf,0.0009989124295396053
smishing,advance 000,tfidf__advance 000,tfidf,0.000997247703178939
smishing,time we,tfidf__time we,tfidf,0.0009949068383292826
smishing,mp3,tfidf__mp3,tfidf,0.0009913413278613413
smishing,congrats,tfidf__congrats,tfidf,0.0009882862992999265
smishing,work,tfidf__work,tfidf,0.0009868468700645798
smishing,yeah,tfidf__yeah,tfidf,0.0009858957901278736
smishing,camcorder call,tfidf__camcorder call,tfidf,0.0009819596899735472
smishing,price rental,tfidf__price rental,tfidf,0.0009819596899735472
smishing,re our,tfidf__re our,tfidf,0.0009819596899735472
smishing,handset 750,tfidf__handset 750,tfidf,0.0009745756355907382
smishing,video handset,tfidf__video handset,tfidf,0.0009745756355907382
smishing,princess,tfidf__princess,tfidf,0.0009706418721661089
smishing,we have,tfidf__we have,tfidf,0.0009681288553813449
smishing,anytime,tfidf__anytime,tfidf,0.0009658695417107078
smishing,calls call,tfidf__calls call,tfidf,0.0009648516380435547
smishing,camera mobiles,tfidf__camera mobiles,tfidf,0.0009648516380435547
smishing,mobiles unlimited,tfidf__mobiles unlimited,tfidf,0.0009648516380435547
smishing,oranges,tfidf__oranges,tfidf,0.0009648516380435547
smishing,oranges latest,tfidf__oranges latest,tfidf,0.0009648516380435547
smishing,to oranges,tfidf__to oranges,tfidf,0.0009648516380435547
smishing,unlimited weekend,tfidf__unlimited weekend,tfidf,0.0009648516380435547
smishing,update for,tfidf__update for,tfidf,0.0009648516380435547
smishing,good luck,tfidf__good luck,tfidf,0.0009639610158920226
smishing,750 pound,tfidf__750 pound,tfidf,0.0009623248528872389
smishing,easy call,tfidf__easy call,tfidf,0.0009623248528872389
smishing,pound prize,tfidf__pound prize,tfidf,0.0009623248528872389
smishing,the 750,tfidf__the 750,tfidf,0.0009623248528872389
smishing,fantastic,tfidf__fantastic,tfidf,0.0009621375854980185
smishing,house,tfidf__house,tfidf,0.0009596476145276273
smishing,to arrogate,tfidf__to arrogate,tfidf,0.0009595855949168932
smishing,chat to,tfidf__chat to,tfidf,0.0009593648785510285
smishing,ave,tfidf__ave,tfidf,0.0009589514458396849
smishing,must,tfidf__must,tfidf,0.0009545886255796008
smishing,free to,tfidf__free to,tfidf,0.000953014547637962
smishing,tomorrow,tfidf__tomorrow,tfidf,0.0009507891996289258
smishing,weekly draw,tfidf__weekly draw,tfidf,0.0009498197435713147
smishing,chance to,tfidf__chance to,tfidf,0.000945475241675997
smishing,text stop,tfidf__text stop,tfidf,0.0009401096988895294
smishing,per min,tfidf__per min,tfidf,0.0009357115909603791
smishing,750 anytime,tfidf__750 anytime,tfidf,0.0009354214705193538
smishing,easy,tfidf__easy,tfidf,0.0009353035163565673
smishing,her friend,tfidf__her friend,tfidf,0.0009300150249672279
smishing,extra,tfidf__extra,tfidf,0.0009288032826494523
smishing,while,tfidf__while,tfidf,0.000925735414445147
smishing,entry,tfidf__entry,tfidf,0.0009246490771516918
smishing,do,tfidf__do,tfidf,0.0009241259861041263
smishing,text yes,tfidf__text yes,tfidf,0.0009121477880543978
smishing,reply stop,tfidf__reply stop,tfidf,0.0009115574425956432
smishing,kyc,tfidf__kyc,tfidf,0.0009115071728273986
smishing,do you,tfidf__do you,tfidf,0.000911300818254076
smishing,give,tfidf__give,tfidf,0.0009105877773175886
smishing,free on,tfidf__free on,tfidf,0.0009095645900512808
smishing,tenants,tfidf__tenants,tfidf,0.0009052602845343543
smishing,tenants welcome,tfidf__tenants welcome,tfidf,0.0009052602845343543
smishing,years,tfidf__years,tfidf,0.0009014890556931005
smishing,wkly comp,tfidf__wkly comp,tfidf,0.0009013344179704757
smishing,entitled,tfidf__entitled,tfidf,0.0008994183797020777
smishing,entitled to,tfidf__entitled to,tfidf,0.0008994183797020777
smishing,looking make,tfidf__looking make,tfidf,0.0008968291232350925
smishing,10p min,tfidf__10p min,tfidf,0.000893714169062385
smishing,can't,tfidf__can't,tfidf,0.000892319390609422
smishing,have new,tfidf__have new,tfidf,0.0008882755513362775
smishing,text messages,tfidf__text messages,tfidf,0.000886553057226509
smishing,price line,tfidf__price line,tfidf,0.0008824715869713431
smishing,charged,tfidf__charged,tfidf,0.0008748088509266811
smishing,digital,tfidf__digital,tfidf,0.000872670077096986
smishing,digital camera,tfidf__digital camera,tfidf,0.000872670077096986
smishing,always,tfidf__always,tfidf,0.0008702935000994607
smishing,orange tariffs,tfidf__orange tariffs,tfidf,0.000869488588164735
smishing,tariffs,tfidf__tariffs,tfidf,0.000869488588164735
smishing,log onto,tfidf__log onto,tfidf,0.0008694215728163573
smishing,onto,tfidf__onto,tfidf,0.0008694215728163573
smishing,onto urltoken,tfidf__onto urltoken,tfidf,0.0008694215728163573
smishing,to any,tfidf__to any,tfidf,0.000865333672538196
smishing,shopping spree,tfidf__shopping spree,tfidf,0.000865051810034374
smishing,spree,tfidf__spree,tfidf,0.000865051810034374
smishing,double txt,tfidf__double txt,tfidf,0.0008648961653840274
smishing,mins double,tfidf__mins double,tfidf,0.0008648961653840274
smishing,amount,tfidf__amount,tfidf,0.000863000664189594
smishing,are winner,tfidf__are winner,tfidf,0.0008625291264132454
smishing,services phonetoken,tfidf__services phonetoken,tfidf,0.0008622566519177977
smishing,station,tfidf__station,tfidf,0.0008611273220462504
smishing,hungry,tfidf__hungry,tfidf,0.0008591060605792953
smishing,free for,tfidf__free for,tfidf,0.000856959122172055
smishing,free top,tfidf__free top,tfidf,0.0008520478406085781
smishing,just call,tfidf__just call,tfidf,0.0008508514029431158
smishing,stop phonetoken,tfidf__stop phonetoken,tfidf,0.0008500601847203855
smishing,week free,tfidf__week free,tfidf,0.0008486325427123374
smishing,or reply,tfidf__or reply,tfidf,0.0008485330580941573
smishing,still,tfidf__still,tfidf,0.000848191014671402
smishing,much,tfidf__much,tfidf,0.0008469233816594277
smishing,is your,tfidf__is your,tfidf,0.0008450181571804096
smishing,god,tfidf__god,tfidf,0.0008423573410335407
smishing,apply,tfidf__apply,tfidf,0.0008376221706644018
smishing,reward,tfidf__reward,tfidf,0.0008373798718066862
smishing,yours call,tfidf__yours call,tfidf,0.0008353265301728918
smishing,762,tfidf__762,tfidf,0.00083358466203914
smishing,well,tfidf__well,tfidf,0.0008320296117168924
smishing,getting,tfidf__getting,tfidf,0.0008318558809504128
smishing,keep,tfidf__keep,tfidf,0.0008270978101795798
smishing,plus free,tfidf__plus free,tfidf,0.0008270924908986715
smishing,yr,tfidf__yr,tfidf,0.0008246205799487498
smishing,girl,tfidf__girl,tfidf,0.0008204888377075341
smishing,sorry,tfidf__sorry,tfidf,0.0008203607195127896
smishing,the match,tfidf__the match,tfidf,0.0008187609640327302
smishing,over,tfidf__over,tfidf,0.0008186702631049538
smishing,the other,tfidf__the other,tfidf,0.0008184837732497179
smishing,claim code,tfidf__claim code,tfidf,0.0008183215112850187
smishing,network,tfidf__network,tfidf,0.0008174802459240493
smishing,account statement,tfidf__account statement,tfidf,0.0008173112853883534
smishing,private your,tfidf__private your,tfidf,0.0008173112853883534
smishing,welcome,tfidf__welcome,tfidf,0.0008169426853304923
smishing,urltoken to,tfidf__urltoken to,tfidf,0.0008161984510781754
smishing,customer you,tfidf__customer you,tfidf,0.0008145316477242708
smishing,87066,tfidf__87066,tfidf,0.0008131821399045466
smishing,to 87066,tfidf__to 87066,tfidf,0.0008131821399045466
smishing,colour camera,tfidf__colour camera,tfidf,0.0008099263731714448
smishing,you need,tfidf__you need,tfidf,0.0008092929044900611
smishing,free phonetoken,tfidf__free phonetoken,tfidf,0.0008084320982103988
smishing,homeowners,tfidf__homeowners,tfidf,0.0008084320982103988
smishing,homeowners tenants,tfidf__homeowners tenants,tfidf,0.0008084320982103988
smishing,previously,tfidf__previously,tfidf,0.0008084320982103988
smishing,previously refused,tfidf__previously refused,tfidf,0.0008084320982103988
smishing,refused we,tfidf__refused we,tfidf,0.0008084320982103988
smishing,still help,tfidf__still help,tfidf,0.0008084320982103988
smishing,starts,tfidf__starts,tfidf,0.000807824568679675
smishing,po,tfidf__po,tfidf,0.0008066761789475264
smishing,500 free,tfidf__500 free,tfidf,0.0008064149573643045
smishing,morning,tfidf__morning,tfidf,0.0008064067734909633
smishing,300 free,tfidf__300 free,tfidf,0.0008053320733418532
smishing,deliveredtomorrow with,tfidf__deliveredtomorrow with,tfidf,0.0008053320733418532
smishing,with 300,tfidf__with 300,tfidf,0.0008053320733418532
smishing,b4,tfidf__b4,tfidf,0.0008037810373869165
smishing,to take,tfidf__to take,tfidf,0.0008004994922469486
smishing,pobox84,tfidf__pobox84,tfidf,0.0007960647936437135
smishing,now send,tfidf__now send,tfidf,0.0007898967611597698
smishing,commercial,tfidf__commercial,tfidf,0.0007893310483322448
smishing,prize guaranteed,tfidf__prize guaranteed,tfidf,0.0007875451119962199
smishing,need to,tfidf__need to,tfidf,0.0007857682590174129
smishing,really,tfidf__really,tfidf,0.0007842228589914773
smishing,phonetoken stop,tfidf__phonetoken stop,tfidf,0.0007837368697576227
smishing,live in,tfidf__live in,tfidf,0.0007823187972402119
smishing,touch,tfidf__touch,tfidf,0.0007778658671834971
smishing,can still,tfidf__can still,tfidf,0.0007775779142183646
smishing,help call,tfidf__help call,tfidf,0.000774918871163835
smishing,claim call,tfidf__claim call,tfidf,0.0007733299146038377
smishing,airtel live,tfidf__airtel live,tfidf,0.0007732886072836695
smishing,now phonetoken,tfidf__now phonetoken,tfidf,0.0007706836458405604
smishing,send stop,tfidf__send stop,tfidf,0.0007685804322017037
smishing,plus,tfidf__plus,tfidf,0.0007675556747329394
smishing,this is,tfidf__this is,tfidf,0.000767269343163042
smishing,is not,tfidf__is not,tfidf,0.0007603304965038534
smishing,never,tfidf__never,tfidf,0.0007599595012489059
smishing,urltoken txt,tfidf__urltoken txt,tfidf,0.0007598476584036085
smishing,atm card,tfidf__atm card,tfidf,0.0007597003978058786
smishing,your atm,tfidf__your atm,tfidf,0.0007597003978058786
smishing,vodafone,tfidf__vodafone,tfidf,0.0007596108835112715
smishing,friends,tfidf__friends,tfidf,0.000759540485676208
smishing,hope you,tfidf__hope you,tfidf,0.0007576931638627625
smishing,150p min,tfidf__150p min,tfidf,0.0007559557122247021
smishing,awarded either,tfidf__awarded either,tfidf,0.0007535406687797365
smishing,2000 cash,tfidf__2000 cash,tfidf,0.0007531945444718198
smishing,customer due,tfidf__customer due,tfidf,0.0007516276978273509
smishing,to unsubscribe,tfidf__to unsubscribe,tfidf,0.0007501926523957874
smishing,suffice,tfidf__suffice,tfidf,0.0007494873743097902
smishing,750,tfidf__750,tfidf,0.0007474156691123103
smishing,has been,tfidf__has been,tfidf,0.0007459553999540117
smishing,update to,tfidf__update to,tfidf,0.0007419459439668202
smishing,matches,tfidf__matches,tfidf,0.0007369577530181497
smishing,151,tfidf__151,tfidf,0.0007361112190248007
smishing,151 to,tfidf__151 to,tfidf,0.0007361112190248007
smishing,out customer,tfidf__out customer,tfidf,0.0007361112190248007
smishing,this auction,tfidf__this auction,tfidf,0.0007361112190248007
smishing,what,tfidf__what,tfidf,0.0007348770059655772
smishing,current,tfidf__current,tfidf,0.0007344101091413627
smishing,wallpaper,tfidf__wallpaper,tfidf,0.000733954667371954
smishing,full,tfidf__full,tfidf,0.0007335524128696324
smishing,okie,tfidf__okie,tfidf,0.000729464064437769
smishing,plot,tfidf__plot,tfidf,0.0007274050995326689
smishing,on orange,tfidf__on orange,tfidf,0.0007268783233194698
smishing,your phone,tfidf__your phone,tfidf,0.0007247976051121695
smishing,the current,tfidf__the current,tfidf,0.0007247796125351385
smishing,150p mtmsgrcvd18,tfidf__150p mtmsgrcvd18,tfidf,0.0007224033916105782
smishing,500 prize,tfidf__500 prize,tfidf,0.0007224033916105782
smishing,83355 ibhltd,tfidf__83355 ibhltd,tfidf,0.0007224033916105782
smishing,ibhltd,tfidf__ibhltd,tfidf,0.0007224033916105782
smishing,ibhltd ldnw15h,tfidf__ibhltd ldnw15h,tfidf,0.0007224033916105782
smishing,ldnw15h,tfidf__ldnw15h,tfidf,0.0007224033916105782
smishing,ldnw15h 150p,tfidf__ldnw15h 150p,tfidf,0.0007224033916105782
smishing,no 83355,tfidf__no 83355,tfidf,0.0007224033916105782
smishing,or 500,tfidf__or 500,tfidf,0.0007224033916105782
smishing,phone 40gb,tfidf__phone 40gb,tfidf,0.0007224033916105782
smishing,player or,tfidf__player or,tfidf,0.0007224033916105782
smishing,prize txt,tfidf__prize txt,tfidf,0.0007224033916105782
smishing,word collect,tfidf__word collect,tfidf,0.0007224033916105782
smishing,games,tfidf__games,tfidf,0.0007201200783087866
smishing,say,tfidf__say,tfidf,0.0007198627559745403
smishing,quiz,tfidf__quiz,tfidf,0.0007181107857002081
smishing,paytm kyc,tfidf__paytm kyc,tfidf,0.0007179443149293778
smishing,send go,tfidf__send go,tfidf,0.0007168019547404338
smishing,promise,tfidf__promise,tfidf,0.0007166755701011737
smishing,wat,tfidf__wat,tfidf,0.0007166124793613955
smishing,sky,tfidf__sky,tfidf,0.0007153077208624795
smishing,wkly,tfidf__wkly,tfidf,0.0007107725243352865
smishing,68866,tfidf__68866,tfidf,0.0007095711869688454
smishing,68866 subscriptn3gbp,tfidf__68866 subscriptn3gbp,tfidf,0.0007095711869688454
smishing,freemsg month,tfidf__freemsg month,tfidf,0.0007095711869688454
smishing,landlineonly,tfidf__landlineonly,tfidf,0.0007095711869688454
smishing,month unlimited,tfidf__month unlimited,tfidf,0.0007095711869688454
smishing,no 68866,tfidf__no 68866,tfidf,0.0007095711869688454
smishing,smartcall,tfidf__smartcall,tfidf,0.0007095711869688454
smishing,smartcall txt,tfidf__smartcall txt,tfidf,0.0007095711869688454
smishing,stop landlineonly,tfidf__stop landlineonly,tfidf,0.0007095711869688454
smishing,subscriptn3gbp,tfidf__subscriptn3gbp,tfidf,0.0007095711869688454
smishing,subscriptn3gbp wk,tfidf__subscriptn3gbp wk,tfidf,0.0007095711869688454
smishing,wk unlimited,tfidf__wk unlimited,tfidf,0.0007095711869688454
smishing,rs 00,tfidf__rs 00,tfidf,0.0007045423531782892
smishing,gold,tfidf__gold,tfidf,0.0007007219810911862
smishing,reply with,tfidf__reply with,tfidf,0.0007001226262530717
smishing,pay,tfidf__pay,tfidf,0.0006978560675742994
smishing,system,tfidf__system,tfidf,0.0006978516147733477
smishing,new nokia,tfidf__new nokia,tfidf,0.0006960709861333326
smishing,logo,tfidf__logo,tfidf,0.0006935876534716339
smishing,as valued,tfidf__as valued,tfidf,0.0006929146276574403
smishing,attempt to,tfidf__attempt to,tfidf,0.0006918088514732469
smishing,won 000,tfidf__won 000,tfidf,0.0006891303477493866
smishing,urgent your,tfidf__urgent your,tfidf,0.0006859919335629189
smishing,reminder,tfidf__reminder,tfidf,0.000684910652248769
smishing,pounds,tfidf__pounds,tfidf,0.0006834635487191076
smishing,near,tfidf__near,tfidf,0.0006831027587634874
smishing,award if,tfidf__award if,tfidf,0.0006821173681987313
smishing,contact you,tfidf__contact you,tfidf,0.0006804529565260177
smishing,3510i,tfidf__3510i,tfidf,0.0006798638567594514
smishing,3510i colour,tfidf__3510i colour,tfidf,0.0006798638567594514
smishing,colour phone,tfidf__colour phone,tfidf,0.0006798638567594514
smishing,nokia 3510i,tfidf__nokia 3510i,tfidf,0.0006798638567594514
smishing,in our,tfidf__in our,tfidf,0.0006791673905366866
smishing,we ingest,tfidf__we ingest,tfidf,0.0006781304073751621
smishing,bid,tfidf__bid,tfidf,0.0006778740315336087
smishing,activate smartcall,tfidf__activate smartcall,tfidf,0.0006759241995820123
smishing,calls activate,tfidf__calls activate,tfidf,0.0006759241995820123
smishing,found,tfidf__found,tfidf,0.0006755713017705851
smishing,office ph,tfidf__office ph,tfidf,0.0006745547718158808
smishing,for help,tfidf__for help,tfidf,0.0006730224348874356
smishing,phone,tfidf__phone,tfidf,0.0006726931026157941
smishing,want to,tfidf__want to,tfidf,0.0006708926869873715
smishing,each,tfidf__each,tfidf,0.0006705097625419118
smishing,last,tfidf__last,tfidf,0.000669545411279849
smishing,on your,tfidf__on your,tfidf,0.0006665287495973373
smishing,there,tfidf__there,tfidf,0.0006661611380576701
smishing,of new,tfidf__of new,tfidf,0.0006640480678841496
smishing,guaranteed call,tfidf__guaranteed call,tfidf,0.0006635552952891889
smishing,india,tfidf__india,tfidf,0.0006624053099297997
smishing,order,tfidf__order,tfidf,0.0006606200411013578
smishing,know that,tfidf__know that,tfidf,0.0006592987182985411
smishing,terms conditions,tfidf__terms conditions,tfidf,0.0006573303329277568
smishing,information,tfidf__information,tfidf,0.0006566474564837117
smishing,man,tfidf__man,tfidf,0.0006560889657158147
smishing,nokia phone,tfidf__nokia phone,tfidf,0.0006552740066756793
smishing,food,tfidf__food,tfidf,0.0006551002762337964
smishing,caller,tfidf__caller,tfidf,0.0006549622105251082
smishing,this message,tfidf__this message,tfidf,0.000653742304182927
smishing,team,tfidf__team,tfidf,0.0006519371655259894
smishing,side,tfidf__side,tfidf,0.0006509316682123462
smishing,than,tfidf__than,tfidf,0.0006501220204070901
smishing,contact have,tfidf__contact have,tfidf,0.0006492511207827529
smishing,on saturday,tfidf__on saturday,tfidf,0.0006490968300972273
smishing,free message,tfidf__free message,tfidf,0.0006483020988939887
smishing,here is,tfidf__here is,tfidf,0.0006472657832849614
smishing,access,tfidf__access,tfidf,0.0006466657371128931
smishing,contract,tfidf__contract,tfidf,0.0006465925102763024
smishing,til,tfidf__til,tfidf,0.0006452168686855548
smishing,alert,tfidf__alert,tfidf,0.000645073474841056
smishing,was,tfidf__was,tfidf,0.0006447040837221689
smishing,hold,tfidf__hold,tfidf,0.0006435571462378817
smishing,of the,tfidf__of the,tfidf,0.0006415014492474071
smishing,course,tfidf__course,tfidf,0.0006403719948027473
smishing,mobile will,tfidf__mobile will,tfidf,0.000640197345795171
smishing,your sam,tfidf__your sam,tfidf,0.0006368723875219786
smishing,now only,tfidf__now only,tfidf,0.0006348175664724807
smishing,88888 now,tfidf__88888 now,tfidf,0.0006331913408666215
smishing,apply 16,tfidf__apply 16,tfidf,0.0006331913408666215
smishing,free wallpaper,tfidf__free wallpaper,tfidf,0.0006331913408666215
smishing,heart to,tfidf__heart to,tfidf,0.0006331913408666215
smishing,jamster to,tfidf__jamster to,tfidf,0.0006331913408666215
smishing,now apply,tfidf__now apply,tfidf,0.0006331913408666215
smishing,text heart,tfidf__text heart,tfidf,0.0006331913408666215
smishing,wallpaper text,tfidf__wallpaper text,tfidf,0.0006331913408666215
smishing,plan,tfidf__plan,tfidf,0.0006329289914020323
smishing,guaranteed 1000,tfidf__guaranteed 1000,tfidf,0.0006305068861117281
smishing,when you,tfidf__when you,tfidf,0.0006301534890119618
smishing,your tone,tfidf__your tone,tfidf,0.0006294559377939299
smishing,phonetoken just,tfidf__phonetoken just,tfidf,0.0006291776974094204
smishing,units,tfidf__units,tfidf,0.0006279071359661626
smishing,fancies,tfidf__fancies,tfidf,0.0006243720769747929
smishing,fancies you,tfidf__fancies you,tfidf,0.0006243720769747929
smishing,to you,tfidf__to you,tfidf,0.0006225402970644467
smishing,bahamas callfreefone,tfidf__bahamas callfreefone,tfidf,0.0006225093632293907
smishing,bahamas cruise,tfidf__bahamas cruise,tfidf,0.0006225093632293907
smishing,callfreefone,tfidf__callfreefone,tfidf,0.0006225093632293907
smishing,callfreefone phonetoken,tfidf__callfreefone phonetoken,tfidf,0.0006225093632293907
smishing,cash 18,tfidf__cash 18,tfidf,0.0006225093632293907
smishing,cruise,tfidf__cruise,tfidf,0.0006225093632293907
smishing,cruise of,tfidf__cruise of,tfidf,0.0006225093632293907
smishing,either bahamas,tfidf__either bahamas,tfidf,0.0006225093632293907
smishing,of 2000,tfidf__of 2000,tfidf,0.0006225093632293907
smishing,reply or,tfidf__reply or,tfidf,0.0006224408472228839
smishing,place,tfidf__place,tfidf,0.0006222619603295498
smishing,to finish,tfidf__to finish,tfidf,0.0006220256460154003
smishing,enter,tfidf__enter,tfidf,0.0006191871601064692
smishing,sam,tfidf__sam,tfidf,0.0006163446720909036
smishing,ladies,tfidf__ladies,tfidf,0.0006161212659162792
smishing,deal,tfidf__deal,tfidf,0.0006148722455438301
smishing,just txt,tfidf__just txt,tfidf,0.0006089770425616217
smishing,tone ur,tfidf__tone ur,tfidf,0.0006089770425616217
smishing,important information,tfidf__important information,tfidf,0.000608749277689871
smishing,lucky day,tfidf__lucky day,tfidf,0.000608749277689871
smishing,out why,tfidf__out why,tfidf,0.000608749277689871
smishing,why log,tfidf__why log,tfidf,0.000608749277689871
smishing,any purpose,tfidf__any purpose,tfidf,0.0006084553200266921
smishing,purpose,tfidf__purpose,tfidf,0.0006084553200266921
smishing,pm,tfidf__pm,tfidf,0.000605932855685815
smishing,for your,tfidf__for your,tfidf,0.0006045139726183851
smishing,25p,tfidf__25p,tfidf,0.0006026288781946621
smishing,between,tfidf__between,tfidf,0.0006015124520508615
smishing,by someone,tfidf__by someone,tfidf,0.0006014561786037543
smishing,rply,tfidf__rply,tfidf,0.00060095103048489
smishing,11mths,tfidf__11mths,tfidf,0.000600424828158969
smishing,for any,tfidf__for any,tfidf,0.0005999591627665719
smishing,complete your,tfidf__complete your,tfidf,0.0005999583066177614
smishing,to collect,tfidf__to collect,tfidf,0.0005997898176270686
smishing,congratulations ur,tfidf__congratulations ur,tfidf,0.000599362920706112
smishing,to be,tfidf__to be,tfidf,0.0005984400494433266
smishing,last chance,tfidf__last chance,tfidf,0.0005982292054495022
smishing,rates,tfidf__rates,tfidf,0.0005976564876853141
smishing,wif,tfidf__wif,tfidf,0.0005976336988952754
smishing,conditions visit,tfidf__conditions visit,tfidf,0.0005954024155064853
smishing,message with,tfidf__message with,tfidf,0.0005954024155064853
smishing,messages by,tfidf__messages by,tfidf,0.0005954024155064853
smishing,word free,tfidf__word free,tfidf,0.0005954024155064853
smishing,sure,tfidf__sure,tfidf,0.0005953447857796882
smishing,polyphonic,tfidf__polyphonic,tfidf,0.0005920630944108491
smishing,already,tfidf__already,tfidf,0.0005918058134679426
smishing,cash prize,tfidf__cash prize,tfidf,0.000591336937749908
smishing,sub,tfidf__sub,tfidf,0.0005860993354781484
smishing,88888,tfidf__88888,tfidf,0.0005847531020496547
smishing,to 88888,tfidf__to 88888,tfidf,0.0005847531020496547
smishing,thats,tfidf__thats,tfidf,0.0005843568767480108
smishing,when you're,tfidf__when you're,tfidf,0.0005835194827678072
smishing,ph phonetoken,tfidf__ph phonetoken,tfidf,0.0005819114348744519
smishing,voucher,tfidf__voucher,tfidf,0.000579651787239128
smishing,anyone,tfidf__anyone,tfidf,0.0005779685924145304
smishing,xxx,tfidf__xxx,tfidf,0.0005772352200428235
smishing,date now,tfidf__date now,tfidf,0.0005707902806902995
smishing,16,tfidf__16,tfidf,0.0005692733087731841
smishing,any,tfidf__any,tfidf,0.0005674117951757707
smishing,mobile or,tfidf__mobile or,tfidf,0.0005662502864174617
smishing,our customer,tfidf__our customer,tfidf,0.0005643774238732788
smishing,800 un,tfidf__800 un,tfidf,0.0005594736418136812
smishing,shows 800,tfidf__shows 800,tfidf,0.0005594736418136812
smishing,of video,tfidf__of video,tfidf,0.0005561143562969631
smishing,no1,tfidf__no1,tfidf,0.0005520802333819665
smishing,he,tfidf__he,tfidf,0.0005499934701827166
smishing,visit urltoken,tfidf__visit urltoken,tfidf,0.0005479298664883532
smishing,camcorder reply,tfidf__camcorder reply,tfidf,0.0005463143796108122
smishing,apple id,tfidf__apple id,tfidf,0.0005461021496718647
smishing,txts,tfidf__txts,tfidf,0.0005450910273169385
smishing,haha,tfidf__haha,tfidf,0.0005424589509691213
smishing,now get,tfidf__now get,tfidf,0.0005410877397421649
smishing,activated,tfidf__activated,tfidf,0.000537531450555566
smishing,de activated,tfidf__de activated,tfidf,0.000537531450555566
smishing,msg reply,tfidf__msg reply,tfidf,0.0005375190235316918
smishing,within,tfidf__within,tfidf,0.0005371200864859453
smishing,28,tfidf__28,tfidf,0.000535996365137619
smishing,caller prize,tfidf__caller prize,tfidf,0.0005358142136402443
smishing,weeks,tfidf__weeks,tfidf,0.000532157794378191
smishing,your refund,tfidf__your refund,tfidf,0.0005315076558021438
smishing,stop txt,tfidf__stop txt,tfidf,0.0005309092842696562
smishing,recent,tfidf__recent,tfidf,0.0005309046589879701
smishing,uk,tfidf__uk,tfidf,0.0005283293225065853
smishing,29,tfidf__29,tfidf,0.0005282470548565421
smishing,shortly,tfidf__shortly,tfidf,0.000527069951597326
smishing,finally,tfidf__finally,tfidf,0.0005269327455215949
smishing,to emailtoken,tfidf__to emailtoken,tfidf,0.0005268559441091151
smishing,you constitute,tfidf__you constitute,tfidf,0.000526289259076021
smishing,actually,tfidf__actually,tfidf,0.0005252639040160587
smishing,had your,tfidf__had your,tfidf,0.0005248583143570502
smishing,only 150p,tfidf__only 150p,tfidf,0.0005200113354154383
smishing,from land,tfidf__from land,tfidf,0.000519587550676828
smishing,land line,tfidf__land line,tfidf,0.000519587550676828
smishing,urltoken the,tfidf__urltoken the,tfidf,0.0005195294540808885
smishing,this msg,tfidf__this msg,tfidf,0.0005193869339000749
smishing,arrive,tfidf__arrive,tfidf,0.0005192835031974014
smishing,member,tfidf__member,tfidf,0.0005192821359986969
smishing,50 should,tfidf__50 should,tfidf,0.0005191858915217534
smishing,arrive please,tfidf__arrive please,tfidf,0.0005191858915217534
smishing,not arrive,tfidf__not arrive,tfidf,0.0005191858915217534
smishing,ringtone order,tfidf__ringtone order,tfidf,0.0005191858915217534
smishing,should your,tfidf__should your,tfidf,0.0005191858915217534
smishing,tone not,tfidf__tone not,tfidf,0.0005191858915217534
smishing,your ringtone,tfidf__your ringtone,tfidf,0.0005191858915217534
smishing,20p,tfidf__20p,tfidf,0.0005191834338022945
smishing,ur mob,tfidf__ur mob,tfidf,0.0005190033168070695
smishing,share,tfidf__share,tfidf,0.0005167283455693068
smishing,feel,tfidf__feel,tfidf,0.0005166298975164312
smishing,welcome to,tfidf__welcome to,tfidf,0.000515687420863797
smishing,december,tfidf__december,tfidf,0.0005143890058409778
smishing,meant,tfidf__meant,tfidf,0.0005133275443396202
smishing,ingest been,tfidf__ingest been,tfidf,0.0005106798851871266
smishing,3g videophones,tfidf__3g videophones,tfidf,0.0005098955737831091
smishing,congrats mobile,tfidf__congrats mobile,tfidf,0.0005098955737831091
smishing,dload,tfidf__dload,tfidf,0.0005098955737831091
smishing,dload polyph,tfidf__dload polyph,tfidf,0.0005098955737831091
smishing,games dload,tfidf__games dload,tfidf,0.0005098955737831091
smishing,java,tfidf__java,tfidf,0.0005098955737831091
smishing,java games,tfidf__java games,tfidf,0.0005098955737831091
smishing,mobile 3g,tfidf__mobile 3g,tfidf,0.0005098955737831091
smishing,music noline,tfidf__music noline,tfidf,0.0005098955737831091
smishing,noline,tfidf__noline,tfidf,0.0005098955737831091
smishing,noline rentl,tfidf__noline rentl,tfidf,0.0005098955737831091
smishing,now videochat,tfidf__now videochat,tfidf,0.0005098955737831091
smishing,polyph,tfidf__polyph,tfidf,0.0005098955737831091
smishing,polyph music,tfidf__polyph music,tfidf,0.0005098955737831091
smishing,rentl,tfidf__rentl,tfidf,0.0005098955737831091
smishing,videochat,tfidf__videochat,tfidf,0.0005098955737831091
smishing,videochat wid,tfidf__videochat wid,tfidf,0.0005098955737831091
smishing,videophones,tfidf__videophones,tfidf,0.0005098955737831091
smishing,videophones yours,tfidf__videophones yours,tfidf,0.0005098955737831091
smishing,worry,tfidf__worry,tfidf,0.0005077205076162365
smishing,yourself,tfidf__yourself,tfidf,0.0005068853609150564
smishing,reply for,tfidf__reply for,tfidf,0.0005051072333563259
smishing,succeed,tfidf__succeed,tfidf,0.0005049046444563946
smishing,aight,tfidf__aight,tfidf,0.0005046236341415285
smishing,500 of,tfidf__500 of,tfidf,0.000503745728825775
smishing,87066 tncs,tfidf__87066 tncs,tfidf,0.000503745728825775
smishing,of cd,tfidf__of cd,tfidf,0.000503745728825775
smishing,tncs urltoken,tfidf__tncs urltoken,tfidf,0.000503745728825775
smishing,block,tfidf__block,tfidf,0.0005036392066077915
smishing,todays vodafone,tfidf__todays vodafone,tfidf,0.0005034760391839172
smishing,vodafone numbers,tfidf__vodafone numbers,tfidf,0.0005034760391839172
smishing,name to,tfidf__name to,tfidf,0.0005009239814343729
smishing,is easy,tfidf__is easy,tfidf,0.0005006422756549479
smishing,ref,tfidf__ref,tfidf,0.0005006232676348312
smishing,activate your,tfidf__activate your,tfidf,0.000498744632371685
smishing,message activate,tfidf__message activate,tfidf,0.000498744632371685
smishing,may,tfidf__may,tfidf,0.0004974907543054846
smishing,350 award,tfidf__350 award,tfidf,0.0004968362770765059
smishing,before,tfidf__before,tfidf,0.000495146377051563
smishing,conditions,tfidf__conditions,tfidf,0.0004912575121616709
smishing,it's,tfidf__it's,tfidf,0.0004906566013780786
smishing,store of,tfidf__store of,tfidf,0.000488212830250566
smishing,for phonetoken,tfidf__for phonetoken,tfidf,0.0004871459154130058
smishing,phonetoken shows,tfidf__phonetoken shows,tfidf,0.0004871459154130058
smishing,your area,tfidf__your area,tfidf,0.0004869696017191531
smishing,for 1st,tfidf__for 1st,tfidf,0.00048637603083568666
smishing,no1 nokia,tfidf__no1 nokia,tfidf,0.00048637603083568666
smishing,week no1,tfidf__week no1,tfidf,0.00048637603083568666
smishing,would,tfidf__would,tfidf,0.00048590191030016615
smishing,office,tfidf__office,tfidf,0.00048559768116528357
smishing,starts on,tfidf__starts on,tfidf,0.0004853410552964688
smishing,collect to,tfidf__collect to,tfidf,0.00048433351109536176
smishing,text shop,tfidf__text shop,tfidf,0.00048395193188260205
smishing,to go,tfidf__to go,tfidf,0.00048348939104843065
smishing,for shows,tfidf__for shows,tfidf,0.0004831213571952496
smishing,wait,tfidf__wait,tfidf,0.00048291200812525714
smishing,at you,tfidf__at you,tfidf,0.00048175527654240025
smishing,offer of,tfidf__offer of,tfidf,0.00048172339355972423
smishing,stay,tfidf__stay,tfidf,0.0004804670882968787
smishing,little,tfidf__little,tfidf,0.00048030391257946047
smishing,choice,tfidf__choice,tfidf,0.00047979248173381933
smishing,mms,tfidf__mms,tfidf,0.0004790972497991045
smishing,minutes,tfidf__minutes,tfidf,0.00047866263117540424
smishing,you should,tfidf__you should,tfidf,0.00047801236235032183
smishing,83355,tfidf__83355,tfidf,0.000475170477088611
smishing,ipod mp3,tfidf__ipod mp3,tfidf,0.000475170477088611
smishing,latest nokia,tfidf__latest nokia,tfidf,0.000475170477088611
smishing,mtmsgrcvd18,tfidf__mtmsgrcvd18,tfidf,0.000475170477088611
smishing,hot,tfidf__hot,tfidf,0.00047504065117160365
smishing,the very,tfidf__the very,tfidf,0.0004747436210974846
smishing,call2optout lf56,tfidf__call2optout lf56,tfidf,0.00047305654168230965
smishing,latest offers,tfidf__latest offers,tfidf,0.00047305654168230965
smishing,lf56,tfidf__lf56,tfidf,0.00047305654168230965
smishing,mobileupd8 for,tfidf__mobileupd8 for,tfidf,0.00047305654168230965
smishing,offers phonetoken,tfidf__offers phonetoken,tfidf,0.00047305654168230965
smishing,txt price,tfidf__txt price,tfidf,0.00047305654168230965
smishing,very latest,tfidf__very latest,tfidf,0.00047305654168230965
smishing,fa,tfidf__fa,tfidf,0.00047244733214457
smishing,nokia tone,tfidf__nokia tone,tfidf,0.0004718050681964334
smishing,store,tfidf__store,tfidf,0.00047157441769345686
smishing,ur area,tfidf__ur area,tfidf,0.0004712562976383412
smishing,who you,tfidf__who you,tfidf,0.0004709734145388306
smishing,in ur,tfidf__in ur,tfidf,0.0004704714392572227
smishing,charge help,tfidf__charge help,tfidf,0.0004701492828214693
smishing,credits pls,tfidf__credits pls,tfidf,0.0004701492828214693
smishing,extra charge,tfidf__extra charge,tfidf,0.0004701492828214693
smishing,no extra,tfidf__no extra,tfidf,0.0004701492828214693
smishing,stop no,tfidf__stop no,tfidf,0.0004701492828214693
smishing,text credits,tfidf__text credits,tfidf,0.0004701492828214693
smishing,unsubscribe with,tfidf__unsubscribe with,tfidf,0.0004701492828214693
smishing,urltoken login,tfidf__urltoken login,tfidf,0.0004701492828214693
smishing,with stop,tfidf__with stop,tfidf,0.0004701492828214693
smishing,claim is,tfidf__claim is,tfidf,0.00047002197884272014
smishing,unable,tfidf__unable,tfidf,0.0004686568789600853
smishing,unable to,tfidf__unable to,tfidf,0.0004686568789600853
smishing,11,tfidf__11,tfidf,0.0004684399667679114
smishing,da,tfidf__da,tfidf,0.00046790792026566276
smishing,todays,tfidf__todays,tfidf,0.00046784244299180464
smishing,out txt,tfidf__out txt,tfidf,0.0004672003877938791
smishing,etc,tfidf__etc,tfidf,0.0004658754828661112
smishing,alerts,tfidf__alerts,tfidf,0.0004652287342241367
smishing,old,tfidf__old,tfidf,0.00046358698685692847
smishing,around,tfidf__around,tfidf,0.00046263759796811465
smishing,mp3 player,tfidf__mp3 player,tfidf,0.0004617255901320159
smishing,we experience,tfidf__we experience,tfidf,0.0004611239929497232
smishing,going bahamas,tfidf__going bahamas,tfidf,0.00046105798491629497
smishing,ur going,tfidf__ur going,tfidf,0.00046105798491629497
smishing,k718,tfidf__k718,tfidf,0.00046096688326643925
smishing,k718 your,tfidf__k718 your,tfidf,0.00046096688326643925
smishing,number k718,tfidf__number k718,tfidf,0.00046096688326643925
smishing,order ref,tfidf__order ref,tfidf,0.00046096688326643925
smishing,ref number,tfidf__ref number,tfidf,0.00046096688326643925
smishing,services on,tfidf__services on,tfidf,0.00046096688326643925
smishing,hear,tfidf__hear,tfidf,0.00046064232225416957
smishing,town,tfidf__town,tfidf,0.00045938336410086724
smishing,name,tfidf__name,tfidf,0.0004588654585196765
smishing,and speak,tfidf__and speak,tfidf,0.0004553658028373898
smishing,better,tfidf__better,tfidf,0.00045527806538120516
smishing,08712400602450p,tfidf__08712400602450p,tfidf,0.000454857678949242
smishing,61610,tfidf__61610,tfidf,0.000454857678949242
smishing,61610 to,tfidf__61610 to,tfidf,0.000454857678949242
smishing,by urltoken,tfidf__by urltoken,tfidf,0.000454857678949242
smishing,content text,tfidf__content text,tfidf,0.000454857678949242
smishing,help 08712400602450p,tfidf__help 08712400602450p,tfidf,0.000454857678949242
smishing,new content,tfidf__new content,tfidf,0.000454857678949242
smishing,to 61610,tfidf__to 61610,tfidf,0.000454857678949242
smishing,unsubscribe help,tfidf__unsubscribe help,tfidf,0.000454857678949242
smishing,your new,tfidf__your new,tfidf,0.000454857678949242
smishing,collect yours,tfidf__collect yours,tfidf,0.00045442097426267924
smishing,paytm office,tfidf__paytm office,tfidf,0.0004535970904835035
smishing,11mths you,tfidf__11mths you,tfidf,0.00045355433134832817
smishing,mobile 11mths,tfidf__mobile 11mths,tfidf,0.00045355433134832817
smishing,cum,tfidf__cum,tfidf,0.0004534824338104459
smishing,co free,tfidf__co free,tfidf,0.00045230954331186736
smishing,fancy,tfidf__fancy,tfidf,0.00045192791030437054
smishing,replying to,tfidf__replying to,tfidf,0.00045094571340201385
smishing,mates play,tfidf__mates play,tfidf,0.0004495211432682648
smishing,play java,tfidf__play java,tfidf,0.0004495211432682648
smishing,fuck,tfidf__fuck,tfidf,0.00044915431580408303
smishing,though,tfidf__though,tfidf,0.00044865949161131753
smishing,right now,tfidf__right now,tfidf,0.0004485921975211281
smishing,latest news,tfidf__latest news,tfidf,0.00044767580116953927
smishing,you experience,tfidf__you experience,tfidf,0.0004456242766388565
smishing,embody specially,tfidf__embody specially,tfidf,0.00044519408334936663
smishing,remove,tfidf__remove,tfidf,0.00044512508095198333
smishing,24,tfidf__24,tfidf,0.0004434472616069989
smishing,after sometime,tfidf__after sometime,tfidf,0.00044234475246373976
smishing,amount after,tfidf__amount after,tfidf,0.00044234475246373976
smishing,kyc paytm,tfidf__kyc paytm,tfidf,0.00044234475246373976
smishing,paytm amount,tfidf__paytm amount,tfidf,0.00044234475246373976
smishing,sometime complete,tfidf__sometime complete,tfidf,0.00044234475246373976
smishing,ur,tfidf__ur,tfidf,0.0004419684813834105
smishing,ipod,tfidf__ipod,tfidf,0.0004414092628427438
smishing,queries,tfidf__queries,tfidf,0.00043840617543948105
smishing,your apple,tfidf__your apple,tfidf,0.00043803415627956455
smishing,cash balance,tfidf__cash balance,tfidf,0.00043721705764540895
smishing,currently 500,tfidf__currently 500,tfidf,0.00043721705764540895
smishing,in now,tfidf__in now,tfidf,0.00043721705764540895
smishing,make,tfidf__make,tfidf,0.0004369151077574547
smishing,messages,tfidf__messages,tfidf,0.0004365916360037178
smishing,match please,tfidf__match please,tfidf,0.0004365915487033563
smishing,standard rates,tfidf__standard rates,tfidf,0.0004365915487033563
smishing,dvd,tfidf__dvd,tfidf,0.00043581142386750433
smishing,tried,tfidf__tried,tfidf,0.0004351545623292334
smishing,urgent please,tfidf__urgent please,tfidf,0.00043450937093488705
smishing,when,tfidf__when,tfidf,0.00043323224324891746
smishing,for terms,tfidf__for terms,tfidf,0.00043294562224920703
smishing,all free,tfidf__all free,tfidf,0.0004325205243738216
smishing,etc all,tfidf__etc all,tfidf,0.0004325205243738216
smishing,cash in,tfidf__cash in,tfidf,0.0004324077649552802
smishing,address,tfidf__address,tfidf,0.0004303330457565927
smishing,line rental,tfidf__line rental,tfidf,0.0004285443927641562
smishing,you possess,tfidf__you possess,tfidf,0.00042810164821615275
smishing,probably,tfidf__probably,tfidf,0.00042741994418921326
smishing,currently,tfidf__currently,tfidf,0.0004270288312346991
smishing,went,tfidf__went,tfidf,0.0004269796689476966
smishing,late,tfidf__late,tfidf,0.0004254481957704154
smishing,zed,tfidf__zed,tfidf,0.0004254152884550743
smishing,system upgrade,tfidf__system upgrade,tfidf,0.00042538766200665164
smishing,upgrade your,tfidf__upgrade your,tfidf,0.00042538766200665164
smishing,login,tfidf__login,tfidf,0.00042466466253013145
smishing,paris,tfidf__paris,tfidf,0.0004243412322335265
smishing,natalja,tfidf__natalja,tfidf,0.0004236347038098216
smishing,natalja 25,tfidf__natalja 25,tfidf,0.0004236347038098216
smishing,home,tfidf__home,tfidf,0.0004225300212985744
smishing,called,tfidf__called,tfidf,0.00042131969526296165
smishing,meet you,tfidf__meet you,tfidf,0.00042130734062705716
smishing,sae,tfidf__sae,tfidf,0.0004212787207780972
smishing,sometime,tfidf__sometime,tfidf,0.00041837941279808947
smishing,these,tfidf__these,tfidf,0.0004170570144792927
smishing,min stop,tfidf__min stop,tfidf,0.00041694004304895137
smishing,ts,tfidf__ts,tfidf,0.00041687025592523756
smishing,ts cs,tfidf__ts cs,tfidf,0.00041687025592523756
smishing,run,tfidf__run,tfidf,0.0004165600523274519
smishing,your mob,tfidf__your mob,tfidf,0.00041581896019577346
smishing,go urltoken,tfidf__go urltoken,tfidf,0.00041365758826694476
smishing,half price,tfidf__half price,tfidf,0.0004135276203817022
smishing,txtauction,tfidf__txtauction,tfidf,0.0004120004350800078
smishing,of ur,tfidf__of ur,tfidf,0.0004119824586685299
smishing,our offer,tfidf__our offer,tfidf,0.00041140753243028224
smishing,call to,tfidf__call to,tfidf,0.00040930137344353363
smishing,sexy,tfidf__sexy,tfidf,0.00040857847206984187
smishing,1st wk,tfidf__1st wk,tfidf,0.00040362620494949935
smishing,wk free,tfidf__wk free,tfidf,0.00040362620494949935
smishing,kinda,tfidf__kinda,tfidf,0.0004031703439358017
smishing,mobile 11,tfidf__mobile 11,tfidf,0.0004012565420232103
smishing,10,tfidf__10,tfidf,0.0004010816375711203
smishing,inclusive text,tfidf__inclusive text,tfidf,0.00040036908306852713
smishing,services for,tfidf__services for,tfidf,0.00040036908306852713
smishing,sms services,tfidf__sms services,tfidf,0.00040036908306852713
smishing,your inclusive,tfidf__your inclusive,tfidf,0.00040036908306852713
smishing,hold your,tfidf__hold your,tfidf,0.0004002901808911881
smishing,12hrs,tfidf__12hrs,tfidf,0.0004001287219093916
smishing,valid 12hrs,tfidf__valid 12hrs,tfidf,0.0004001287219093916
smishing,forwarded,tfidf__forwarded,tfidf,0.00039614403620441395
smishing,terms,tfidf__terms,tfidf,0.00039464110075627517
smishing,by replying,tfidf__by replying,tfidf,0.0003923769715171985
smishing,replying,tfidf__replying,tfidf,0.0003923769715171985
smishing,mins unlimited,tfidf__mins unlimited,tfidf,0.00039180937872585777
smishing,unlimited text,tfidf__unlimited text,tfidf,0.00039180937872585777
smishing,until,tfidf__until,tfidf,0.00039128878051549186
smishing,your reply,tfidf__your reply,tfidf,0.00039034593217065415
smishing,on to,tfidf__on to,tfidf,0.0003900694821043182
smishing,care,tfidf__care,tfidf,0.0003881669926764448
smishing,who is,tfidf__who is,tfidf,0.0003881394813078729
smishing,street,tfidf__street,tfidf,0.00038810643987640314
smishing,you call,tfidf__you call,tfidf,0.0003876994844994711
smishing,december only,tfidf__december only,tfidf,0.0003866140270836357
smishing,we will,tfidf__we will,tfidf,0.00038570450228897436
smishing,xx,tfidf__xx,tfidf,0.00038466037306651057
smishing,will exist,tfidf__will exist,tfidf,0.00038464341858369407
smishing,mobile update,tfidf__mobile update,tfidf,0.00038343525392233173
smishing,content,tfidf__content,tfidf,0.00038296355001069866
smishing,call on,tfidf__call on,tfidf,0.00038056876370339064
smishing,survey,tfidf__survey,tfidf,0.00037908765725537774
smishing,phonetoken at,tfidf__phonetoken at,tfidf,0.0003762186018171263
smishing,complete,tfidf__complete,tfidf,0.0003748864290379368
smishing,000 bonus,tfidf__000 bonus,tfidf,0.00037424831736107366
smishing,to my,tfidf__to my,tfidf,0.0003733503854073806
smishing,free ringtone,tfidf__free ringtone,tfidf,0.00037323006128617536
smishing,have been,tfidf__have been,tfidf,0.00037225972107703755
smishing,box,tfidf__box,tfidf,0.00037196570969289503
smishing,datebox1282essexcm61xn,tfidf__datebox1282essexcm61xn,tfidf,0.0003705161182493511
smishing,datebox1282essexcm61xn 150p,tfidf__datebox1282essexcm61xn 150p,tfidf,0.0003705161182493511
smishing,guess what,tfidf__guess what,tfidf,0.0003705161182493511
smishing,is give,tfidf__is give,tfidf,0.0003705161182493511
smishing,landline datebox1282essexcm61xn,tfidf__landline datebox1282essexcm61xn,tfidf,0.0003705161182493511
smishing,secretly,tfidf__secretly,tfidf,0.0003705161182493511
smishing,secretly fancies,tfidf__secretly fancies,tfidf,0.0003705161182493511
smishing,somebody you,tfidf__somebody you,tfidf,0.0003705161182493511
smishing,us call,tfidf__us call,tfidf,0.0003705161182493511
smishing,what somebody,tfidf__what somebody,tfidf,0.0003705161182493511
smishing,entry in,tfidf__entry in,tfidf,0.0003704698779749472
smishing,credit,tfidf__credit,tfidf,0.0003698898055921582
smishing,chat,tfidf__chat,tfidf,0.0003696325383948304
smishing,the mobile,tfidf__the mobile,tfidf,0.00036883561816174404
smishing,local,tfidf__local,tfidf,0.00036867440717507175
smishing,long,tfidf__long,tfidf,0.0003686618407620961
smishing,car,tfidf__car,tfidf,0.0003677036098753693
smishing,player,tfidf__player,tfidf,0.00036723658971289
smishing,received,tfidf__received,tfidf,0.0003664189653335982
smishing,86688 more,tfidf__86688 more,tfidf,0.0003650904624681614
smishing,bonus special,tfidf__bonus special,tfidf,0.0003650904624681614
smishing,genuine,tfidf__genuine,tfidf,0.0003650904624681614
smishing,genuine hmv,tfidf__genuine hmv,tfidf,0.0003650904624681614
smishing,hmv bonus,tfidf__hmv bonus,tfidf,0.0003650904624681614
smishing,hmv to,tfidf__hmv to,tfidf,0.0003650904624681614
smishing,hmv vouchers,tfidf__hmv vouchers,tfidf,0.0003650904624681614
smishing,info urltoken,tfidf__info urltoken,tfidf,0.0003650904624681614
smishing,of genuine,tfidf__of genuine,tfidf,0.0003650904624681614
smishing,pounds of,tfidf__pounds of,tfidf,0.0003650904624681614
smishing,send hmv,tfidf__send hmv,tfidf,0.0003650904624681614
smishing,special 500,tfidf__special 500,tfidf,0.0003650904624681614
smishing,vouchers to,tfidf__vouchers to,tfidf,0.0003650904624681614
smishing,this be,tfidf__this be,tfidf,0.0003648788536553614
smishing,delivery tomorrow,tfidf__delivery tomorrow,tfidf,0.00036459634904788805
smishing,call the,tfidf__call the,tfidf,0.0003645000357637235
smishing,girls,tfidf__girls,tfidf,0.0003641816322171053
smishing,enjoyed,tfidf__enjoyed,tfidf,0.00036263902920930077
smishing,you enjoyed,tfidf__you enjoyed,tfidf,0.00036263902920930077
smishing,land,tfidf__land,tfidf,0.0003622064479318561
smishing,number has,tfidf__number has,tfidf,0.00036212256771623187
smishing,fine,tfidf__fine,tfidf,0.0003616621079461663
smishing,balance is,tfidf__balance is,tfidf,0.00036014816286786684
smishing,from the,tfidf__from the,tfidf,0.00036008292248986186
smishing,savamob,tfidf__savamob,tfidf,0.00035905501508043473
smishing,txt nokia,tfidf__txt nokia,tfidf,0.00035862125480077016
smishing,to exist,tfidf__to exist,tfidf,0.0003566129436938995
smishing,delivery within,tfidf__delivery within,tfidf,0.0003565954400562972
smishing,landline delivery,tfidf__landline delivery,tfidf,0.0003565954400562972
smishing,sipix,tfidf__sipix,tfidf,0.0003565954400562972
smishing,sipix digital,tfidf__sipix digital,tfidf,0.0003565954400562972
smishing,app,tfidf__app,tfidf,0.0003564477922222623
smishing,25,tfidf__25,tfidf,0.000355303837487912
smishing,subscribed,tfidf__subscribed,tfidf,0.00035349019239778274
smishing,haven't,tfidf__haven't,tfidf,0.00035344683673881955
smishing,just 25p,tfidf__just 25p,tfidf,0.0003532636057971221
smishing,down,tfidf__down,tfidf,0.0003508936992078595
smishing,2003,tfidf__2003,tfidf,0.00035067591394357214
smishing,2003 account,tfidf__2003 account,tfidf,0.00035067591394357214
smishing,your 2003,tfidf__your 2003,tfidf,0.00035067591394357214
smishing,of me,tfidf__of me,tfidf,0.00035041348638643985
smishing,world,tfidf__world,tfidf,0.00034889310578549925
smishing,po box,tfidf__po box,tfidf,0.00034675141693164715
smishing,2optout,tfidf__2optout,tfidf,0.00034639701064501625
smishing,can you,tfidf__can you,tfidf,0.00034492859041556126
smishing,lol,tfidf__lol,tfidf,0.00034416796142627446
smishing,latest colour,tfidf__latest colour,tfidf,0.0003441051327656572
smishing,the new,tfidf__the new,tfidf,0.0003426954216155665
smishing,address and,tfidf__address and,tfidf,0.000342584010850749
smishing,representative,tfidf__representative,tfidf,0.0003423854151434862
smishing,representative on,tfidf__representative on,tfidf,0.0003423854151434862
smishing,service representative,tfidf__service representative,tfidf,0.0003423854151434862
smishing,phonetoken you,tfidf__phonetoken you,tfidf,0.0003417279864594187
smishing,plots,tfidf__plots,tfidf,0.00034067810736594883
smishing,lar,tfidf__lar,tfidf,0.00034051912040363786
smishing,big,tfidf__big,tfidf,0.0003397887793858425
smishing,hello,tfidf__hello,tfidf,0.00033892612015777465
smishing,2005,tfidf__2005,tfidf,0.00033855730055749634
smishing,enjoyed your,tfidf__enjoyed your,tfidf,0.0003384203335173631
smishing,86688 only,tfidf__86688 only,tfidf,0.00033838744449622704
smishing,police,tfidf__police,tfidf,0.0003382178187606236
smishing,phonetoken between,tfidf__phonetoken between,tfidf,0.000337951399130875
smishing,phonetoken quoting,tfidf__phonetoken quoting,tfidf,0.00033734041055092425
smishing,quoting,tfidf__quoting,tfidf,0.00033734041055092425
smishing,quoting claim,tfidf__quoting claim,tfidf,0.00033734041055092425
smishing,11 04,tfidf__11 04,tfidf,0.0003371480606296841
smishing,someone,tfidf__someone,tfidf,0.00033688707723461753
smishing,cc,tfidf__cc,tfidf,0.00033665344571689706
smishing,cc phonetoken,tfidf__cc phonetoken,tfidf,0.00033665344571689706
smishing,msg cc,tfidf__msg cc,tfidf,0.00033665344571689706
smishing,pounds to,tfidf__pounds to,tfidf,0.00033665344571689706
smishing,select,tfidf__select,tfidf,0.0003358754696402349
smishing,or poly,tfidf__or poly,tfidf,0.00033563969717197184
smishing,activate call,tfidf__activate call,tfidf,0.0003351381079802274
smishing,7pm cost,tfidf__7pm cost,tfidf,0.00033485231512182025
smishing,cost 10p,tfidf__cost 10p,tfidf,0.00033485231512182025
smishing,you wanna,tfidf__you wanna,tfidf,0.00033477679884098474
smishing,embody winner,tfidf__embody winner,tfidf,0.00033476612959945705
smishing,latest camera,tfidf__latest camera,tfidf,0.0003343046522816486
smishing,linerental,tfidf__linerental,tfidf,0.00033366942963626155
smishing,forget,tfidf__forget,tfidf,0.0003334765746154939
smishing,who cerebrate,tfidf__who cerebrate,tfidf,0.00033114404916802817
smishing,recently,tfidf__recently,tfidf,0.00033040539173666555
smishing,your picture,tfidf__your picture,tfidf,0.0003302041429128059
smishing,protect,tfidf__protect,tfidf,0.00032954105408922304
smishing,yes for,tfidf__yes for,tfidf,0.0003282710595834852
smishing,you still,tfidf__you still,tfidf,0.0003282299944920323
smishing,our 100,tfidf__our 100,tfidf,0.0003277627346059674
smishing,sp,tfidf__sp,tfidf,0.0003276624384572727
smishing,only from,tfidf__only from,tfidf,0.00032732403054107817
smishing,need you,tfidf__need you,tfidf,0.000326730635159061
smishing,had,tfidf__had,tfidf,0.0003267137732030191
smishing,it but,tfidf__it but,tfidf,0.00032585764959919267
smishing,is free,tfidf__is free,tfidf,0.0003253012896147002
smishing,ingest embody,tfidf__ingest embody,tfidf,0.00032509771886609897
smishing,you know,tfidf__you know,tfidf,0.0003244923195490553
smishing,7pm,tfidf__7pm,tfidf,0.00032373670535210103
smishing,somebody,tfidf__somebody,tfidf,0.00032337640925564343
smishing,details,tfidf__details,tfidf,0.00032222803523275175
smishing,special,tfidf__special,tfidf,0.00032222501582211015
smishing,how are,tfidf__how are,tfidf,0.00032221035907932445
smishing,give us,tfidf__give us,tfidf,0.00032154207043671784
smishing,2nd attempt,tfidf__2nd attempt,tfidf,0.00032004474493234857
smishing,100 free,tfidf__100 free,tfidf,0.00031993907171574466
smishing,delhi,tfidf__delhi,tfidf,0.0003194136151309834
smishing,orange line,tfidf__orange line,tfidf,0.0003191077257289711
smishing,price orange,tfidf__price orange,tfidf,0.0003191077257289711
smishing,prize call,tfidf__prize call,tfidf,0.00031910260679668824
smishing,to meet,tfidf__to meet,tfidf,0.0003186554865047464
smishing,3qxj9,tfidf__3qxj9,tfidf,0.0003174040779961002
smishing,3qxj9 unsubscribe,tfidf__3qxj9 unsubscribe,tfidf,0.0003174040779961002
smishing,9ae,tfidf__9ae,tfidf,0.0003174040779961002
smishing,login 3qxj9,tfidf__login 3qxj9,tfidf,0.0003174040779961002
smishing,information orange,tfidf__information orange,tfidf,0.0003159852036355966
smishing,orange user,tfidf__orange user,tfidf,0.0003159852036355966
smishing,cerebrate,tfidf__cerebrate,tfidf,0.00031548590656820896
smishing,settings,tfidf__settings,tfidf,0.0003152489366772744
smishing,gbp,tfidf__gbp,tfidf,0.000314949406598635
smishing,uk's,tfidf__uk's,tfidf,0.00031492085747756606
smishing,12hrs only,tfidf__12hrs only,tfidf,0.00031414682101847473
smishing,wid your,tfidf__wid your,tfidf,0.00031405075629364914
smishing,your mates,tfidf__your mates,tfidf,0.00031405075629364914
smishing,03,tfidf__03,tfidf,0.0003113436663697232
smishing,wit,tfidf__wit,tfidf,0.0003112609136971341
smishing,to update,tfidf__to update,tfidf,0.00030957264489045553
smishing,bonus prize,tfidf__bonus prize,tfidf,0.0003091065382242609
smishing,valued customer,tfidf__valued customer,tfidf,0.0003091065382242609
smishing,urltoken stop,tfidf__urltoken stop,tfidf,0.0003082311892154722
smishing,ingest secret,tfidf__ingest secret,tfidf,0.00030799384271727243
smishing,cheap,tfidf__cheap,tfidf,0.0003079747681106572
smishing,call2optout,tfidf__call2optout,tfidf,0.0003072879493109078
smishing,or call2optout,tfidf__or call2optout,tfidf,0.0003072879493109078
smishing,your 500,tfidf__your 500,tfidf,0.00030715438108971655
smishing,guys,tfidf__guys,tfidf,0.00030419796258785895
smishing,price call,tfidf__price call,tfidf,0.0003035629691588743
smishing,the word,tfidf__the word,tfidf,0.0003023824080619689
smishing,msg is,tfidf__msg is,tfidf,0.0003009754847760001
smishing,fantasies,tfidf__fantasies,tfidf,0.000300753225586432
smishing,customer your,tfidf__customer your,tfidf,0.00030034929963032695
smishing,announcement,tfidf__announcement,tfidf,0.00030027213410127265
smishing,service announcement,tfidf__service announcement,tfidf,0.00030027213410127265
smishing,customer services,tfidf__customer services,tfidf,0.00029975867815230033
smishing,means,tfidf__means,tfidf,0.0002994853501073196
smishing,prevent,tfidf__prevent,tfidf,0.0002967565458978656
smishing,picture,tfidf__picture,tfidf,0.00029549040668427526
smishing,click here,tfidf__click here,tfidf,0.0002953841770628036
smishing,cant,tfidf__cant,tfidf,0.0002948233972463536
smishing,cerebrate ur,tfidf__cerebrate ur,tfidf,0.00029346703429037046
smishing,successfully,tfidf__successfully,tfidf,0.000292672675063051
smishing,said,tfidf__said,tfidf,0.00029261485110595
smishing,18 only,tfidf__18 only,tfidf,0.0002922826490194556
smishing,having,tfidf__having,tfidf,0.0002922205971917385
smishing,to bring,tfidf__to bring,tfidf,0.00029173058162892707
smishing,frnd,tfidf__frnd,tfidf,0.00029108097873798284
smishing,you've,tfidf__you've,tfidf,0.00029026162280426654
smishing,more info,tfidf__more info,tfidf,0.000289763699310094
smishing,told,tfidf__told,tfidf,0.0002895153495220173
smishing,of your,tfidf__of your,tfidf,0.000288126856959813
smishing,free minutes,tfidf__free minutes,tfidf,0.0002878664503646888
smishing,minutes to,tfidf__minutes to,tfidf,0.0002878664503646888
smishing,king,tfidf__king,tfidf,0.0002875851245543012
smishing,will hold,tfidf__will hold,tfidf,0.0002864668918233479
smishing,experience been,tfidf__experience been,tfidf,0.00028606108420049374
smishing,yell phonetoken,tfidf__yell phonetoken,tfidf,0.00028597836635461477
smishing,14,tfidf__14,tfidf,0.0002855370687837112
smishing,10 04,tfidf__10 04,tfidf,0.00028540697347694894
smishing,per week,tfidf__per week,tfidf,0.0002845656573305482
smishing,soon,tfidf__soon,tfidf,0.0002841248743273553
smishing,ingest won,tfidf__ingest won,tfidf,0.0002839608130800545
smishing,press,tfidf__press,tfidf,0.00028306355601844413
smishing,polys,tfidf__polys,tfidf,0.0002821381743021038
smishing,exit,tfidf__exit,tfidf,0.00028201044039434015
smishing,yell,tfidf__yell,tfidf,0.0002811918822297643
smishing,baby,tfidf__baby,tfidf,0.00027971029170853603
smishing,beware,tfidf__beware,tfidf,0.00027957965466978584
smishing,lives,tfidf__lives,tfidf,0.00027893434123348217
smishing,word,tfidf__word,tfidf,0.00027879736322850165
smishing,mobile no,tfidf__mobile no,tfidf,0.0002779747294612126
smishing,tell ur,tfidf__tell ur,tfidf,0.0002772167158257704
smishing,in to,tfidf__in to,tfidf,0.00027716165503440145
smishing,answer to,tfidf__answer to,tfidf,0.00027715356064129736
smishing,you get,tfidf__you get,tfidf,0.0002769631478963257
smishing,know when,tfidf__know when,tfidf,0.00027690495174797195
smishing,or 2000,tfidf__or 2000,tfidf,0.0002764933672506923
smishing,reply date,tfidf__reply date,tfidf,0.0002763637949871058
smishing,talk,tfidf__talk,tfidf,0.0002759498124486483
smishing,today is,tfidf__today is,tfidf,0.00027589760970041656
smishing,maximize,tfidf__maximize,tfidf,0.000275752175431477
smishing,maximize ur,tfidf__maximize ur,tfidf,0.000275752175431477
smishing,to maximize,tfidf__to maximize,tfidf,0.000275752175431477
smishing,like to,tfidf__like to,tfidf,0.0002753524586872522
smishing,hide,tfidf__hide,tfidf,0.0002741143657735059
smishing,25p free,tfidf__25p free,tfidf,0.00027347998831022096
smishing,89693,tfidf__89693,tfidf,0.00027347998831022096
smishing,area just,tfidf__area just,tfidf,0.00027347998831022096
smishing,free receive,tfidf__free receive,tfidf,0.00027347998831022096
smishing,guys in,tfidf__guys in,tfidf,0.00027347998831022096
smishing,new textbuddy,tfidf__new textbuddy,tfidf,0.00027347998831022096
smishing,one name,tfidf__one name,tfidf,0.00027347998831022096
smishing,or at,tfidf__or at,tfidf,0.00027347998831022096
smishing,postcode or,tfidf__postcode or,tfidf,0.00027347998831022096
smishing,receive search,tfidf__receive search,tfidf,0.00027347998831022096
smishing,search postcode,tfidf__search postcode,tfidf,0.00027347998831022096
smishing,textbuddy,tfidf__textbuddy,tfidf,0.00027347998831022096
smishing,textbuddy chat,tfidf__textbuddy chat,tfidf,0.00027347998831022096
smishing,to 89693,tfidf__to 89693,tfidf,0.00027347998831022096
smishing,txt one,tfidf__txt one,tfidf,0.00027347998831022096
smishing,have an,tfidf__have an,tfidf,0.00027302846383502906
smishing,comp,tfidf__comp,tfidf,0.00027274283865407113
smishing,yet,tfidf__yet,tfidf,0.00027064445993171875
smishing,need new,tfidf__need new,tfidf,0.00027058629578466663
smishing,goes,tfidf__goes,tfidf,0.0002699457968191039
smishing,tot,tfidf__tot,tfidf,0.0002698827611535366
smishing,locations,tfidf__locations,tfidf,0.0002684943504583643
smishing,school,tfidf__school,tfidf,0.00026789653978691324
smishing,nights,tfidf__nights,tfidf,0.00026709404715598913
smishing,postcode,tfidf__postcode,tfidf,0.00026662512515527817
smishing,asked,tfidf__asked,tfidf,0.0002659189383722346
smishing,free camera,tfidf__free camera,tfidf,0.00026568811874548527
smishing,most,tfidf__most,tfidf,0.0002647944455596125
smishing,urltoken you,tfidf__urltoken you,tfidf,0.0002647080461165918
smishing,reply real,tfidf__reply real,tfidf,0.00026453179798843155
smishing,since,tfidf__since,tfidf,0.0002640137407281838
smishing,registration,tfidf__registration,tfidf,0.00026383050941125623
smishing,wan,tfidf__wan,tfidf,0.0002637424616884886
smishing,10am,tfidf__10am,tfidf,0.00026291388835178805
smishing,between 10am,tfidf__between 10am,tfidf,0.00026291388835178805
smishing,process,tfidf__process,tfidf,0.00026262511743248816
smishing,even,tfidf__even,tfidf,0.00026229761585206074
smishing,missed,tfidf__missed,tfidf,0.0002620406543803386
smishing,to contact,tfidf__to contact,tfidf,0.00026176740320629034
smishing,person,tfidf__person,tfidf,0.00026096270091863325
smishing,wanna,tfidf__wanna,tfidf,0.0002608745020517079
smishing,out of,tfidf__out of,tfidf,0.0002599383363369851
smishing,more tones,tfidf__more tones,tfidf,0.0002596352540488633
smishing,is looking,tfidf__is looking,tfidf,0.0002595579653808365
smishing,mates,tfidf__mates,tfidf,0.00025919852384584613
smishing,recent review,tfidf__recent review,tfidf,0.0002585961932911854
smishing,review of,tfidf__review of,tfidf,0.0002585961932911854
smishing,this embody,tfidf__this embody,tfidf,0.00025717733064698086
smishing,ls15hb,tfidf__ls15hb,tfidf,0.00025708792892010953
smishing,ls15hb 150p,tfidf__ls15hb 150p,tfidf,0.00025708792892010953
smishing,pobox ls15hb,tfidf__pobox ls15hb,tfidf,0.00025708792892010953
smishing,that fancies,tfidf__that fancies,tfidf,0.00025708792892010953
smishing,who pobox,tfidf__who pobox,tfidf,0.00025708792892010953
smishing,21st,tfidf__21st,tfidf,0.00025679673647353027
smishing,nokia on,tfidf__nokia on,tfidf,0.0002559331483371482
smishing,you can,tfidf__you can,tfidf,0.00025548012734512505
smishing,our computer,tfidf__our computer,tfidf,0.00025500543831300735
smishing,lot,tfidf__lot,tfidf,0.00025495318104005457
smishing,embody selected,tfidf__embody selected,tfidf,0.0002547657544077124
smishing,know to,tfidf__know to,tfidf,0.00025461828988410025
smishing,service by,tfidf__service by,tfidf,0.00025461828988410025
smishing,someone you,tfidf__someone you,tfidf,0.00025461828988410025
smishing,await,tfidf__await,tfidf,0.00025444868939950396
smishing,of cds,tfidf__of cds,tfidf,0.0002541081913475478
smishing,supply,tfidf__supply,tfidf,0.0002541081913475478
smishing,supply of,tfidf__supply of,tfidf,0.0002541081913475478
smishing,cs apply,tfidf__cs apply,tfidf,0.000253725982318938
smishing,sent you,tfidf__sent you,tfidf,0.0002532956954617885
smishing,someone who,tfidf__someone who,tfidf,0.0002525549167399697
smishing,half,tfidf__half,tfidf,0.0002522204526059093
smishing,send subpoly,tfidf__send subpoly,tfidf,0.0002511773951666169
smishing,to weekly,tfidf__to weekly,tfidf,0.0002511773951666169
smishing,week stop,tfidf__week stop,tfidf,0.0002511773951666169
smishing,weekly ringtone,tfidf__weekly ringtone,tfidf,0.0002511773951666169
smishing,dating service,tfidf__dating service,tfidf,0.0002495527815012839
smishing,as you,tfidf__as you,tfidf,0.00024953026399854615
smishing,urltoken for,tfidf__urltoken for,tfidf,0.000249520932039406
smishing,no to,tfidf__no to,tfidf,0.00024919592342987837
smishing,left,tfidf__left,tfidf,0.0002491776683526935
smishing,you don't,tfidf__you don't,tfidf,0.0002488914952158251
smishing,w1,tfidf__w1,tfidf,0.0002482756122379333
smishing,it to,tfidf__it to,tfidf,0.00024696713387593297
smishing,for you,tfidf__for you,tfidf,0.0002462347433645417
smishing,by our,tfidf__by our,tfidf,0.0002459389809223451
smishing,movie,tfidf__movie,tfidf,0.0002458981783769672
smishing,the last,tfidf__the last,tfidf,0.0002456868248852937
smishing,you re,tfidf__you re,tfidf,0.0002451864144540449
smishing,comes,tfidf__comes,tfidf,0.0002442210026375388
smishing,phonetoken po,tfidf__phonetoken po,tfidf,0.00024329288844699234
smishing,everyone,tfidf__everyone,tfidf,0.00024280583400562982
smishing,get when,tfidf__get when,tfidf,0.00024261541233617002
smishing,other,tfidf__other,tfidf,0.00024230568748706495
smishing,direct,tfidf__direct,tfidf,0.0002420430026366185
smishing,you in,tfidf__you in,tfidf,0.00024135181455053068
smishing,subscription,tfidf__subscription,tfidf,0.00024008633394243008
smishing,that you,tfidf__that you,tfidf,0.0002400542614521476
smishing,now or,tfidf__now or,tfidf,0.00023968064269376025
smishing,bid you,tfidf__bid you,tfidf,0.0002387205119995726
smishing,call customer,tfidf__call customer,tfidf,0.00023702225227638485
smishing,phonetoken phonetoken,tfidf__phonetoken phonetoken,tfidf,0.0002369905143928004
smishing,holiday or,tfidf__holiday or,tfidf,0.00023667882469285696
smishing,wk txt,tfidf__wk txt,tfidf,0.0002358889182450858
smishing,holder,tfidf__holder,tfidf,0.00023480203493028064
smishing,87077,tfidf__87077,tfidf,0.0002345450029876168
smishing,mean,tfidf__mean,tfidf,0.00023423550830900303
smishing,ingest your,tfidf__ingest your,tfidf,0.00023419684217128843
smishing,thank you,tfidf__thank you,tfidf,0.00023415778831634382
smishing,inclusive,tfidf__inclusive,tfidf,0.00023306022200787407
smishing,bears,tfidf__bears,tfidf,0.00023241624670282453
smishing,1327,tfidf__1327,tfidf,0.00023231013494070453
smishing,20p per,tfidf__20p per,tfidf,0.00023231013494070453
smishing,box 1327,tfidf__box 1327,tfidf,0.00023231013494070453
smishing,hot live,tfidf__hot live,tfidf,0.00023231013494070453
smishing,just 20p,tfidf__just 20p,tfidf,0.00023231013494070453
smishing,live fantasies,tfidf__live fantasies,tfidf,0.00023231013494070453
smishing,ltd po,tfidf__ltd po,tfidf,0.00023231013494070453
smishing,min ntt,tfidf__min ntt,tfidf,0.00023231013494070453
smishing,ntt ltd,tfidf__ntt ltd,tfidf,0.00023231013494070453
smishing,orange,tfidf__orange,tfidf,0.0002316061801110433
smishing,alone,tfidf__alone,tfidf,0.00023131456071274
smishing,trial,tfidf__trial,tfidf,0.00023111503022477778
smishing,answer easy,tfidf__answer easy,tfidf,0.00023101328242280952
smishing,easy questions,tfidf__easy questions,tfidf,0.00023101328242280952
smishing,won just,tfidf__won just,tfidf,0.00023101328242280952
smishing,await collection,tfidf__await collection,tfidf,0.00023043272612826676
smishing,bout,tfidf__bout,tfidf,0.00023031310371854848
smishing,c's,tfidf__c's,tfidf,0.0002294534124021371
smishing,vip,tfidf__vip,tfidf,0.00022841709046720474
smishing,220cm2,tfidf__220cm2,tfidf,0.0002282798570578421
smishing,220cm2 9ae,tfidf__220cm2 9ae,tfidf,0.0002282798570578421
smishing,comuk,tfidf__comuk,tfidf,0.0002282798570578421
smishing,comuk 220cm2,tfidf__comuk 220cm2,tfidf,0.0002282798570578421
smishing,gotto,tfidf__gotto,tfidf,0.0002282798570578421
smishing,gotto urltoken,tfidf__gotto urltoken,tfidf,0.0002282798570578421
smishing,phonetoken comuk,tfidf__phonetoken comuk,tfidf,0.0002282798570578421
smishing,pls gotto,tfidf__pls gotto,tfidf,0.0002282798570578421
smishing,100,tfidf__100,tfidf,0.000228087255113598
smishing,urltoken reply,tfidf__urltoken reply,tfidf,0.00022543013939756783
smishing,is currently,tfidf__is currently,tfidf,0.00022526553964528795
smishing,to 87077,tfidf__to 87077,tfidf,0.00022521325448200335
smishing,things,tfidf__things,tfidf,0.0002251076553104082
smishing,thank,tfidf__thank,tfidf,0.00022493898117166726
smishing,from your,tfidf__from your,tfidf,0.0002243662345129288
smishing,callback,tfidf__callback,tfidf,0.00022376997386747542
smishing,for callback,tfidf__for callback,tfidf,0.00022376997386747542
smishing,line claim,tfidf__line claim,tfidf,0.00022351874204013634
smishing,the game,tfidf__the game,tfidf,0.00022345770421846215
smishing,watch,tfidf__watch,tfidf,0.00022319628287560068
smishing,launch,tfidf__launch,tfidf,0.00022289299409489853
smishing,eerie,tfidf__eerie,tfidf,0.00022165876982803767
smishing,to say,tfidf__to say,tfidf,0.0002216217412206235
smishing,40gb,tfidf__40gb,tfidf,0.0002215711276520855
smishing,40gb ipod,tfidf__40gb ipod,tfidf,0.0002215711276520855
smishing,final attempt,tfidf__final attempt,tfidf,0.00022086741818499013
smishing,our final,tfidf__our final,tfidf,0.00022086741818499013
smishing,free nokia,tfidf__free nokia,tfidf,0.00022062147897689783
smishing,urltoken phonetoken,tfidf__urltoken phonetoken,tfidf,0.00022048499867831486
smishing,inform you,tfidf__inform you,tfidf,0.0002196391846595499
smishing,to inform,tfidf__to inform,tfidf,0.0002196391846595499
smishing,or stop,tfidf__or stop,tfidf,0.00021939479378755753
smishing,call from,tfidf__call from,tfidf,0.00021933792426593996
smishing,can now,tfidf__can now,tfidf,0.00021897559123179963
smishing,for ur,tfidf__for ur,tfidf,0.00021897165457579452
smishing,log in,tfidf__log in,tfidf,0.00021874422360976232
smishing,2lands,tfidf__2lands,tfidf,0.00021771151873937688
smishing,2lands row,tfidf__2lands row,tfidf,0.00021771151873937688
smishing,hg,tfidf__hg,tfidf,0.00021771151873937688
smishing,hg suite342,tfidf__hg suite342,tfidf,0.00021771151873937688
smishing,suite342,tfidf__suite342,tfidf,0.00021771151873937688
smishing,suite342 2lands,tfidf__suite342 2lands,tfidf,0.00021771151873937688
smishing,everything,tfidf__everything,tfidf,0.00021757616662031445
smishing,offer,tfidf__offer,tfidf,0.00021735368996522736
smishing,do so,tfidf__do so,tfidf,0.00021722653674168907
smishing,your call,tfidf__your call,tfidf,0.00021698556267342364
smishing,know what,tfidf__know what,tfidf,0.00021682001929289405
smishing,2nite,tfidf__2nite,tfidf,0.00021670803801146566
smishing,mobile content,tfidf__mobile content,tfidf,0.00021664365196869863
smishing,daily,tfidf__daily,tfidf,0.00021663208116253318
smishing,free call,tfidf__free call,tfidf,0.0002158958227182892
smishing,tmr,tfidf__tmr,tfidf,0.00021509409456515937
smishing,some,tfidf__some,tfidf,0.0002143615189598674
smishing,please contact,tfidf__please contact,tfidf,0.00021408740280986019
smishing,awarded with,tfidf__awarded with,tfidf,0.00021384473975323844
smishing,own,tfidf__own,tfidf,0.00021266985859768226
smishing,watching,tfidf__watching,tfidf,0.00021235832113784868
smishing,experience won,tfidf__experience won,tfidf,0.00021234025832921467
smishing,mths,tfidf__mths,tfidf,0.00021124458305748456
smishing,no you,tfidf__no you,tfidf,0.00021104070121326084
smishing,you free,tfidf__you free,tfidf,0.00021004022702910189
smishing,69698,tfidf__69698,tfidf,0.00020909964085055995
smishing,try,tfidf__try,tfidf,0.00020884485979256323
smishing,i'm,tfidf__i'm,tfidf,0.00020884379805692835
smishing,pics,tfidf__pics,tfidf,0.00020872818937233483
smishing,maybe,tfidf__maybe,tfidf,0.00020860917558647714
smishing,accumulate,tfidf__accumulate,tfidf,0.00020859008098842745
smishing,to accumulate,tfidf__to accumulate,tfidf,0.00020859008098842745
smishing,02,tfidf__02,tfidf,0.00020822504483051558
smishing,problem,tfidf__problem,tfidf,0.00020797597515452175
smishing,is call,tfidf__is call,tfidf,0.00020770843163300757
smishing,win 250,tfidf__win 250,tfidf,0.00020680223944042928
smishing,2000 prize,tfidf__2000 prize,tfidf,0.00020663524692396458
smishing,match,tfidf__match,tfidf,0.0002059374011421215
smishing,or more,tfidf__or more,tfidf,0.00020518428811008288
smishing,phone is,tfidf__phone is,tfidf,0.00020471695620954568
smishing,so,tfidf__so,tfidf,0.00020463190981472956
smishing,update now,tfidf__update now,tfidf,0.0002044500963804645
smishing,dream,tfidf__dream,tfidf,0.00020408777113914097
smishing,receive 350,tfidf__receive 350,tfidf,0.00020388342172558815
smishing,out to,tfidf__out to,tfidf,0.00020357958874241217
smishing,and live,tfidf__and live,tfidf,0.00020330104428174735
smishing,female and,tfidf__female and,tfidf,0.00020330104428174735
smishing,freemsg why,tfidf__freemsg why,tfidf,0.00020330104428174735
smishing,from netcollex,tfidf__from netcollex,tfidf,0.00020330104428174735
smishing,haven't you,tfidf__haven't you,tfidf,0.00020330104428174735
smishing,live local,tfidf__live local,tfidf,0.00020330104428174735
smishing,local luv,tfidf__local luv,tfidf,0.00020330104428174735
smishing,luv to,tfidf__luv to,tfidf,0.00020330104428174735
smishing,text i'm,tfidf__text i'm,tfidf,0.00020330104428174735
smishing,why haven't,tfidf__why haven't,tfidf,0.00020330104428174735
smishing,does,tfidf__does,tfidf,0.00020281123181071419
smishing,150p daily,tfidf__150p daily,tfidf,0.0002024463470754196
smishing,89123,tfidf__89123,tfidf,0.0002024463470754196
smishing,at 150p,tfidf__at 150p,tfidf,0.0002024463470754196
smishing,daily to,tfidf__daily to,tfidf,0.0002024463470754196
smishing,date this,tfidf__date this,tfidf,0.0002024463470754196
smishing,future mgs,tfidf__future mgs,tfidf,0.0002024463470754196
smishing,go stop,tfidf__go stop,tfidf,0.0002024463470754196
smishing,mgs,tfidf__mgs,tfidf,0.0002024463470754196
smishing,mobile date,tfidf__mobile date,tfidf,0.0002024463470754196
smishing,phonetoken future,tfidf__phonetoken future,tfidf,0.0002024463470754196
smishing,to 89123,tfidf__to 89123,tfidf,0.0002024463470754196
smishing,to uk,tfidf__to uk,tfidf,0.0002024463470754196
smishing,uk mobile,tfidf__uk mobile,tfidf,0.0002024463470754196
smishing,prizes,tfidf__prizes,tfidf,0.00020203115625018727
smishing,go to,tfidf__go to,tfidf,0.00020136809402499214
smishing,tried to,tfidf__tried to,tfidf,0.0002010385609324284
smishing,i've,tfidf__i've,tfidf,0.00020096352685253067
smishing,made,tfidf__made,tfidf,0.0002004850148075022
smishing,ur chance,tfidf__ur chance,tfidf,0.0002002416606007757
smishing,atm block,tfidf__atm block,tfidf,0.000200102799256128
smishing,block dear,tfidf__block dear,tfidf,0.000200102799256128
smishing,our system,tfidf__our system,tfidf,0.000200102799256128
smishing,rates apply,tfidf__rates apply,tfidf,0.00019989132094194818
smishing,friendly,tfidf__friendly,tfidf,0.0001994722860093529
smishing,friendly reminder,tfidf__friendly reminder,tfidf,0.0001994722860093529
smishing,reminder don't,tfidf__reminder don't,tfidf,0.0001994722860093529
smishing,sam update,tfidf__sam update,tfidf,0.0001994722860093529
smishing,update from,tfidf__update from,tfidf,0.0001994722860093529
smishing,so please,tfidf__so please,tfidf,0.00019932451819152427
smishing,mobile cs,tfidf__mobile cs,tfidf,0.00019916739855058952
smishing,customers,tfidf__customers,tfidf,0.00019905408330968266
smishing,good morning,tfidf__good morning,tfidf,0.00019855594569101681
smishing,on ur,tfidf__on ur,tfidf,0.00019848710546456968
smishing,camera phones,tfidf__camera phones,tfidf,0.00019765397753633356
smishing,female,tfidf__female,tfidf,0.00019759944220437752
smishing,0870,tfidf__0870,tfidf,0.00019680542280130336
smishing,arrogate call,tfidf__arrogate call,tfidf,0.00019636793946335558
smishing,82242,tfidf__82242,tfidf,0.00019625894463455321
smishing,to 82242,tfidf__to 82242,tfidf,0.00019625894463455321
smishing,nab,tfidf__nab,tfidf,0.00019619481289741836
smishing,your nab,tfidf__your nab,tfidf,0.00019619481289741836
smishing,my text,tfidf__my text,tfidf,0.00019607933978947508
smishing,my dear,tfidf__my dear,tfidf,0.00019531854731521747
smishing,who thinks,tfidf__who thinks,tfidf,0.00019449559291864795
smishing,dear voucher,tfidf__dear voucher,tfidf,0.00019424295220390756
smishing,voucher holder,tfidf__voucher holder,tfidf,0.00019424295220390756
smishing,sign,tfidf__sign,tfidf,0.00019388680996999954
smishing,inform,tfidf__inform,tfidf,0.00019315508686799376
smishing,8007 for,tfidf__8007 for,tfidf,0.00019277734031092185
smishing,lover,tfidf__lover,tfidf,0.00019255081773688742
smishing,feb,tfidf__feb,tfidf,0.00019154727914345244
smishing,fromm,tfidf__fromm,tfidf,0.0001914351343836077
smishing,fromm landline,tfidf__fromm landline,tfidf,0.0001914351343836077
smishing,phonetoken fromm,tfidf__phonetoken fromm,tfidf,0.0001914351343836077
smishing,calling,tfidf__calling,tfidf,0.0001913897734981
smishing,wow,tfidf__wow,tfidf,0.0001910983006315329
smishing,confirm your,tfidf__confirm your,tfidf,0.00019038783583236695
smishing,lets,tfidf__lets,tfidf,0.0001900019912802299
smishing,camera phone,tfidf__camera phone,tfidf,0.00018992261130886085
smishing,my phone,tfidf__my phone,tfidf,0.00018976681340810526
smishing,bus,tfidf__bus,tfidf,0.00018966119035082854
smishing,family,tfidf__family,tfidf,0.000189217946871531
smishing,now txt,tfidf__now txt,tfidf,0.0001888443145029247
smishing,computer,tfidf__computer,tfidf,0.00018884065910986525
smishing,choose your,tfidf__choose your,tfidf,0.00018883364654095338
smishing,just answer,tfidf__just answer,tfidf,0.00018744263539650563
smishing,thinks,tfidf__thinks,tfidf,0.00018735076240794732
smishing,pobox,tfidf__pobox,tfidf,0.00018714632845452442
smishing,be,tfidf__be,tfidf,0.0001869101935395748
smishing,makes,tfidf__makes,tfidf,0.00018689591155062564
smishing,convey,tfidf__convey,tfidf,0.00018683635556474655
smishing,chat now,tfidf__chat now,tfidf,0.00018587429326598882
smishing,day urltoken,tfidf__day urltoken,tfidf,0.0001853407996429625
smishing,key,tfidf__key,tfidf,0.0001853276978356296
smishing,amass,tfidf__amass,tfidf,0.00018434113366475556
smishing,to amass,tfidf__to amass,tfidf,0.00018434113366475556
smishing,football,tfidf__football,tfidf,0.00018413688839423456
smishing,back help,tfidf__back help,tfidf,0.00018385927704574133
smishing,or text,tfidf__or text,tfidf,0.00018385927704574133
smishing,al,tfidf__al,tfidf,0.00018379347238052559
smishing,account suspension,tfidf__account suspension,tfidf,0.00018366172687782418
smishing,activity,tfidf__activity,tfidf,0.00018366172687782418
smishing,activity on,tfidf__activity on,tfidf,0.00018366172687782418
smishing,in via,tfidf__in via,tfidf,0.00018366172687782418
smishing,some unusual,tfidf__some unusual,tfidf,0.00018366172687782418
smishing,suspension,tfidf__suspension,tfidf,0.00018366172687782418
smishing,unusual activity,tfidf__unusual activity,tfidf,0.00018366172687782418
smishing,via the,tfidf__via the,tfidf,0.00018366172687782418
smishing,the best,tfidf__the best,tfidf,0.00018299025125952773
smishing,del,tfidf__del,tfidf,0.00018240352303921947
smishing,now you,tfidf__now you,tfidf,0.00018224959386265818
smishing,you for,tfidf__you for,tfidf,0.0001822327549009377
smishing,call me,tfidf__call me,tfidf,0.0001821689110817348
smishing,free entry,tfidf__free entry,tfidf,0.00018180895212677731
smishing,xxx pics,tfidf__xxx pics,tfidf,0.00018155716250285866
smishing,15,tfidf__15,tfidf,0.00018001910787505723
smishing,also,tfidf__also,tfidf,0.0001796952413683505
smishing,unusual,tfidf__unusual,tfidf,0.00017859027349848884
smishing,to cancel,tfidf__to cancel,tfidf,0.00017848610271247681
smishing,recall,tfidf__recall,tfidf,0.00017833170617566333
smishing,250k,tfidf__250k,tfidf,0.00017826305849195925
smishing,250k dream,tfidf__250k dream,tfidf,0.00017826305849195925
smishing,88088,tfidf__88088,tfidf,0.00017826305849195925
smishing,active,tfidf__active,tfidf,0.00017826305849195925
smishing,active and,tfidf__active and,tfidf,0.00017826305849195925
smishing,dream team,tfidf__dream team,tfidf,0.00017826305849195925
smishing,fantasy,tfidf__fantasy,tfidf,0.00017826305849195925
smishing,fantasy football,tfidf__fantasy football,tfidf,0.00017826305849195925
smishing,gamestar,tfidf__gamestar,tfidf,0.00017826305849195925
smishing,gamestar on,tfidf__gamestar on,tfidf,0.00017826305849195925
smishing,now sky,tfidf__now sky,tfidf,0.00017826305849195925
smishing,on sky,tfidf__on sky,tfidf,0.00017826305849195925
smishing,register,tfidf__register,tfidf,0.00017826305849195925
smishing,register now,tfidf__register now,tfidf,0.00017826305849195925
smishing,sky active,tfidf__sky active,tfidf,0.00017826305849195925
smishing,to 88088,tfidf__to 88088,tfidf,0.00017826305849195925
smishing,your tv,tfidf__your tv,tfidf,0.00017826305849195925
smishing,auction to,tfidf__auction to,tfidf,0.00017802562302100182
smishing,free auction,tfidf__free auction,tfidf,0.00017802562302100182
smishing,our free,tfidf__our free,tfidf,0.00017802562302100182
smishing,do not,tfidf__do not,tfidf,0.00017776862926358777
smishing,this exist,tfidf__this exist,tfidf,0.00017663955116301063
smishing,alert you,tfidf__alert you,tfidf,0.00017637545669683656
smishing,and matches,tfidf__and matches,tfidf,0.00017637545669683656
smishing,from phonetoken,tfidf__from phonetoken,tfidf,0.00017637545669683656
smishing,mailbox,tfidf__mailbox,tfidf,0.00017637545669683656
smishing,messages and,tfidf__messages and,tfidf,0.00017637545669683656
smishing,phonetoken hi,tfidf__phonetoken hi,tfidf,0.00017637545669683656
smishing,sms alert,tfidf__sms alert,tfidf,0.00017637545669683656
smishing,your mailbox,tfidf__your mailbox,tfidf,0.00017637545669683656
smishing,inviting,tfidf__inviting,tfidf,0.00017629328162949934
smishing,inviting you,tfidf__inviting you,tfidf,0.00017629328162949934
smishing,friend reply,tfidf__friend reply,tfidf,0.00017606110315112816
smishing,03 this,tfidf__03 this,tfidf,0.00017591563863568818
smishing,bonus caller,tfidf__bonus caller,tfidf,0.00017591563863568818
smishing,prize on,tfidf__prize on,tfidf,0.00017591563863568818
smishing,with the,tfidf__with the,tfidf,0.0001756480333317116
smishing,anytime any,tfidf__anytime any,tfidf,0.00017522204823147396
smishing,your messages,tfidf__your messages,tfidf,0.00017479038268676422
smishing,feeling,tfidf__feeling,tfidf,0.00017448935361938118
smishing,3030,tfidf__3030,tfidf,0.00017428276281095323
smishing,3030 valid,tfidf__3030 valid,tfidf,0.00017428276281095323
smishing,claim 3030,tfidf__claim 3030,tfidf,0.00017428276281095323
smishing,cup final,tfidf__cup final,tfidf,0.0001740805798437668
smishing,tkts,tfidf__tkts,tfidf,0.0001740805798437668
smishing,same,tfidf__same,tfidf,0.0001740327331065003
smishing,other day,tfidf__other day,tfidf,0.0001739629539570623
smishing,deliveredtomorrow,tfidf__deliveredtomorrow,tfidf,0.00017369012129093162
smishing,phone deliveredtomorrow,tfidf__phone deliveredtomorrow,tfidf,0.00017369012129093162
smishing,trying,tfidf__trying,tfidf,0.00017346150032935623
smishing,80062,tfidf__80062,tfidf,0.00017307876494295513
smishing,to 80062,tfidf__to 80062,tfidf,0.00017307876494295513
smishing,contacted,tfidf__contacted,tfidf,0.0001728367562777599
smishing,sky opt,tfidf__sky opt,tfidf,0.00017263026316200394
smishing,member offers,tfidf__member offers,tfidf,0.00017237314724650185
smishing,savamob member,tfidf__savamob member,tfidf,0.00017237314724650185
smishing,to find,tfidf__to find,tfidf,0.00017202131760084676
smishing,connect,tfidf__connect,tfidf,0.00017194263661315763
smishing,forwarded from,tfidf__forwarded from,tfidf,0.0001718857285936011
smishing,wont,tfidf__wont,tfidf,0.00017175548133764235
smishing,you only,tfidf__you only,tfidf,0.00017153064183832208
smishing,rock,tfidf__rock,tfidf,0.00017149328594835548
smishing,care for,tfidf__care for,tfidf,0.00017058190099726662
smishing,and play,tfidf__and play,tfidf,0.00017053603126527682
smishing,saying,tfidf__saying,tfidf,0.00017044870579096025
smishing,xmas,tfidf__xmas,tfidf,0.00017035092146991228
smishing,may be,tfidf__may be,tfidf,0.000170133882174402
smishing,no need,tfidf__no need,tfidf,0.00016962953945836857
smishing,westpac,tfidf__westpac,tfidf,0.0001691971903344537
smishing,000 award,tfidf__000 award,tfidf,0.00016856944050033763
smishing,re your,tfidf__re your,tfidf,0.00016847805682034545
smishing,access airtel,tfidf__access airtel,tfidf,0.0001671222424308416
smishing,activation,tfidf__activation,tfidf,0.0001671222424308416
smishing,activation rental,tfidf__activation rental,tfidf,0.0001671222424308416
smishing,and select,tfidf__and select,tfidf,0.0001671222424308416
smishing,browser,tfidf__browser,tfidf,0.0001671222424308416
smishing,browser and,tfidf__browser and,tfidf,0.0001671222424308416
smishing,browsing,tfidf__browsing,tfidf,0.0001671222424308416
smishing,browsing charges,tfidf__browsing charges,tfidf,0.0001671222424308416
smishing,by long,tfidf__by long,tfidf,0.0001671222424308416
smishing,can access,tfidf__can access,tfidf,0.0001671222424308416
smishing,charges for,tfidf__charges for,tfidf,0.0001671222424308416
smishing,content or,tfidf__content or,tfidf,0.0001671222424308416
smishing,download content,tfidf__download content,tfidf,0.0001671222424308416
smishing,for airtel,tfidf__for airtel,tfidf,0.0001671222424308416
smishing,internet browser,tfidf__internet browser,tfidf,0.0001671222424308416
smishing,key on,tfidf__key on,tfidf,0.0001671222424308416
smishing,launch internet,tfidf__launch internet,tfidf,0.0001671222424308416
smishing,live by,tfidf__live by,tfidf,0.0001671222424308416
smishing,live or,tfidf__live or,tfidf,0.0001671222424308416
smishing,live you,tfidf__live you,tfidf,0.0001671222424308416
smishing,mms settings,tfidf__mms settings,tfidf,0.0001671222424308416
smishing,mobile office,tfidf__mobile office,tfidf,0.0001671222424308416
smishing,no activation,tfidf__no activation,tfidf,0.0001671222424308416
smishing,on nokia,tfidf__on nokia,tfidf,0.0001671222424308416
smishing,on other,tfidf__on other,tfidf,0.0001671222424308416
smishing,or browsing,tfidf__or browsing,tfidf,0.0001671222424308416
smishing,or goto,tfidf__or goto,tfidf,0.0001671222424308416
smishing,other phones,tfidf__other phones,tfidf,0.0001671222424308416
smishing,phones launch,tfidf__phones launch,tfidf,0.0001671222424308416
smishing,rental or,tfidf__rental or,tfidf,0.0001671222424308416
smishing,select airtel,tfidf__select airtel,tfidf,0.0001671222424308416
smishing,you download,tfidf__you download,tfidf,0.0001671222424308416
smishing,sony,tfidf__sony,tfidf,0.00016662206055361277
smishing,87239 customer,tfidf__87239 customer,tfidf,0.00016655866085399119
smishing,for removal,tfidf__for removal,tfidf,0.00016655866085399119
smishing,removal,tfidf__removal,tfidf,0.00016655866085399119
smishing,1172,tfidf__1172,tfidf,0.0001658047502351684
smishing,1172 for,tfidf__1172 for,tfidf,0.0001658047502351684
smishing,unique user,tfidf__unique user,tfidf,0.0001658047502351684
smishing,user id,tfidf__user id,tfidf,0.0001658047502351684
smishing,your unique,tfidf__your unique,tfidf,0.0001658047502351684
smishing,is our,tfidf__is our,tfidf,0.0001648657232336367
smishing,2005 text,tfidf__2005 text,tfidf,0.00016480256902242418
smishing,21st may,tfidf__21st may,tfidf,0.00016480256902242418
smishing,87121,tfidf__87121,tfidf,0.00016480256902242418
smishing,87121 to,tfidf__87121 to,tfidf,0.00016480256902242418
smishing,comp to,tfidf__comp to,tfidf,0.00016480256902242418
smishing,entry question,tfidf__entry question,tfidf,0.00016480256902242418
smishing,fa cup,tfidf__fa cup,tfidf,0.00016480256902242418
smishing,fa to,tfidf__fa to,tfidf,0.00016480256902242418
smishing,final tkts,tfidf__final tkts,tfidf,0.00016480256902242418
smishing,in wkly,tfidf__in wkly,tfidf,0.00016480256902242418
smishing,may 2005,tfidf__may 2005,tfidf,0.00016480256902242418
smishing,text fa,tfidf__text fa,tfidf,0.00016480256902242418
smishing,tkts 21st,tfidf__tkts 21st,tfidf,0.00016480256902242418
smishing,to 87121,tfidf__to 87121,tfidf,0.00016480256902242418
smishing,wen,tfidf__wen,tfidf,0.00016459583251811878
smishing,mob every,tfidf__mob every,tfidf,0.0001644363505255948
smishing,cross,tfidf__cross,tfidf,0.00016402043464775333
smishing,another,tfidf__another,tfidf,0.00016401131017358873
smishing,sample,tfidf__sample,tfidf,0.00016399910659729608
smishing,minute bt,tfidf__minute bt,tfidf,0.00016385033575234934
smishing,text back,tfidf__text back,tfidf,0.00016358373959136354
smishing,u've,tfidf__u've,tfidf,0.0001633296589988
smishing,900,tfidf__900,tfidf,0.0001624680062558563
smishing,offer at,tfidf__offer at,tfidf,0.00016230403748724478
smishing,weeks offer,tfidf__weeks offer,tfidf,0.00016230403748724478
smishing,ringtone reply,tfidf__ringtone reply,tfidf,0.00016229554224550475
smishing,unique,tfidf__unique,tfidf,0.00016186096640579038
smishing,specially choose,tfidf__specially choose,tfidf,0.00016173277735210954
smishing,nationwide,tfidf__nationwide,tfidf,0.00016152982401059768
smishing,rs 100,tfidf__rs 100,tfidf,0.0001606107405415746
smishing,time to,tfidf__time to,tfidf,0.00016060505178736189
smishing,working,tfidf__working,tfidf,0.00016016454832795834
smishing,ready to,tfidf__ready to,tfidf,0.0001600957983689393
smishing,cancel,tfidf__cancel,tfidf,0.00016004481695474192
smishing,to touch,tfidf__to touch,tfidf,0.00015987819139177132
smishing,unsub,tfidf__unsub,tfidf,0.0001592457746580905
smishing,become,tfidf__become,tfidf,0.00015924227304214304
smishing,many,tfidf__many,tfidf,0.00015919585395067688
smishing,121,tfidf__121,tfidf,0.00015856256952012014
smishing,call now,tfidf__call now,tfidf,0.0001585184958951715
smishing,coming,tfidf__coming,tfidf,0.00015824307264410617
smishing,ingest match,tfidf__ingest match,tfidf,0.0001580942966057566
smishing,pc,tfidf__pc,tfidf,0.00015732307358908772
smishing,hey,tfidf__hey,tfidf,0.00015726367877685684
smishing,visit,tfidf__visit,tfidf,0.00015723075684383994
smishing,delivered,tfidf__delivered,tfidf,0.00015687429292187305
smishing,prem,tfidf__prem,tfidf,0.000156770234329967
smishing,randy,tfidf__randy,tfidf,0.0001560376445171634
smishing,minute,tfidf__minute,tfidf,0.00015588769740255837
smishing,phone now,tfidf__phone now,tfidf,0.00015581231969067984
smishing,suspended,tfidf__suspended,tfidf,0.00015555314459622237
smishing,final chance,tfidf__final chance,tfidf,0.0001555147510488791
smishing,standard,tfidf__standard,tfidf,0.0001550644031636921
smishing,matches please,tfidf__matches please,tfidf,0.00015483772091354342
smishing,18 150p,tfidf__18 150p,tfidf,0.00015482748759527686
smishing,hi this,tfidf__hi this,tfidf,0.0001544834497622403
smishing,birthday,tfidf__birthday,tfidf,0.0001542318516713089
smishing,60p,tfidf__60p,tfidf,0.00015368112341719947
smishing,60p min,tfidf__60p min,tfidf,0.00015368112341719947
smishing,just 60p,tfidf__just 60p,tfidf,0.00015368112341719947
smishing,sir,tfidf__sir,tfidf,0.00015310848036424252
smishing,and keep,tfidf__and keep,tfidf,0.00015302035449847137
smishing,apple 1d,tfidf__apple 1d,tfidf,0.00015279831075933121
smishing,id at,tfidf__id at,tfidf,0.00015279831075933121
smishing,they are,tfidf__they are,tfidf,0.00015198073758014536
smishing,id is,tfidf__id is,tfidf,0.00015175257689417193
smishing,didn't,tfidf__didn't,tfidf,0.0001514935394130165
smishing,really want,tfidf__really want,tfidf,0.0001512724952099619
smishing,show,tfidf__show,tfidf,0.0001510512065773774
smishing,114,tfidf__114,tfidf,0.00015104122167817458
smishing,114 14,tfidf__114 14,tfidf,0.00015104122167817458
smishing,14 tcr,tfidf__14 tcr,tfidf,0.00015104122167817458
smishing,box 114,tfidf__box 114,tfidf,0.00015104122167817458
smishing,tcr,tfidf__tcr,tfidf,0.00015104122167817458
smishing,tcr w1,tfidf__tcr w1,tfidf,0.00015104122167817458
smishing,win our,tfidf__win our,tfidf,0.0001509398722467307
smishing,age,tfidf__age,tfidf,0.00014999906688379963
smishing,62468,tfidf__62468,tfidf,0.00014939778726966898
smishing,to 62468,tfidf__to 62468,tfidf,0.00014939778726966898
smishing,mono,tfidf__mono,tfidf,0.0001492997214990463
smishing,next year,tfidf__next year,tfidf,0.00014929883663333666
smishing,numbers ending,tfidf__numbers ending,tfidf,0.0001492264596278915
smishing,camera for,tfidf__camera for,tfidf,0.00014838828799726054
smishing,colour mobiles,tfidf__colour mobiles,tfidf,0.00014838828799726054
smishing,mobiles with,tfidf__mobiles with,tfidf,0.00014838828799726054
smishing,with camera,tfidf__with camera,tfidf,0.00014838828799726054
smishing,valid,tfidf__valid,tfidf,0.00014827843200881878
smishing,don,tfidf__don,tfidf,0.00014806137562471122
smishing,http phonetoken,tfidf__http phonetoken,tfidf,0.00014783335928409265
smishing,amass your,tfidf__amass your,tfidf,0.00014774665277964553
smishing,ending,tfidf__ending,tfidf,0.00014771595592389953
smishing,per minute,tfidf__per minute,tfidf,0.00014728983434303866
smishing,txt ur,tfidf__txt ur,tfidf,0.0001471794610424804
smishing,no if,tfidf__no if,tfidf,0.00014711527475699566
smishing,video phone,tfidf__video phone,tfidf,0.00014703263446956313
smishing,is the,tfidf__is the,tfidf,0.00014698519451026012
smishing,prize this,tfidf__prize this,tfidf,0.00014681520358707448
smishing,moby,tfidf__moby,tfidf,0.00014658300248649255
smishing,this weeks,tfidf__this weeks,tfidf,0.0001465674772164382
smishing,romantic,tfidf__romantic,tfidf,0.0001458442868581739
smishing,fl1pkart,tfidf__fl1pkart,tfidf,0.00014569138323005388
smishing,w0n,tfidf__w0n,tfidf,0.00014569138323005388
smishing,08704439680ts,tfidf__08704439680ts,tfidf,0.00014531848855479774
smishing,08704439680ts cs,tfidf__08704439680ts cs,tfidf,0.00014531848855479774
smishing,79,tfidf__79,tfidf,0.00014531848855479774
smishing,79 book,tfidf__79 book,tfidf,0.00014531848855479774
smishing,book now,tfidf__book now,tfidf,0.00014531848855479774
smishing,call 08704439680ts,tfidf__call 08704439680ts,tfidf,0.00014531848855479774
smishing,flights from,tfidf__flights from,tfidf,0.00014531848855479774
smishing,from 79,tfidf__from 79,tfidf,0.00014531848855479774
smishing,nights flights,tfidf__nights flights,tfidf,0.00014531848855479774
smishing,now next,tfidf__now next,tfidf,0.00014531848855479774
smishing,paris nights,tfidf__paris nights,tfidf,0.00014531848855479774
smishing,romantic paris,tfidf__romantic paris,tfidf,0.00014531848855479774
smishing,year call,tfidf__year call,tfidf,0.00014531848855479774
smishing,delivered on,tfidf__delivered on,tfidf,0.00014516449396517186
smishing,successfully delivered,tfidf__successfully delivered,tfidf,0.00014516449396517186
smishing,rs 5000,tfidf__rs 5000,tfidf,0.00014515460658408677
smishing,lucky draw,tfidf__lucky draw,tfidf,0.0001445169385967185
smishing,all the,tfidf__all the,tfidf,0.00014448482476480537
smishing,10am 9pm,tfidf__10am 9pm,tfidf,0.0001443921076350823
smishing,9pm as,tfidf__9pm as,tfidf,0.0001443921076350823
smishing,https,tfidf__https,tfidf,0.00014357889141482566
smishing,https urltoken,tfidf__https urltoken,tfidf,0.00014357889141482566
smishing,sunshine,tfidf__sunshine,tfidf,0.00014299484384045557
smishing,come to,tfidf__come to,tfidf,0.0001427272150681786
smishing,txt word,tfidf__txt word,tfidf,0.00014261462698219546
smishing,ill,tfidf__ill,tfidf,0.0001425930793027576
smishing,suffice you,tfidf__suffice you,tfidf,0.00014256487201777475
smishing,hotels,tfidf__hotels,tfidf,0.00014223799610077259
smishing,hotels for,tfidf__hotels for,tfidf,0.00014223799610077259
smishing,min to,tfidf__min to,tfidf,0.00014221074610042787
smishing,has embody,tfidf__has embody,tfidf,0.0001418838093185586
smishing,in love,tfidf__in love,tfidf,0.00014092270122074323
smishing,won nokia,tfidf__won nokia,tfidf,0.0001407398112821693
smishing,cds,tfidf__cds,tfidf,0.000140578473484983
smishing,frnd to,tfidf__frnd to,tfidf,0.00014041384969169402
smishing,stop frnd,tfidf__stop frnd,tfidf,0.00014041384969169402
smishing,9pm,tfidf__9pm,tfidf,0.00013985889679341945
smishing,get ur,tfidf__get ur,tfidf,0.00013973608881350088
smishing,fantasies call,tfidf__fantasies call,tfidf,0.00013957788098424668
smishing,draw shows,tfidf__draw shows,tfidf,0.00013920331043989942
smishing,part send,tfidf__part send,tfidf,0.0001391326015316112
smishing,send nokia,tfidf__send nokia,tfidf,0.0001391326015316112
smishing,5000 cash,tfidf__5000 cash,tfidf,0.0001391188557649294
smishing,now on,tfidf__now on,tfidf,0.0001387953059543761
smishing,advise,tfidf__advise,tfidf,0.000138516187151748
smishing,advise you,tfidf__advise you,tfidf,0.000138516187151748
smishing,to advise,tfidf__to advise,tfidf,0.000138516187151748
smishing,to advance,tfidf__to advance,tfidf,0.00013834755696262536
smishing,questions,tfidf__questions,tfidf,0.0001378006056513406
smishing,try for,tfidf__try for,tfidf,0.0001373225920168087
smishing,about your,tfidf__about your,tfidf,0.0001368692754476648
smishing,do have,tfidf__do have,tfidf,0.0001368431982487357
smishing,had to,tfidf__had to,tfidf,0.0001366112478321888
smishing,have you,tfidf__have you,tfidf,0.00013626458568901653
smishing,only after,tfidf__only after,tfidf,0.00013619186267980167
smishing,your love,tfidf__your love,tfidf,0.00013608076395932143
smishing,waiting for,tfidf__waiting for,tfidf,0.00013584852149893585
smishing,out about,tfidf__out about,tfidf,0.00013561066984917405
smishing,free msgs,tfidf__free msgs,tfidf,0.0001354799139945449
smishing,row w1j6hl,tfidf__row w1j6hl,tfidf,0.0001344647672416832
smishing,w1j6hl,tfidf__w1j6hl,tfidf,0.0001344647672416832
smishing,bid phonetoken,tfidf__bid phonetoken,tfidf,0.00013423839804652118
smishing,two,tfidf__two,tfidf,0.00013416773101817053
smishing,perform,tfidf__perform,tfidf,0.0001339837869774076
smishing,camera call,tfidf__camera call,tfidf,0.00013357377293254338
smishing,love you,tfidf__love you,tfidf,0.00013346289471382746
smishing,urltoken ts,tfidf__urltoken ts,tfidf,0.00013291043990994763
smishing,hours,tfidf__hours,tfidf,0.0001322714297141158
smishing,now reply,tfidf__now reply,tfidf,0.0001318181522297551
smishing,guaranteed caller,tfidf__guaranteed caller,tfidf,0.00013176946593392906
smishing,phonetoken claim,tfidf__phonetoken claim,tfidf,0.000131620093285919
smishing,camera mobile,tfidf__camera mobile,tfidf,0.00013154644768743974
smishing,lodge,tfidf__lodge,tfidf,0.00013129669335366914
smishing,have advance,tfidf__have advance,tfidf,0.00013102512549960395
smishing,yup,tfidf__yup,tfidf,0.00013053398064074196
smishing,11mths call,tfidf__11mths call,tfidf,0.00013018391154553079
smishing,call mobilesdirect,tfidf__call mobilesdirect,tfidf,0.00013018391154553079
smishing,beautiful,tfidf__beautiful,tfidf,0.00012997718052155274
smishing,about 100,tfidf__about 100,tfidf,0.0001294636180004803
smishing,for xmas,tfidf__for xmas,tfidf,0.0001294636180004803
smishing,messages new,tfidf__messages new,tfidf,0.0001294636180004803
smishing,rental call,tfidf__rental call,tfidf,0.0001294636180004803
smishing,xmas how,tfidf__xmas how,tfidf,0.0001294636180004803
smishing,std,tfidf__std,tfidf,0.00012934691474627012
smishing,we'll,tfidf__we'll,tfidf,0.00012895865219516485
smishing,to hear,tfidf__to hear,tfidf,0.00012893723040773513
smishing,giving,tfidf__giving,tfidf,0.00012882630372994814
smishing,ever,tfidf__ever,tfidf,0.0001286593503581071
smishing,mix,tfidf__mix,tfidf,0.00012850155742313323
smishing,busy,tfidf__busy,tfidf,0.00012750925922520645
smishing,if experience,tfidf__if experience,tfidf,0.00012742331117237548
smishing,coronavirus,tfidf__coronavirus,tfidf,0.0001272490039648649
smishing,3g,tfidf__3g,tfidf,0.0001266372882269841
smishing,text camcorder,tfidf__text camcorder,tfidf,0.00012609754691529708
smishing,87239,tfidf__87239,tfidf,0.0001260849793286753
smishing,to 87239,tfidf__to 87239,tfidf,0.0001260849793286753
smishing,out more,tfidf__out more,tfidf,0.00012594833714535232
smishing,your free,tfidf__your free,tfidf,0.000125542684609375
smishing,the way,tfidf__the way,tfidf,0.0001248562089146005
smishing,gud,tfidf__gud,tfidf,0.00012474036848891953
smishing,with free,tfidf__with free,tfidf,0.00012455261129587587
smishing,fantastic surprise,tfidf__fantastic surprise,tfidf,0.00012444825120114152
smishing,user today,tfidf__user today,tfidf,0.00012444825120114152
smishing,your lucky,tfidf__your lucky,tfidf,0.00012444825120114152
smishing,to chat,tfidf__to chat,tfidf,0.00012385706579979544
smishing,now savamob,tfidf__now savamob,tfidf,0.0001236123744750115
smishing,offers mobile,tfidf__offers mobile,tfidf,0.0001236123744750115
smishing,reply yes,tfidf__reply yes,tfidf,0.00012359135056554316
smishing,16 stop,tfidf__16 stop,tfidf,0.00012346397567537213
smishing,3hrs,tfidf__3hrs,tfidf,0.00012346397567537213
smishing,3hrs 16,tfidf__3hrs 16,tfidf,0.00012346397567537213
smishing,86888,tfidf__86888,tfidf,0.00012346397567537213
smishing,hours talk,tfidf__hours talk,tfidf,0.00012346397567537213
smishing,inc 3hrs,tfidf__inc 3hrs,tfidf,0.00012346397567537213
smishing,mnth,tfidf__mnth,tfidf,0.00012346397567537213
smishing,mnth inc,tfidf__mnth inc,tfidf,0.00012346397567537213
smishing,no 86888,tfidf__no 86888,tfidf,0.00012346397567537213
smishing,now subscribe6gbp,tfidf__now subscribe6gbp,tfidf,0.00012346397567537213
smishing,of hours,tfidf__of hours,tfidf,0.00012346397567537213
smishing,reward of,tfidf__reward of,tfidf,0.00012346397567537213
smishing,stop txtstop,tfidf__stop txtstop,tfidf,0.00012346397567537213
smishing,subscribe6gbp,tfidf__subscribe6gbp,tfidf,0.00012346397567537213
smishing,subscribe6gbp mnth,tfidf__subscribe6gbp mnth,tfidf,0.00012346397567537213
smishing,talk time,tfidf__talk time,tfidf,0.00012346397567537213
smishing,txtstop,tfidf__txtstop,tfidf,0.00012346397567537213
smishing,your reward,tfidf__your reward,tfidf,0.00012346397567537213
smishing,send chat,tfidf__send chat,tfidf,0.0001228971449507028
smishing,only urltoken,tfidf__only urltoken,tfidf,0.00012288853524417662
smishing,offers,tfidf__offers,tfidf,0.00012251610634114374
smishing,ntt,tfidf__ntt,tfidf,0.00012205131858584946
smishing,phone with,tfidf__phone with,tfidf,0.00012186431743200138
smishing,is back,tfidf__is back,tfidf,0.00012085066470968309
smishing,free giving,tfidf__free giving,tfidf,0.0001206188126010943
smishing,giving you,tfidf__giving you,tfidf,0.0001206188126010943
smishing,day find,tfidf__day find,tfidf,0.00012026946372063963
smishing,surprise,tfidf__surprise,tfidf,0.00012016305692683314
smishing,did you,tfidf__did you,tfidf,0.00011983718507929203
smishing,receive rs,tfidf__receive rs,tfidf,0.00011954355275845826
smishing,hottest,tfidf__hottest,tfidf,0.00011904393344715419
smishing,complimentary,tfidf__complimentary,tfidf,0.00011898969612745284
smishing,colour,tfidf__colour,tfidf,0.00011884872384484792
smishing,arcade,tfidf__arcade,tfidf,0.00011836195365019813
smishing,ta,tfidf__ta,tfidf,0.00011834784350446958
smishing,fast,tfidf__fast,tfidf,0.00011759083605560499
smishing,easy just,tfidf__easy just,tfidf,0.00011749559810186227
smishing,cease,tfidf__cease,tfidf,0.00011740635751743216
smishing,mob no,tfidf__mob no,tfidf,0.00011705879658933072
smishing,ac,tfidf__ac,tfidf,0.00011670542793868079
smishing,sms ac,tfidf__sms ac,tfidf,0.00011670542793868079
smishing,number matches,tfidf__number matches,tfidf,0.00011666928287083246
smishing,your 350,tfidf__your 350,tfidf,0.00011666928287083246
smishing,registered,tfidf__registered,tfidf,0.00011662124202815223
smishing,removal send,tfidf__removal send,tfidf,0.00011589970700280428
smishing,collection to,tfidf__collection to,tfidf,0.00011582517634561648
smishing,equal,tfidf__equal,tfidf,0.00011559366035269142
smishing,cha,tfidf__cha,tfidf,0.00011536515897122607
smishing,dating,tfidf__dating,tfidf,0.00011525178671615714
smishing,making,tfidf__making,tfidf,0.00011488146975763984
smishing,join the,tfidf__join the,tfidf,0.00011465213927566977
smishing,text on,tfidf__text on,tfidf,0.00011410518936010018
smishing,contacted by,tfidf__contacted by,tfidf,0.0001131846439171023
smishing,now and,tfidf__now and,tfidf,0.00011316551218107632
smishing,121 chat,tfidf__121 chat,tfidf,0.00011310836219839793
smishing,which,tfidf__which,tfidf,0.00011303162748219795
smishing,network customer,tfidf__network customer,tfidf,0.00011297901267503404
smishing,reward to,tfidf__reward to,tfidf,0.00011297901267503404
smishing,winner as,tfidf__winner as,tfidf,0.00011297901267503404
smishing,2000 award,tfidf__2000 award,tfidf,0.00011266382097658882
smishing,award speak,tfidf__award speak,tfidf,0.00011266382097658882
smishing,winner you,tfidf__winner you,tfidf,0.00011266382097658882
smishing,msgs,tfidf__msgs,tfidf,0.00011261082224527795
smishing,for polys,tfidf__for polys,tfidf,0.00011249083318411647
smishing,goto urltoken,tfidf__goto urltoken,tfidf,0.00011245424075520553
smishing,news on,tfidf__news on,tfidf,0.00011216589313176587
smishing,you please,tfidf__you please,tfidf,0.00011209790862996828
smishing,are selected,tfidf__are selected,tfidf,0.00011168691289408636
smishing,been selected,tfidf__been selected,tfidf,0.00011084386532370455
smishing,chance win,tfidf__chance win,tfidf,0.00010986694604392634
smishing,hours only,tfidf__hours only,tfidf,0.00010972324471947211
smishing,bored,tfidf__bored,tfidf,0.0001095614507776341
smishing,hav,tfidf__hav,tfidf,0.00010936633200922871
smishing,nat,tfidf__nat,tfidf,0.00010887457199531984
smishing,nat rate,tfidf__nat rate,tfidf,0.00010887457199531984
smishing,phonetoken nat,tfidf__phonetoken nat,tfidf,0.00010887457199531984
smishing,phonetoken pobox45w2tg150p,tfidf__phonetoken pobox45w2tg150p,tfidf,0.00010860781648331737
smishing,pobox45w2tg150p,tfidf__pobox45w2tg150p,tfidf,0.00010860781648331737
smishing,networks,tfidf__networks,tfidf,0.0001082652351359615
smishing,networks mins,tfidf__networks mins,tfidf,0.0001082652351359615
smishing,give me,tfidf__give me,tfidf,0.00010784156188696546
smishing,could,tfidf__could,tfidf,0.00010752455619389279
smishing,date,tfidf__date,tfidf,0.00010734613621348377
smishing,wonderful,tfidf__wonderful,tfidf,0.00010721422227657225
smishing,text the,tfidf__text the,tfidf,0.00010677285125193578
smishing,latest orange,tfidf__latest orange,tfidf,0.00010670110678682468
smishing,21,tfidf__21,tfidf,0.00010667932320008295
smishing,klia2,tfidf__klia2,tfidf,0.00010667875706762177
smishing,klia2 on,tfidf__klia2 on,tfidf,0.00010667875706762177
smishing,phonetoken if,tfidf__phonetoken if,tfidf,0.00010667875706762177
smishing,rmo,tfidf__rmo,tfidf,0.00010667875706762177
smishing,rmo 00,tfidf__rmo 00,tfidf,0.00010667875706762177
smishing,this txn,tfidf__this txn,tfidf,0.00010667875706762177
smishing,txn,tfidf__txn,tfidf,0.00010667875706762177
smishing,your card,tfidf__your card,tfidf,0.00010667875706762177
smishing,there's fantastic,tfidf__there's fantastic,tfidf,0.00010660483269513986
smishing,urltoken there's,tfidf__urltoken there's,tfidf,0.00010660483269513986
smishing,can get,tfidf__can get,tfidf,0.00010645875408682565
smishing,enough,tfidf__enough,tfidf,0.00010628226882617128
smishing,to embody,tfidf__to embody,tfidf,0.00010614161889318416
smishing,the uk's,tfidf__the uk's,tfidf,0.00010595707728156345
smishing,activated to,tfidf__activated to,tfidf,0.00010563084086263164
smishing,to user,tfidf__to user,tfidf,0.00010545989634128823
smishing,loyalty call,tfidf__loyalty call,tfidf,0.00010532033178450413
smishing,may now,tfidf__may now,tfidf,0.00010532033178450413
smishing,phone upgrade,tfidf__phone upgrade,tfidf,0.00010532033178450413
smishing,your loyalty,tfidf__your loyalty,tfidf,0.00010532033178450413
smishing,grant with,tfidf__grant with,tfidf,0.00010531486723344797
smishing,holiday valued,tfidf__holiday valued,tfidf,0.00010529297679805137
smishing,valued at,tfidf__valued at,tfidf,0.00010529297679805137
smishing,i'm not,tfidf__i'm not,tfidf,0.00010506768581242804
smishing,driving,tfidf__driving,tfidf,0.00010472917723128975
smishing,stay in,tfidf__stay in,tfidf,0.0001043705063616655
smishing,goto,tfidf__goto,tfidf,0.00010414048802694714
smishing,07,tfidf__07,tfidf,0.00010400931973358314
smishing,07 11,tfidf__07 11,tfidf,0.00010400931973358314
smishing,41685,tfidf__41685,tfidf,0.00010400931973358314
smishing,code 41685,tfidf__code 41685,tfidf,0.00010400931973358314
smishing,call back,tfidf__call back,tfidf,0.00010377897630375839
smishing,awaiting,tfidf__awaiting,tfidf,0.00010336388548815134
smishing,been de,tfidf__been de,tfidf,0.00010333739293445435
smishing,see you,tfidf__see you,tfidf,0.00010304802831009425
smishing,luv,tfidf__luv,tfidf,0.00010298893394055262
smishing,on 02,tfidf__on 02,tfidf,0.00010278971072410436
smishing,00 gbp,tfidf__00 gbp,tfidf,0.00010275145607791494
smishing,apple online,tfidf__apple online,tfidf,0.00010275145607791494
smishing,at apple,tfidf__at apple,tfidf,0.00010275145607791494
smishing,by sms,tfidf__by sms,tfidf,0.00010275145607791494
smishing,call fraud,tfidf__call fraud,tfidf,0.00010275145607791494
smishing,debit,tfidf__debit,tfidf,0.00010275145607791494
smishing,debit card,tfidf__debit card,tfidf,0.00010275145607791494
smishing,fraud,tfidf__fraud,tfidf,0.00010275145607791494
smishing,gbp if,tfidf__gbp if,tfidf,0.00010275145607791494
smishing,not you,tfidf__not you,tfidf,0.00010275145607791494
smishing,please urgently,tfidf__please urgently,tfidf,0.00010275145607791494
smishing,sms urltoken,tfidf__sms urltoken,tfidf,0.00010275145607791494
smishing,urgently call,tfidf__urgently call,tfidf,0.00010275145607791494
smishing,your debit,tfidf__your debit,tfidf,0.00010275145607791494
smishing,institutionalize,tfidf__institutionalize,tfidf,0.00010251814286311696
smishing,how about,tfidf__how about,tfidf,0.00010186892268865929
smishing,for me,tfidf__for me,tfidf,0.00010161494425525705
smishing,06 03,tfidf__06 03,tfidf,0.00010140272012851398
smishing,phonetoken asap,tfidf__phonetoken asap,tfidf,0.00010140272012851398
smishing,present,tfidf__present,tfidf,0.0001007768416994567
smishing,being,tfidf__being,tfidf,0.00010068995194974563
smishing,4mths,tfidf__4mths,tfidf,0.00010050923781981265
smishing,4mths half,tfidf__4mths half,tfidf,0.00010050923781981265
smishing,mobilesdirect,tfidf__mobilesdirect,tfidf,0.00010050923781981265
smishing,mobilesdirect free,tfidf__mobilesdirect free,tfidf,0.00010050923781981265
smishing,phone 11mths,tfidf__phone 11mths,tfidf,0.00010050923781981265
smishing,rental latest,tfidf__rental latest,tfidf,0.00010050923781981265
smishing,call can,tfidf__call can,tfidf,0.00010006836646169782
smishing,tell me,tfidf__tell me,tfidf,9.979019879271439e-05
smishing,stuff,tfidf__stuff,tfidf,9.954536683579827e-05
smishing,will be,tfidf__will be,tfidf,9.939885647454759e-05
smishing,cool,tfidf__cool,tfidf,9.932266065470921e-05
smishing,how was,tfidf__how was,tfidf,9.902536745486881e-05
smishing,following recent,tfidf__following recent,tfidf,9.861896539375959e-05
smishing,that following,tfidf__that following,tfidf,9.861896539375959e-05
smishing,card has,tfidf__card has,tfidf,9.814859597871578e-05
smishing,says,tfidf__says,tfidf,9.780919237737195e-05
smishing,100 ayurvedic,tfidf__100 ayurvedic,tfidf,9.752738771122942e-05
smishing,25 kg,tfidf__25 kg,tfidf,9.752738771122942e-05
smishing,ayurvedic,tfidf__ayurvedic,tfidf,9.752738771122942e-05
smishing,ayurvedic product,tfidf__ayurvedic product,tfidf,9.752738771122942e-05
smishing,back urltoken,tfidf__back urltoken,tfidf,9.752738771122942e-05
smishing,effect 100,tfidf__effect 100,tfidf,9.752738771122942e-05
smishing,gain to,tfidf__gain to,tfidf,9.752738771122942e-05
smishing,kg,tfidf__kg,tfidf,9.752738771122942e-05
smishing,kg no,tfidf__kg no,tfidf,9.752738771122942e-05
smishing,loss gain,tfidf__loss gain,tfidf,9.752738771122942e-05
smishing,money back,tfidf__money back,tfidf,9.752738771122942e-05
smishing,one call,tfidf__one call,tfidf,9.752738771122942e-05
smishing,product with,tfidf__product with,tfidf,9.752738771122942e-05
smishing,side effect,tfidf__side effect,tfidf,9.752738771122942e-05
smishing,to 25,tfidf__to 25,tfidf,9.752738771122942e-05
smishing,urltoken loss,tfidf__urltoken loss,tfidf,9.752738771122942e-05
smishing,no side,tfidf__no side,tfidf,9.71670899685542e-05
smishing,1500,tfidf__1500,tfidf,9.708985782144527e-05
smishing,in touch,tfidf__in touch,tfidf,9.693408861994349e-05
smishing,space,tfidf__space,tfidf,9.678313451983121e-05
smishing,you pay,tfidf__you pay,tfidf,9.655220957224096e-05
smishing,with money,tfidf__with money,tfidf,9.65003471272947e-05
smishing,and tell,tfidf__and tell,tfidf,9.628835411394662e-05
smishing,drive,tfidf__drive,tfidf,9.627044240812114e-05
smishing,smart,tfidf__smart,tfidf,9.621024060501255e-05
smishing,auction,tfidf__auction,tfidf,9.61887017129112e-05
smishing,out our,tfidf__out our,tfidf,9.586760590915325e-05
smishing,sms phonetoken,tfidf__sms phonetoken,tfidf,9.562560077997943e-05
smishing,stop sms,tfidf__stop sms,tfidf,9.562560077997943e-05
smishing,effect,tfidf__effect,tfidf,9.532624880701461e-05
smishing,with 2000,tfidf__with 2000,tfidf,9.528909727227089e-05
smishing,dress,tfidf__dress,tfidf,9.528721904574283e-05
smishing,first,tfidf__first,tfidf,9.520640723482297e-05
smishing,txt call,tfidf__txt call,tfidf,9.491590706735564e-05
smishing,please yell,tfidf__please yell,tfidf,9.4913331022132e-05
smishing,you'll,tfidf__you'll,tfidf,9.489940022655577e-05
smishing,takes,tfidf__takes,tfidf,9.468217198123654e-05
smishing,it was,tfidf__it was,tfidf,9.449214166164524e-05
smishing,customer our,tfidf__customer our,tfidf,9.410948530412154e-05
smishing,vodafone customer,tfidf__vodafone customer,tfidf,9.410948530412154e-05
smishing,won as,tfidf__won as,tfidf,9.410948530412154e-05
smishing,date to,tfidf__date to,tfidf,9.397420816622038e-05
smishing,phonetoken and,tfidf__phonetoken and,tfidf,9.396302165781055e-05
smishing,02 06,tfidf__02 06,tfidf,9.379949569544891e-05
smishing,ice,tfidf__ice,tfidf,9.344567098195108e-05
smishing,if your,tfidf__if your,tfidf,9.290701951190428e-05
smishing,crazy,tfidf__crazy,tfidf,9.285705087066675e-05
smishing,added,tfidf__added,tfidf,9.277294744842244e-05
smishing,to confirm,tfidf__to confirm,tfidf,9.26470042686915e-05
smishing,min,tfidf__min,tfidf,9.213592885063455e-05
smishing,anything,tfidf__anything,tfidf,9.210866678562969e-05
smishing,delight,tfidf__delight,tfidf,9.167739420428283e-05
smishing,prove,tfidf__prove,tfidf,9.15355558007489e-05
smishing,10 days,tfidf__10 days,tfidf,9.12667324860446e-05
smishing,it will,tfidf__it will,tfidf,9.120329610297612e-05
smishing,won guaranteed,tfidf__won guaranteed,tfidf,9.114849344912076e-05
smishing,trying to,tfidf__trying to,tfidf,9.089407401179278e-05
smishing,ingest exist,tfidf__ingest exist,tfidf,9.060177869943395e-05
smishing,just been,tfidf__just been,tfidf,9.054449764353609e-05
smishing,150ppermesssubscription,tfidf__150ppermesssubscription,tfidf,9.05129512934659e-05
smishing,87066 tscs,tfidf__87066 tscs,tfidf,9.05129512934659e-05
smishing,draw to,tfidf__draw to,tfidf,9.05129512934659e-05
smishing,music gift,tfidf__music gift,tfidf,9.05129512934659e-05
smishing,of music,tfidf__of music,tfidf,9.05129512934659e-05
smishing,tscs,tfidf__tscs,tfidf,9.05129512934659e-05
smishing,tscs urltoken,tfidf__tscs urltoken,tfidf,9.05129512934659e-05
smishing,vouchers every,tfidf__vouchers every,tfidf,9.05129512934659e-05
smishing,word draw,tfidf__word draw,tfidf,9.05129512934659e-05
smishing,biggest,tfidf__biggest,tfidf,9.038449624110132e-05
smishing,buy,tfidf__buy,tfidf,8.993512379368294e-05
smishing,call our,tfidf__call our,tfidf,8.982776817798008e-05
smishing,use,tfidf__use,tfidf,8.979089887001845e-05
smishing,dad,tfidf__dad,tfidf,8.96005582041575e-05
smishing,150pm,tfidf__150pm,tfidf,8.959910711507897e-05
smishing,win 100,tfidf__win 100,tfidf,8.926695623015687e-05
smishing,online store,tfidf__online store,tfidf,8.922672519196682e-05
smishing,store for,tfidf__store for,tfidf,8.922672519196682e-05
smishing,have embody,tfidf__have embody,tfidf,8.914449366339278e-05
smishing,you be,tfidf__you be,tfidf,8.881574274705675e-05
smishing,award call,tfidf__award call,tfidf,8.860451485453076e-05
smishing,suite,tfidf__suite,tfidf,8.857048332681913e-05
smishing,send free,tfidf__send free,tfidf,8.84775954740911e-05
smishing,till,tfidf__till,tfidf,8.829142604242702e-05
smishing,11 months,tfidf__11 months,tfidf,8.827718290262498e-05
smishing,months or,tfidf__months or,tfidf,8.827718290262498e-05
smishing,juz,tfidf__juz,tfidf,8.81497625551558e-05
smishing,bill,tfidf__bill,tfidf,8.800782676553882e-05
smishing,wants,tfidf__wants,tfidf,8.798676778307954e-05
smishing,landline phonetoken,tfidf__landline phonetoken,tfidf,8.789797191975846e-05
smishing,1500 bonus,tfidf__1500 bonus,tfidf,8.779557482101005e-05
smishing,with 1500,tfidf__with 1500,tfidf,8.779557482101005e-05
smishing,hard,tfidf__hard,tfidf,8.768004606322599e-05
smishing,tone 16,tfidf__tone 16,tfidf,8.758558276492606e-05
smishing,now call,tfidf__now call,tfidf,8.755164186158592e-05
smishing,totally,tfidf__totally,tfidf,8.746101164547847e-05
smishing,warm,tfidf__warm,tfidf,8.686794211573337e-05
smishing,texts txt,tfidf__texts txt,tfidf,8.646125488257572e-05
smishing,information for,tfidf__information for,tfidf,8.612905198047631e-05
smishing,thk,tfidf__thk,tfidf,8.569644507552736e-05
smishing,live call,tfidf__live call,tfidf,8.562439104290097e-05
smishing,an ipod,tfidf__an ipod,tfidf,8.54287314808349e-05
smishing,and bring,tfidf__and bring,tfidf,8.517041940481223e-05
smishing,to end,tfidf__to end,tfidf,8.497830586744427e-05
smishing,prize of,tfidf__prize of,tfidf,8.491564654077899e-05
smishing,or 5000,tfidf__or 5000,tfidf,8.486717228478018e-05
smishing,come with,tfidf__come with,tfidf,8.439472010461421e-05
smishing,advance your,tfidf__advance your,tfidf,8.435554528643321e-05
smishing,following,tfidf__following,tfidf,8.4242710087416e-05
smishing,acl03530150pm,tfidf__acl03530150pm,tfidf,8.420665826813927e-05
smishing,room,tfidf__room,tfidf,8.413722668549958e-05
smishing,have secret,tfidf__have secret,tfidf,8.407486777404111e-05
smishing,not reply,tfidf__not reply,tfidf,8.391612043587974e-05
smishing,reply by,tfidf__reply by,tfidf,8.391612043587974e-05
smishing,000 winner,tfidf__000 winner,tfidf,8.38613114695654e-05
smishing,dear v0daf0ne,tfidf__dear v0daf0ne,tfidf,8.38613114695654e-05
smishing,of guaranteed,tfidf__of guaranteed,tfidf,8.38613114695654e-05
smishing,v0daf0ne,tfidf__v0daf0ne,tfidf,8.38613114695654e-05
smishing,v0daf0ne customer,tfidf__v0daf0ne customer,tfidf,8.38613114695654e-05
smishing,winner of,tfidf__winner of,tfidf,8.38613114695654e-05
smishing,taking,tfidf__taking,tfidf,8.344639327075263e-05
smishing,provided,tfidf__provided,tfidf,8.324858810505393e-05
smishing,provided by,tfidf__provided by,tfidf,8.324858810505393e-05
smishing,red,tfidf__red,tfidf,8.319274631912755e-05
smishing,dude,tfidf__dude,tfidf,8.314282450220413e-05
smishing,2rcv,tfidf__2rcv,tfidf,8.295441504231385e-05
smishing,cam moby,tfidf__cam moby,tfidf,8.295441504231385e-05
smishing,hlp,tfidf__hlp,tfidf,8.295441504231385e-05
smishing,hlp phonetoken,tfidf__hlp phonetoken,tfidf,8.295441504231385e-05
smishing,moby wanna,tfidf__moby wanna,tfidf,8.295441504231385e-05
smishing,msg150p,tfidf__msg150p,tfidf,8.295441504231385e-05
smishing,msg150p 2rcv,tfidf__msg150p 2rcv,tfidf,8.295441504231385e-05
smishing,in this,tfidf__in this,tfidf,8.284313777260804e-05
smishing,cam,tfidf__cam,tfidf,8.284110596531873e-05
smishing,biggest live,tfidf__biggest live,tfidf,8.274697780298548e-05
smishing,chat just,tfidf__chat just,tfidf,8.274697780298548e-05
smishing,chat uk's,tfidf__chat uk's,tfidf,8.274697780298548e-05
smishing,cheap chat,tfidf__cheap chat,tfidf,8.274697780298548e-05
smishing,girl and,tfidf__girl and,tfidf,8.274697780298548e-05
smishing,hard live,tfidf__hard live,tfidf,8.274697780298548e-05
smishing,live 121,tfidf__live 121,tfidf,8.274697780298548e-05
smishing,live service,tfidf__live service,tfidf,8.274697780298548e-05
smishing,min choose,tfidf__min choose,tfidf,8.274697780298548e-05
smishing,now cheap,tfidf__now cheap,tfidf,8.274697780298548e-05
smishing,uk's biggest,tfidf__uk's biggest,tfidf,8.274697780298548e-05
smishing,your girl,tfidf__your girl,tfidf,8.274697780298548e-05
smishing,than you,tfidf__than you,tfidf,8.23452618261202e-05
smishing,10 at,tfidf__10 at,tfidf,8.146558774596727e-05
smishing,81151,tfidf__81151,tfidf,8.146558774596727e-05
smishing,at txtauction,tfidf__at txtauction,tfidf,8.146558774596727e-05
smishing,customer loyalty,tfidf__customer loyalty,tfidf,8.146558774596727e-05
smishing,loyalty offer,tfidf__loyalty offer,tfidf,8.146558774596727e-05
smishing,mobile from,tfidf__mobile from,tfidf,8.146558774596727e-05
smishing,no 81151,tfidf__no 81151,tfidf,8.146558774596727e-05
smishing,offer the,tfidf__offer the,tfidf,8.146558774596727e-05
smishing,only 10,tfidf__only 10,tfidf,8.146558774596727e-05
smishing,start to,tfidf__start to,tfidf,8.146558774596727e-05
smishing,txtauction txt,tfidf__txtauction txt,tfidf,8.146558774596727e-05
smishing,word start,tfidf__word start,tfidf,8.146558774596727e-05
smishing,thought,tfidf__thought,tfidf,8.139271850320918e-05
smishing,lunch,tfidf__lunch,tfidf,8.103738730505468e-05
smishing,is that,tfidf__is that,tfidf,8.093592770360148e-05
smishing,reat,tfidf__reat,tfidf,8.091973681018208e-05
smishing,yes to,tfidf__yes to,tfidf,8.06199987424802e-05
smishing,where are,tfidf__where are,tfidf,8.022354819043815e-05
smishing,phonetoken 50,tfidf__phonetoken 50,tfidf,8.019229534776927e-05
smishing,urgent we,tfidf__urgent we,tfidf,8.009338258200882e-05
smishing,shows that,tfidf__shows that,tfidf,8.004264661377891e-05
smishing,asap box97n7qp,tfidf__asap box97n7qp,tfidf,7.983215150618763e-05
smishing,box97n7qp,tfidf__box97n7qp,tfidf,7.983215150618763e-05
smishing,box97n7qp 150ppm,tfidf__box97n7qp 150ppm,tfidf,7.983215150618763e-05
smishing,now claim,tfidf__now claim,tfidf,7.965680430092396e-05
smishing,rate call,tfidf__rate call,tfidf,7.924807300604466e-05
smishing,experience your,tfidf__experience your,tfidf,7.914267490608788e-05
smishing,intl,tfidf__intl,tfidf,7.911373512946295e-05
smishing,intl phonetoken,tfidf__intl phonetoken,tfidf,7.911373512946295e-05
smishing,or intl,tfidf__or intl,tfidf,7.911373512946295e-05
smishing,with rs,tfidf__with rs,tfidf,7.892504149766822e-05
smishing,he's,tfidf__he's,tfidf,7.846007961447165e-05
smishing,90,tfidf__90,tfidf,7.83456856069078e-05
smishing,password,tfidf__password,tfidf,7.826213527365525e-05
smishing,on mobile,tfidf__on mobile,tfidf,7.808589835767397e-05
smishing,colour red,tfidf__colour red,tfidf,7.777925458119896e-05
smishing,colour txtstar,tfidf__colour txtstar,tfidf,7.777925458119896e-05
smishing,from colour,tfidf__from colour,tfidf,7.777925458119896e-05
smishing,number x49,tfidf__number x49,tfidf,7.777925458119896e-05
smishing,red text,tfidf__red text,tfidf,7.777925458119896e-05
smishing,text colour,tfidf__text colour,tfidf,7.777925458119896e-05
smishing,txtstar,tfidf__txtstar,tfidf,7.777925458119896e-05
smishing,x49,tfidf__x49,tfidf,7.777925458119896e-05
smishing,x49 your,tfidf__x49 your,tfidf,7.777925458119896e-05
smishing,phonetoken do,tfidf__phonetoken do,tfidf,7.762127648004834e-05
smishing,be the,tfidf__be the,tfidf,7.758969436206065e-05
smishing,last weekends,tfidf__last weekends,tfidf,7.698645236302503e-05
smishing,weekends draw,tfidf__weekends draw,tfidf,7.698645236302503e-05
smishing,you last,tfidf__you last,tfidf,7.698645236302503e-05
smishing,in need,tfidf__in need,tfidf,7.692628888809941e-05
smishing,surprise awaiting,tfidf__surprise awaiting,tfidf,7.674025504512704e-05
smishing,save,tfidf__save,tfidf,7.65941309099645e-05
smishing,how much,tfidf__how much,tfidf,7.650685918694382e-05
smishing,pix,tfidf__pix,tfidf,7.643652089963592e-05
smishing,represent,tfidf__represent,tfidf,7.638288476863242e-05
smishing,freephone,tfidf__freephone,tfidf,7.61916240668381e-05
smishing,freephone phonetoken,tfidf__freephone phonetoken,tfidf,7.61916240668381e-05
smishing,urgent important,tfidf__urgent important,tfidf,7.618995144849281e-05
smishing,to stay,tfidf__to stay,tfidf,7.608915154070698e-05
smishing,liao,tfidf__liao,tfidf,7.572817275671063e-05
smishing,how's,tfidf__how's,tfidf,7.57014505166653e-05
smishing,billed at,tfidf__billed at,tfidf,7.514964899073253e-05
smishing,mgs billed,tfidf__mgs billed,tfidf,7.514964899073253e-05
smishing,notice,tfidf__notice,tfidf,7.507205576623309e-05
smishing,whatever,tfidf__whatever,tfidf,7.497271047909259e-05
smishing,great new,tfidf__great new,tfidf,7.462313980088431e-05
smishing,best orange,tfidf__best orange,tfidf,7.44528707085398e-05
smishing,new offer,tfidf__new offer,tfidf,7.44528707085398e-05
smishing,offer double,tfidf__offer double,tfidf,7.44528707085398e-05
smishing,on best,tfidf__on best,tfidf,7.44528707085398e-05
smishing,tariffs and,tfidf__tariffs and,tfidf,7.44528707085398e-05
smishing,noticed,tfidf__noticed,tfidf,7.397394793462007e-05
smishing,noticed your,tfidf__noticed your,tfidf,7.397394793462007e-05
smishing,dun,tfidf__dun,tfidf,7.388661152360606e-05
smishing,so much,tfidf__so much,tfidf,7.384483535604767e-05
smishing,me scammers,tfidf__me scammers,tfidf,7.376455900394416e-05
smishing,are the,tfidf__are the,tfidf,7.369278318439269e-05
smishing,cost 50,tfidf__cost 50,tfidf,7.361094205737895e-05
smishing,take part,tfidf__take part,tfidf,7.323339764190776e-05
smishing,left for,tfidf__left for,tfidf,7.317885168661419e-05
smishing,000 fl1pkart,tfidf__000 fl1pkart,tfidf,7.307058919953981e-05
smishing,fl1pkart team,tfidf__fl1pkart team,tfidf,7.307058919953981e-05
smishing,guaranteed cash,tfidf__guaranteed cash,tfidf,7.307058919953981e-05
smishing,w0n guaranteed,tfidf__w0n guaranteed,tfidf,7.307058919953981e-05
smishing,hi baby,tfidf__hi baby,tfidf,7.300576911273769e-05
smishing,are ready,tfidf__are ready,tfidf,7.297762127921616e-05
smishing,1st tone,tfidf__1st tone,tfidf,7.274308326190657e-05
smishing,tone free,tfidf__tone free,tfidf,7.274308326190657e-05
smishing,this week's,tfidf__this week's,tfidf,7.228612063841735e-05
smishing,end of,tfidf__end of,tfidf,7.214773663537904e-05
smishing,co,tfidf__co,tfidf,7.20967228056389e-05
smishing,ans,tfidf__ans,tfidf,7.17515463639499e-05
smishing,customer embody,tfidf__customer embody,tfidf,7.162843165689432e-05
smishing,me when,tfidf__me when,tfidf,7.149975407706616e-05
smishing,t's,tfidf__t's,tfidf,7.147441727803504e-05
smishing,urltoken text,tfidf__urltoken text,tfidf,7.134689585068117e-05
smishing,you reply,tfidf__you reply,tfidf,7.123935672354427e-05
smishing,prove to,tfidf__prove to,tfidf,7.053462668859983e-05
smishing,airport,tfidf__airport,tfidf,7.029416667102903e-05
smishing,babe its,tfidf__babe its,tfidf,7.000034572473181e-05
smishing,sad,tfidf__sad,tfidf,6.993491724380103e-05
smishing,the uks,tfidf__the uks,tfidf,6.97817936963554e-05
smishing,uks,tfidf__uks,tfidf,6.97817936963554e-05
smishing,3uz,tfidf__3uz,tfidf,6.97423290253208e-05
smishing,m26,tfidf__m26,tfidf,6.97423290253208e-05
smishing,m26 3uz,tfidf__m26 3uz,tfidf,6.97423290253208e-05
smishing,only 150ppm,tfidf__only 150ppm,tfidf,6.967659667444763e-05
smishing,10 mths,tfidf__10 mths,tfidf,6.965385817205404e-05
smishing,camera video,tfidf__camera video,tfidf,6.965385817205404e-05
smishing,mobile 10,tfidf__mobile 10,tfidf,6.965385817205404e-05
smishing,mths update,tfidf__mths update,tfidf,6.965385817205404e-05
smishing,phones for,tfidf__phones for,tfidf,6.965385817205404e-05
smishing,video phones,tfidf__video phones,tfidf,6.965385817205404e-05
smishing,slide,tfidf__slide,tfidf,6.947098797671349e-05
smishing,sport,tfidf__sport,tfidf,6.945318905063094e-05
smishing,o2,tfidf__o2,tfidf,6.9290605564539e-05
smishing,the same,tfidf__the same,tfidf,6.884012463572101e-05
smishing,the end,tfidf__the end,tfidf,6.869221568461235e-05
smishing,i'm at,tfidf__i'm at,tfidf,6.854168449406055e-05
smishing,and the,tfidf__and the,tfidf,6.852983834143915e-05
smishing,35,tfidf__35,tfidf,6.836993442756505e-05
smishing,wap,tfidf__wap,tfidf,6.811797738993086e-05
smishing,been awarded,tfidf__been awarded,tfidf,6.786890186359457e-05
smishing,product,tfidf__product,tfidf,6.772404960986466e-05
smishing,tc,tfidf__tc,tfidf,6.766153372027192e-05
smishing,8007 urltoken,tfidf__8007 urltoken,tfidf,6.750089742991912e-05
smishing,yrs,tfidf__yrs,tfidf,6.747254993581814e-05
smishing,gd,tfidf__gd,tfidf,6.735299624838311e-05
smishing,thinks ur,tfidf__thinks ur,tfidf,6.71693710389522e-05
smishing,announcement we,tfidf__announcement we,tfidf,6.691946965871208e-05
smishing,delivery to,tfidf__delivery to,tfidf,6.691946965871208e-05
smishing,re schedule,tfidf__re schedule,tfidf,6.691946965871208e-05
smishing,schedule,tfidf__schedule,tfidf,6.691946965871208e-05
smishing,schedule ref,tfidf__schedule ref,tfidf,6.691946965871208e-05
smishing,we recently,tfidf__we recently,tfidf,6.691946965871208e-05
smishing,calling to,tfidf__calling to,tfidf,6.684277816026383e-05
smishing,free calling,tfidf__free calling,tfidf,6.684277816026383e-05
smishing,cup,tfidf__cup,tfidf,6.664579828079009e-05
smishing,hi babe,tfidf__hi babe,tfidf,6.654460204423217e-05
smishing,cash await,tfidf__cash await,tfidf,6.628432272240494e-05
smishing,landline your,tfidf__landline your,tfidf,6.628432272240494e-05
smishing,sae cs,tfidf__sae cs,tfidf,6.628432272240494e-05
smishing,and get,tfidf__and get,tfidf,6.588788938314462e-05
smishing,to tell,tfidf__to tell,tfidf,6.584962241397855e-05
smishing,instructions,tfidf__instructions,tfidf,6.574847975682816e-05
smishing,battle,tfidf__battle,tfidf,6.562711272344188e-05
smishing,dear paytm,tfidf__dear paytm,tfidf,6.55280857393213e-05
smishing,paytm customer,tfidf__paytm customer,tfidf,6.55280857393213e-05
smishing,ur award,tfidf__ur award,tfidf,6.547926216540164e-05
smishing,treasure,tfidf__treasure,tfidf,6.53443134191406e-05
smishing,you but,tfidf__you but,tfidf,6.510116968590419e-05
smishing,slow,tfidf__slow,tfidf,6.482641627488025e-05
smishing,collection sae,tfidf__collection sae,tfidf,6.446219241995037e-05
smishing,sk38xh,tfidf__sk38xh,tfidf,6.436158327407748e-05
smishing,embody awarded,tfidf__embody awarded,tfidf,6.430983701259839e-05
smishing,tho,tfidf__tho,tfidf,6.428962281433909e-05
smishing,nokia tones,tfidf__nokia tones,tfidf,6.408118603266755e-05
smishing,internet,tfidf__internet,tfidf,6.384427082941828e-05
smishing,lei,tfidf__lei,tfidf,6.381574231236483e-05
smishing,stop send,tfidf__stop send,tfidf,6.380797883081802e-05
smishing,miss you,tfidf__miss you,tfidf,6.358898290147634e-05
smishing,there is,tfidf__there is,tfidf,6.352369813334037e-05
smishing,end,tfidf__end,tfidf,6.329254061679808e-05
smishing,36504,tfidf__36504,tfidf,6.32348245287023e-05
smishing,pobox 36504,tfidf__pobox 36504,tfidf,6.32348245287023e-05
smishing,verify,tfidf__verify,tfidf,6.297159973304975e-05
smishing,unloosen,tfidf__unloosen,tfidf,6.284981935730086e-05
smishing,50 pm,tfidf__50 pm,tfidf,6.276237726449676e-05
smishing,collection call,tfidf__collection call,tfidf,6.276237726449676e-05
smishing,costa,tfidf__costa,tfidf,6.276237726449676e-05
smishing,costa del,tfidf__costa del,tfidf,6.276237726449676e-05
smishing,del sol,tfidf__del sol,tfidf,6.276237726449676e-05
smishing,max10mins,tfidf__max10mins,tfidf,6.276237726449676e-05
smishing,now toclaim,tfidf__now toclaim,tfidf,6.276237726449676e-05
smishing,pm max10mins,tfidf__pm max10mins,tfidf,6.276237726449676e-05
smishing,pobox334,tfidf__pobox334,tfidf,6.276237726449676e-05
smishing,pobox334 stockport,tfidf__pobox334 stockport,tfidf,6.276237726449676e-05
smishing,sk38xh cost,tfidf__sk38xh cost,tfidf,6.276237726449676e-05
smishing,sol,tfidf__sol,tfidf,6.276237726449676e-05
smishing,sol holiday,tfidf__sol holiday,tfidf,6.276237726449676e-05
smishing,stockport,tfidf__stockport,tfidf,6.276237726449676e-05
smishing,stockport sk38xh,tfidf__stockport sk38xh,tfidf,6.276237726449676e-05
smishing,toclaim,tfidf__toclaim,tfidf,6.276237726449676e-05
smishing,toclaim sae,tfidf__toclaim sae,tfidf,6.276237726449676e-05
smishing,your costa,tfidf__your costa,tfidf,6.276237726449676e-05
smishing,to ur,tfidf__to ur,tfidf,6.232747808705555e-05
smishing,update co,tfidf__update co,tfidf,6.228480927597707e-05
smishing,pobox36504w45wq,tfidf__pobox36504w45wq,tfidf,6.18116764351545e-05
smishing,adam,tfidf__adam,tfidf,6.155570907198833e-05
smishing,adam eve,tfidf__adam eve,tfidf,6.155570907198833e-05
smishing,by heart,tfidf__by heart,tfidf,6.155570907198833e-05
smishing,eve phonetoken,tfidf__eve phonetoken,tfidf,6.155570907198833e-05
smishing,heart txt,tfidf__heart txt,tfidf,6.155570907198833e-05
smishing,logo ur,tfidf__logo ur,tfidf,6.155570907198833e-05
smishing,lover names,tfidf__lover names,tfidf,6.155570907198833e-05
smishing,mobno,tfidf__mobno,tfidf,6.155570907198833e-05
smishing,mobno eg,tfidf__mobno eg,tfidf,6.155570907198833e-05
smishing,name1,tfidf__name1,tfidf,6.155570907198833e-05
smishing,name1 name2,tfidf__name1 name2,tfidf,6.155570907198833e-05
smishing,name2,tfidf__name2,tfidf,6.155570907198833e-05
smishing,name2 mobno,tfidf__name2 mobno,tfidf,6.155570907198833e-05
smishing,names,tfidf__names,tfidf,6.155570907198833e-05
smishing,ur lover,tfidf__ur lover,tfidf,6.13073390938392e-05
smishing,pleased,tfidf__pleased,tfidf,6.098320248720676e-05
smishing,pleased to,tfidf__pleased to,tfidf,6.098320248720676e-05
smishing,fastest,tfidf__fastest,tfidf,6.088723161505259e-05
smishing,if know,tfidf__if know,tfidf,6.081363490537571e-05
smishing,will go,tfidf__will go,tfidf,6.043459063928153e-05
smishing,todays voda,tfidf__todays voda,tfidf,6.035177716137122e-05
smishing,voda,tfidf__voda,tfidf,6.035177716137122e-05
smishing,voda numbers,tfidf__voda numbers,tfidf,6.035177716137122e-05
smishing,weekends,tfidf__weekends,tfidf,6.0238335829138514e-05
smishing,to use,tfidf__to use,tfidf,6.015880372449406e-05
smishing,urltoken there,tfidf__urltoken there,tfidf,5.966671438264666e-05
smishing,ah,tfidf__ah,tfidf,5.965087485580536e-05
smishing,12,tfidf__12,tfidf,5.913434510634554e-05
smishing,shit,tfidf__shit,tfidf,5.9124063511671405e-05
smishing,joined,tfidf__joined,tfidf,5.8939323508033106e-05
smishing,ascertain,tfidf__ascertain,tfidf,5.8475269573783474e-05
smishing,you will,tfidf__you will,tfidf,5.8309700972520975e-05
smishing,pick up,tfidf__pick up,tfidf,5.8190826069233434e-05
smishing,put,tfidf__put,tfidf,5.802147189833051e-05
smishing,vs,tfidf__vs,tfidf,5.777653086502661e-05
smishing,your number,tfidf__your number,tfidf,5.750103587569943e-05
smishing,behave,tfidf__behave,tfidf,5.74916596130145e-05
smishing,whats,tfidf__whats,tfidf,5.7342310016339424e-05
smishing,cut,tfidf__cut,tfidf,5.719039561757734e-05
smishing,ending with,tfidf__ending with,tfidf,5.6998664409523356e-05
smishing,has just,tfidf__has just,tfidf,5.6706408292731807e-05
smishing,but were,tfidf__but were,tfidf,5.6662985172451844e-05
smishing,were unable,tfidf__were unable,tfidf,5.6662985172451844e-05
smishing,150ppm 16,tfidf__150ppm 16,tfidf,5.6610457359269755e-05
smishing,please to,tfidf__please to,tfidf,5.646838260392727e-05
smishing,gift voucher,tfidf__gift voucher,tfidf,5.6365799604797434e-05
smishing,confirm,tfidf__confirm,tfidf,5.622914855956075e-05
smishing,request,tfidf__request,tfidf,5.617704594036126e-05
smishing,thing,tfidf__thing,tfidf,5.617310668442989e-05
smishing,5p,tfidf__5p,tfidf,5.5834191553220715e-05
smishing,mobileupd8 on,tfidf__mobileupd8 on,tfidf,5.56691693050043e-05
smishing,ingest advance,tfidf__ingest advance,tfidf,5.564422742263619e-05
smishing,reference,tfidf__reference,tfidf,5.553077620763523e-05
smishing,just text,tfidf__just text,tfidf,5.537605248933634e-05
smishing,jst,tfidf__jst,tfidf,5.477385083067258e-05
smishing,tenerife,tfidf__tenerife,tfidf,5.473989101825188e-05
smishing,tenerife holiday,tfidf__tenerife holiday,tfidf,5.473989101825188e-05
smishing,are entitled,tfidf__are entitled,tfidf,5.4485833388030404e-05
smishing,computer has,tfidf__computer has,tfidf,5.423504193055959e-05
smishing,win the,tfidf__win the,tfidf,5.4228928715986456e-05
smishing,pa,tfidf__pa,tfidf,5.3682657560048606e-05
smishing,bl0cked,tfidf__bl0cked,tfidf,5.368072272747018e-05
smishing,for o2,tfidf__for o2,tfidf,5.3514179938025915e-05
smishing,o2 user,tfidf__o2 user,tfidf,5.3514179938025915e-05
smishing,an important,tfidf__an important,tfidf,5.328641822269183e-05
smishing,important customer,tfidf__important customer,tfidf,5.328641822269183e-05
smishing,or no,tfidf__or no,tfidf,5.328352255446344e-05
smishing,phonetoken hg,tfidf__phonetoken hg,tfidf,5.314638456997368e-05
smishing,this week,tfidf__this week,tfidf,5.290798097765913e-05
smishing,phonetoken,tfidf__phonetoken,tfidf,5.2873389892860145e-05
smishing,feelin,tfidf__feelin,tfidf,5.2723477743962815e-05
smishing,2rcv hlp,tfidf__2rcv hlp,tfidf,5.2658437745742e-05
smishing,82242 msg150p,tfidf__82242 msg150p,tfidf,5.2658437745742e-05
smishing,company jst,tfidf__company jst,tfidf,5.2658437745742e-05
smishing,feelin kinda,tfidf__feelin kinda,tfidf,5.2658437745742e-05
smishing,freemsg feelin,tfidf__freemsg feelin,tfidf,5.2658437745742e-05
smishing,kinda lnly,tfidf__kinda lnly,tfidf,5.2658437745742e-05
smishing,lnly,tfidf__lnly,tfidf,5.2658437745742e-05
smishing,my pic,tfidf__my pic,tfidf,5.2658437745742e-05
smishing,pic txt,tfidf__pic txt,tfidf,5.2658437745742e-05
smishing,wanna my,tfidf__wanna my,tfidf,5.2658437745742e-05
smishing,nice,tfidf__nice,tfidf,5.264660494338418e-05
smishing,me company,tfidf__me company,tfidf,5.228877742833033e-05
smishing,let's,tfidf__let's,tfidf,5.2273397558800515e-05
smishing,being contacted,tfidf__being contacted,tfidf,5.201771569991827e-05
smishing,dat,tfidf__dat,tfidf,5.1837156287776644e-05
smishing,inr 00,tfidf__inr 00,tfidf,5.171187063186848e-05
smishing,is fantastic,tfidf__is fantastic,tfidf,5.138785856298144e-05
smishing,employ,tfidf__employ,tfidf,5.089434755229856e-05
smishing,went to,tfidf__went to,tfidf,5.069657495482759e-05
smishing,will come,tfidf__will come,tfidf,5.058533978809698e-05
smishing,00 urltoken,tfidf__00 urltoken,tfidf,5.025199447955552e-05
smishing,just reply,tfidf__just reply,tfidf,5.012047240886379e-05
smishing,package,tfidf__package,tfidf,4.993822392380889e-05
smishing,nyt,tfidf__nyt,tfidf,4.9728006727624956e-05
smishing,24hr,tfidf__24hr,tfidf,4.968511522340807e-05
smishing,24hr thank,tfidf__24hr thank,tfidf,4.968511522340807e-05
smishing,pay tm,tfidf__pay tm,tfidf,4.968511522340807e-05
smishing,paytm will,tfidf__paytm will,tfidf,4.968511522340807e-05
smishing,phonetoken your,tfidf__phonetoken your,tfidf,4.968511522340807e-05
smishing,tm office,tfidf__tm office,tfidf,4.968511522340807e-05
smishing,within 24hr,tfidf__within 24hr,tfidf,4.968511522340807e-05
smishing,miss,tfidf__miss,tfidf,4.9223217781576545e-05
smishing,sae tc,tfidf__sae tc,tfidf,4.8961828487503104e-05
smishing,tc pobox334,tfidf__tc pobox334,tfidf,4.8961828487503104e-05
smishing,months,tfidf__months,tfidf,4.8929607814731e-05
smishing,block within,tfidf__block within,tfidf,4.8536946124439296e-05
smishing,will block,tfidf__will block,tfidf,4.8536946124439296e-05
smishing,win an,tfidf__win an,tfidf,4.839898325031308e-05
smishing,speed,tfidf__speed,tfidf,4.83142791320483e-05
smishing,spider,tfidf__spider,tfidf,4.830851014227685e-05
smishing,or landline,tfidf__or landline,tfidf,4.8306130604550905e-05
smishing,phonetoken pobox75ldns7,tfidf__phonetoken pobox75ldns7,tfidf,4.8306130604550905e-05
smishing,pobox75ldns7,tfidf__pobox75ldns7,tfidf,4.8306130604550905e-05
smishing,fastest growing,tfidf__fastest growing,tfidf,4.821509175228953e-05
smishing,growing,tfidf__growing,tfidf,4.821509175228953e-05
smishing,shopping,tfidf__shopping,tfidf,4.787387864687472e-05
smishing,tm,tfidf__tm,tfidf,4.774899645566223e-05
smishing,28days,tfidf__28days,tfidf,4.74262691236556e-05
smishing,28days cs,tfidf__28days cs,tfidf,4.74262691236556e-05
smishing,2yr,tfidf__2yr,tfidf,4.74262691236556e-05
smishing,2yr warranty,tfidf__2yr warranty,tfidf,4.74262691236556e-05
smishing,box177,tfidf__box177,tfidf,4.74262691236556e-05
smishing,box177 m221bp,tfidf__box177 m221bp,tfidf,4.74262691236556e-05
smishing,cs box177,tfidf__cs box177,tfidf,4.74262691236556e-05
smishing,m221bp,tfidf__m221bp,tfidf,4.74262691236556e-05
smishing,m221bp 2yr,tfidf__m221bp 2yr,tfidf,4.74262691236556e-05
smishing,warranty,tfidf__warranty,tfidf,4.74262691236556e-05
smishing,warranty 150ppm,tfidf__warranty 150ppm,tfidf,4.74262691236556e-05
smishing,within 28days,tfidf__within 28days,tfidf,4.74262691236556e-05
smishing,c's apply,tfidf__c's apply,tfidf,4.702084698753679e-05
smishing,yahoo,tfidf__yahoo,tfidf,4.700391958724254e-05
smishing,100 of,tfidf__100 of,tfidf,4.699480475480505e-05
smishing,phones free,tfidf__phones free,tfidf,4.684226427751532e-05
smishing,look make,tfidf__look make,tfidf,4.6226268488700464e-05
smishing,carlos,tfidf__carlos,tfidf,4.607160049798185e-05
smishing,you and,tfidf__you and,tfidf,4.553823252830042e-05
smishing,become to,tfidf__become to,tfidf,4.46683281768812e-05
smishing,150 ppm,tfidf__150 ppm,tfidf,4.466026827724431e-05
smishing,ppm,tfidf__ppm,tfidf,4.466026827724431e-05
smishing,care phonetoken,tfidf__care phonetoken,tfidf,4.4577825579626605e-05
smishing,rcvd,tfidf__rcvd,tfidf,4.422709862808858e-05
smishing,sing,tfidf__sing,tfidf,4.421366027562096e-05
smishing,company,tfidf__company,tfidf,4.384296165696574e-05
smishing,24 10,tfidf__24 10,tfidf,4.377276590319874e-05
smishing,50p,tfidf__50p,tfidf,4.3727413990430516e-05
smishing,choose,tfidf__choose,tfidf,4.3709585027090714e-05
smishing,if not,tfidf__if not,tfidf,4.365520138445402e-05
smishing,1000 cashto,tfidf__1000 cashto,tfidf,4.359048053198925e-05
smishing,200 award,tfidf__200 award,tfidf,4.359048053198925e-05
smishing,4jx,tfidf__4jx,tfidf,4.359048053198925e-05
smishing,88222,tfidf__88222,tfidf,4.359048053198925e-05
smishing,88222 php,tfidf__88222 php,tfidf,4.359048053198925e-05
smishing,award or,tfidf__award or,tfidf,4.359048053198925e-05
smishing,cashto,tfidf__cashto,tfidf,4.359048053198925e-05
smishing,even 1000,tfidf__even 1000,tfidf,4.359048053198925e-05
smishing,getstop,tfidf__getstop,tfidf,4.359048053198925e-05
smishing,getstop on,tfidf__getstop on,tfidf,4.359048053198925e-05
smishing,guaranteed 200,tfidf__guaranteed 200,tfidf,4.359048053198925e-05
smishing,on 88222,tfidf__on 88222,tfidf,4.359048053198925e-05
smishing,or even,tfidf__or even,tfidf,4.359048053198925e-05
smishing,php,tfidf__php,tfidf,4.359048053198925e-05
smishing,php rg21,tfidf__php rg21,tfidf,4.359048053198925e-05
smishing,rg21,tfidf__rg21,tfidf,4.359048053198925e-05
smishing,rg21 4jx,tfidf__rg21 4jx,tfidf,4.359048053198925e-05
smishing,stop getstop,tfidf__stop getstop,tfidf,4.359048053198925e-05
smishing,asap,tfidf__asap,tfidf,4.352458230139715e-05
smishing,7250i,tfidf__7250i,tfidf,4.321436923506202e-05
smishing,7250i this,tfidf__7250i this,tfidf,4.321436923506202e-05
smishing,nokia 7250i,tfidf__nokia 7250i,tfidf,4.321436923506202e-05
smishing,select to,tfidf__select to,tfidf,4.3157382202392396e-05
smishing,ard,tfidf__ard,tfidf,4.287104589298907e-05
smishing,rates app,tfidf__rates app,tfidf,4.252150839153644e-05
smishing,knw,tfidf__knw,tfidf,4.2511061665539625e-05
smishing,is look,tfidf__is look,tfidf,4.2304122329175225e-05
smishing,06,tfidf__06,tfidf,4.2243758579852933e-05
smishing,collection cs,tfidf__collection cs,tfidf,4.2114052999476915e-05
smishing,cs sae,tfidf__cs sae,tfidf,4.2114052999476915e-05
smishing,landline 5000,tfidf__landline 5000,tfidf,4.2114052999476915e-05
smishing,waiting,tfidf__waiting,tfidf,4.205177775791908e-05
smishing,cust,tfidf__cust,tfidf,4.204172956032616e-05
smishing,charged 50,tfidf__charged 50,tfidf,4.2023210959588496e-05
smishing,txting,tfidf__txting,tfidf,4.2019498688768034e-05
smishing,txting and,tfidf__txting and,tfidf,4.2019498688768034e-05
smishing,possess been,tfidf__possess been,tfidf,4.1879470540242624e-05
smishing,abt,tfidf__abt,tfidf,4.1867455222025274e-05
smishing,quite,tfidf__quite,tfidf,4.154154662215895e-05
smishing,to activate,tfidf__to activate,tfidf,4.146707943973444e-05
smishing,150p tone,tfidf__150p tone,tfidf,4.1433924718973826e-05
smishing,urltoken pobox,tfidf__urltoken pobox,tfidf,4.135767784892545e-05
smishing,games arcade,tfidf__games arcade,tfidf,4.1287891176189016e-05
smishing,leh,tfidf__leh,tfidf,4.1107829381847303e-05
smishing,with your,tfidf__with your,tfidf,4.107258243297876e-05
smishing,up for,tfidf__up for,tfidf,4.0959103422273524e-05
smishing,4t,tfidf__4t,tfidf,4.0651746593465274e-05
smishing,now 4t,tfidf__now 4t,tfidf,4.0651746593465274e-05
smishing,yours now,tfidf__yours now,tfidf,4.0651746593465274e-05
smishing,cw25wx,tfidf__cw25wx,tfidf,4.055598849453979e-05
smishing,week's,tfidf__week's,tfidf,4.03227619698111e-05
smishing,150p reply,tfidf__150p reply,tfidf,4.024252711479113e-05
smishing,boltblue,tfidf__boltblue,tfidf,4.024252711479113e-05
smishing,boltblue tones,tfidf__boltblue tones,tfidf,4.024252711479113e-05
smishing,cha cha,tfidf__cha cha,tfidf,4.024252711479113e-05
smishing,cha slide,tfidf__cha slide,tfidf,4.024252711479113e-05
smishing,eg poly3,tfidf__eg poly3,tfidf,4.024252711479113e-05
smishing,for 150p,tfidf__for 150p,tfidf,4.024252711479113e-05
smishing,jamz,tfidf__jamz,tfidf,4.024252711479113e-05
smishing,jamz toxic,tfidf__jamz toxic,tfidf,4.024252711479113e-05
smishing,me or,tfidf__me or,tfidf,4.024252711479113e-05
smishing,mono eg,tfidf__mono eg,tfidf,4.024252711479113e-05
smishing,or mono,tfidf__or mono,tfidf,4.024252711479113e-05
smishing,poly or,tfidf__poly or,tfidf,4.024252711479113e-05
smishing,poly3,tfidf__poly3,tfidf,4.024252711479113e-05
smishing,poly3 cha,tfidf__poly3 cha,tfidf,4.024252711479113e-05
smishing,reply poly,tfidf__reply poly,tfidf,4.024252711479113e-05
smishing,slide yeah,tfidf__slide yeah,tfidf,4.024252711479113e-05
smishing,slow jamz,tfidf__slow jamz,tfidf,4.024252711479113e-05
smishing,tones for,tfidf__tones for,tfidf,4.024252711479113e-05
smishing,tones txt,tfidf__tones txt,tfidf,4.024252711479113e-05
smishing,toxic,tfidf__toxic,tfidf,4.024252711479113e-05
smishing,toxic come,tfidf__toxic come,tfidf,4.024252711479113e-05
smishing,txt more,tfidf__txt more,tfidf,4.024252711479113e-05
smishing,yeah slow,tfidf__yeah slow,tfidf,4.024252711479113e-05
smishing,to reach,tfidf__to reach,tfidf,4.022956668729434e-05
smishing,free mins,tfidf__free mins,tfidf,4.006625672422853e-05
smishing,will embody,tfidf__will embody,tfidf,3.997039215716329e-05
smishing,both,tfidf__both,tfidf,3.9954285041211416e-05
smishing,1x150p,tfidf__1x150p,tfidf,3.97937293832542e-05
smishing,1x150p wk,tfidf__1x150p wk,tfidf,3.97937293832542e-05
smishing,phonetoken 1x150p,tfidf__phonetoken 1x150p,tfidf,3.97937293832542e-05
smishing,t's c's,tfidf__t's c's,tfidf,3.97937293832542e-05
smishing,please bid,tfidf__please bid,tfidf,3.963623920463795e-05
smishing,wanted,tfidf__wanted,tfidf,3.9554227608444564e-05
smishing,we tried,tfidf__we tried,tfidf,3.9213075317188926e-05
smishing,get txting,tfidf__get txting,tfidf,3.874488978507162e-05
smishing,mates urltoken,tfidf__mates urltoken,tfidf,3.874488978507162e-05
smishing,open,tfidf__open,tfidf,3.840064598469969e-05
smishing,official,tfidf__official,tfidf,3.820620057392622e-05
smishing,mid,tfidf__mid,tfidf,3.820531202587893e-05
smishing,booked,tfidf__booked,tfidf,3.7829736312462384e-05
smishing,correct,tfidf__correct,tfidf,3.775473811065387e-05
smishing,to me,tfidf__to me,tfidf,3.772581137526501e-05
smishing,87239 to,tfidf__87239 to,tfidf,3.752472503726812e-05
smishing,just got,tfidf__just got,tfidf,3.742559942054067e-05
smishing,me to,tfidf__me to,tfidf,3.738196266597984e-05
smishing,u've been,tfidf__u've been,tfidf,3.7183534858048055e-05
smishing,test,tfidf__test,tfidf,3.655435089080548e-05
smishing,numbers finish,tfidf__numbers finish,tfidf,3.646321585329644e-05
smishing,nothing,tfidf__nothing,tfidf,3.636946700280877e-05
smishing,complimentary tenerife,tfidf__complimentary tenerife,tfidf,3.6022434958244466e-05
smishing,cs box,tfidf__cs box,tfidf,3.6022434958244466e-05
smishing,84,tfidf__84,tfidf,3.584479843311388e-05
smishing,class,tfidf__class,tfidf,3.578545940181878e-05
smishing,you win,tfidf__you win,tfidf,3.568430424916057e-05
smishing,mobile customer,tfidf__mobile customer,tfidf,3.5664060531825886e-05
smishing,number ingest,tfidf__number ingest,tfidf,3.552353687598897e-05
smishing,the next,tfidf__the next,tfidf,3.5491395966353445e-05
smishing,with half,tfidf__with half,tfidf,3.546906066905095e-05
smishing,txt or,tfidf__txt or,tfidf,3.537545238827143e-05
smishing,on what,tfidf__on what,tfidf,3.5358582256257094e-05
smishing,your urltoken,tfidf__your urltoken,tfidf,3.5307748193894006e-05
smishing,you hear,tfidf__you hear,tfidf,3.512854746662479e-05
smishing,to have,tfidf__to have,tfidf,3.503643783274804e-05
smishing,touch you,tfidf__touch you,tfidf,3.461879749167426e-05
smishing,ll,tfidf__ll,tfidf,3.454442816038646e-05
smishing,valued vodafone,tfidf__valued vodafone,tfidf,3.420935639098456e-05
smishing,150p textoperator,tfidf__150p textoperator,tfidf,3.420560073395286e-05
smishing,18 xxx,tfidf__18 xxx,tfidf,3.420560073395286e-05
smishing,89555,tfidf__89555,tfidf,3.420560073395286e-05
smishing,g696ga,tfidf__g696ga,tfidf,3.420560073395286e-05
smishing,g696ga 18,tfidf__g696ga 18,tfidf,3.420560073395286e-05
smishing,textoperator,tfidf__textoperator,tfidf,3.420560073395286e-05
smishing,textoperator g696ga,tfidf__textoperator g696ga,tfidf,3.420560073395286e-05
smishing,to 89555,tfidf__to 89555,tfidf,3.420560073395286e-05
smishing,reference number,tfidf__reference number,tfidf,3.418292903766586e-05
smishing,im,tfidf__im,tfidf,3.4108100173837195e-05
smishing,haf,tfidf__haf,tfidf,3.396075005690763e-05
smishing,mobile for,tfidf__mobile for,tfidf,3.367378073463148e-05
smishing,our 2nd,tfidf__our 2nd,tfidf,3.337044024689983e-05
smishing,you ever,tfidf__you ever,tfidf,3.324254837646249e-05
smishing,08,tfidf__08,tfidf,3.319746024846414e-05
smishing,and great,tfidf__and great,tfidf,3.317990378902094e-05
smishing,fall,tfidf__fall,tfidf,3.3049133147688785e-05
smishing,rcv,tfidf__rcv,tfidf,3.304141174020459e-05
smishing,to download,tfidf__to download,tfidf,3.301448205680176e-05
smishing,see my,tfidf__see my,tfidf,3.287941558392109e-05
smishing,reach,tfidf__reach,tfidf,3.282868231549537e-05
smishing,wanted to,tfidf__wanted to,tfidf,3.2414760611914644e-05
smishing,tax,tfidf__tax,tfidf,3.2353208751206574e-05
smishing,dunno,tfidf__dunno,tfidf,3.233186398085234e-05
smishing,ur friends,tfidf__ur friends,tfidf,3.2261803863640714e-05
smishing,rate c's,tfidf__rate c's,tfidf,3.224769940897404e-05
smishing,std txt,tfidf__std txt,tfidf,3.224769940897404e-05
smishing,txt rate,tfidf__txt rate,tfidf,3.224769940897404e-05
smishing,tb,tfidf__tb,tfidf,3.2204533537489544e-05
smishing,stock,tfidf__stock,tfidf,3.2119137401667066e-05
smishing,fone,tfidf__fone,tfidf,3.2006391317323324e-05
smishing,harry,tfidf__harry,tfidf,3.165276146292765e-05
smishing,exist your,tfidf__exist your,tfidf,3.160981644806302e-05
smishing,900 prize,tfidf__900 prize,tfidf,3.157234087304716e-05
smishing,claim this,tfidf__claim this,tfidf,3.145648655895909e-05
smishing,figure,tfidf__figure,tfidf,3.143955407211402e-05
smishing,story,tfidf__story,tfidf,3.1438281974513535e-05
smishing,idiot,tfidf__idiot,tfidf,3.127272927865157e-05
smishing,country,tfidf__country,tfidf,3.111980172069632e-05
smishing,an hour,tfidf__an hour,tfidf,3.0902387653527066e-05
smishing,you could,tfidf__you could,tfidf,3.085671382096632e-05
smishing,purchase,tfidf__purchase,tfidf,3.080145960236214e-05
smishing,afternoon,tfidf__afternoon,tfidf,3.0711995614236567e-05
smishing,todays draw,tfidf__todays draw,tfidf,3.0656552053559875e-05
smishing,an idiot,tfidf__an idiot,tfidf,3.0491889442547554e-05
smishing,suspended pay,tfidf__suspended pay,tfidf,3.0434242846537496e-05
smishing,call amanda,tfidf__call amanda,tfidf,3.0378517046894787e-05
smishing,smiling,tfidf__smiling,tfidf,3.0370727480072986e-05
smishing,embody easy,tfidf__embody easy,tfidf,2.9866016165413404e-05
smishing,sweet,tfidf__sweet,tfidf,2.9807149715671715e-05
smishing,hour,tfidf__hour,tfidf,2.970314374156481e-05
smishing,are 00,tfidf__are 00,tfidf,2.9653636807446095e-05
smishing,the official,tfidf__the official,tfidf,2.9436200888161023e-05
smishing,dont know,tfidf__dont know,tfidf,2.9358016077165758e-05
smishing,silver,tfidf__silver,tfidf,2.9298268568364718e-05
smishing,txt on,tfidf__txt on,tfidf,2.9265723841200488e-05
smishing,faster,tfidf__faster,tfidf,2.893859915147457e-05
smishing,all of,tfidf__all of,tfidf,2.8811386967852465e-05
smishing,newest,tfidf__newest,tfidf,2.8796274914589872e-05
smishing,receipt,tfidf__receipt,tfidf,2.8726761119651465e-05
smishing,for just,tfidf__for just,tfidf,2.8704468924250112e-05
smishing,you up,tfidf__you up,tfidf,2.8630883434173382e-05
smishing,how come,tfidf__how come,tfidf,2.862702518971332e-05
smishing,that when,tfidf__that when,tfidf,2.8389226961690356e-05
smishing,ldn,tfidf__ldn,tfidf,2.831884636337358e-05
smishing,about the,tfidf__about the,tfidf,2.8114584930909182e-05
smishing,succeed recent,tfidf__succeed recent,tfidf,2.809389256756842e-05
smishing,that succeed,tfidf__that succeed,tfidf,2.809389256756842e-05
smishing,the first,tfidf__the first,tfidf,2.7972845494584558e-05
smishing,alright,tfidf__alright,tfidf,2.7920337859265095e-05
smishing,100 gift,tfidf__100 gift,tfidf,2.7877672971624114e-05
smishing,correct ans,tfidf__correct ans,tfidf,2.7877672971624114e-05
smishing,of correct,tfidf__of correct,tfidf,2.7877672971624114e-05
smishing,on receipt,tfidf__on receipt,tfidf,2.7877672971624114e-05
smishing,receipt of,tfidf__receipt of,tfidf,2.7877672971624114e-05
smishing,subscriber,tfidf__subscriber,tfidf,2.7877672971624114e-05
smishing,voucher will,tfidf__voucher will,tfidf,2.7877672971624114e-05
smishing,to our,tfidf__to our,tfidf,2.758656755099435e-05
smishing,or to,tfidf__or to,tfidf,2.748225369553274e-05
smishing,bad,tfidf__bad,tfidf,2.735906857578463e-05
smishing,order reference,tfidf__order reference,tfidf,2.7249510020429826e-05
smishing,might,tfidf__might,tfidf,2.6992261069374826e-05
smishing,anyway,tfidf__anyway,tfidf,2.6918826617163955e-05
smishing,week txt,tfidf__week txt,tfidf,2.6683261613761804e-05
smishing,divorce,tfidf__divorce,tfidf,2.6447885109060527e-05
smishing,800 prize,tfidf__800 prize,tfidf,2.6401793404711132e-05
smishing,okay,tfidf__okay,tfidf,2.6376055914042642e-05
smishing,free so,tfidf__free so,tfidf,2.6316192871560692e-05
smishing,txtin,tfidf__txtin,tfidf,2.6316192871560692e-05
smishing,txtin now,tfidf__txtin now,tfidf,2.6316192871560692e-05
smishing,m263uz,tfidf__m263uz,tfidf,2.5964997047749536e-05
smishing,wife,tfidf__wife,tfidf,2.5843328816333658e-05
smishing,don't know,tfidf__don't know,tfidf,2.5803346811217047e-05
smishing,sat,tfidf__sat,tfidf,2.572745360789292e-05
smishing,bl0cked to,tfidf__bl0cked to,tfidf,2.570843943594202e-05
smishing,pl,tfidf__pl,tfidf,2.548945191658759e-05
smishing,draw 100,tfidf__draw 100,tfidf,2.5437816970511285e-05
smishing,with all,tfidf__with all,tfidf,2.526175448816629e-05
smishing,urgently,tfidf__urgently,tfidf,2.5161303269526915e-05
smishing,assure,tfidf__assure,tfidf,2.5141332743362857e-05
smishing,only to,tfidf__only to,tfidf,2.5137018735961215e-05
smishing,82277,tfidf__82277,tfidf,2.502406336602568e-05
smishing,ansr,tfidf__ansr,tfidf,2.502406336602568e-05
smishing,ansr to,tfidf__ansr to,tfidf,2.502406336602568e-05
smishing,dvd player,tfidf__dvd player,tfidf,2.502406336602568e-05
smishing,player if,tfidf__player if,tfidf,2.502406336602568e-05
smishing,quiz wkly,tfidf__quiz wkly,tfidf,2.502406336602568e-05
smishing,sony dvd,tfidf__sony dvd,tfidf,2.502406336602568e-05
smishing,sunshine quiz,tfidf__sunshine quiz,tfidf,2.502406336602568e-05
smishing,to 82277,tfidf__to 82277,tfidf,2.502406336602568e-05
smishing,top sony,tfidf__top sony,tfidf,2.502406336602568e-05
smishing,txt ansr,tfidf__txt ansr,tfidf,2.502406336602568e-05
smishing,which country,tfidf__which country,tfidf,2.502406336602568e-05
smishing,greet,tfidf__greet,tfidf,2.4769637730984824e-05
smishing,valued network,tfidf__valued network,tfidf,2.4693714184048088e-05
smishing,customer we,tfidf__customer we,tfidf,2.4648097346288252e-05
smishing,dear fl1pkart,tfidf__dear fl1pkart,tfidf,2.4648097346288252e-05
smishing,fl1pkart customer,tfidf__fl1pkart customer,tfidf,2.4648097346288252e-05
smishing,urgent dear,tfidf__urgent dear,tfidf,2.4648097346288252e-05
smishing,w0n rs,tfidf__w0n rs,tfidf,2.4648097346288252e-05
smishing,you w0n,tfidf__you w0n,tfidf,2.4648097346288252e-05
smishing,8pm,tfidf__8pm,tfidf,2.4565101982845362e-05
smishing,8pm click,tfidf__8pm click,tfidf,2.4565101982845362e-05
smishing,alerts click,tfidf__alerts click,tfidf,2.4565101982845362e-05
smishing,at 8pm,tfidf__at 8pm,tfidf,2.4565101982845362e-05
smishing,battle royale,tfidf__battle royale,tfidf,2.4565101982845362e-05
smishing,for ipl,tfidf__for ipl,tfidf,2.4565101982845362e-05
smishing,gilchrist,tfidf__gilchrist,tfidf,2.4565101982845362e-05
smishing,gilchrist vs,tfidf__gilchrist vs,tfidf,2.4565101982845362e-05
smishing,ipl,tfidf__ipl,tfidf,2.4565101982845362e-05
smishing,ipl on,tfidf__ipl on,tfidf,2.4565101982845362e-05
smishing,mix alerts,tfidf__mix alerts,tfidf,2.4565101982845362e-05
smishing,mobile to,tfidf__mobile to,tfidf,2.4565101982845362e-05
smishing,pl battle,tfidf__pl battle,tfidf,2.4565101982845362e-05
smishing,royale,tfidf__royale,tfidf,2.4565101982845362e-05
smishing,royale gilchrist,tfidf__royale gilchrist,tfidf,2.4565101982845362e-05
smishing,vs warne,tfidf__vs warne,tfidf,2.4565101982845362e-05
smishing,warne,tfidf__warne,tfidf,2.4565101982845362e-05
smishing,warne today,tfidf__warne today,tfidf,2.4565101982845362e-05
smishing,barbie,tfidf__barbie,tfidf,2.4564801720313293e-05
smishing,barbie it,tfidf__barbie it,tfidf,2.4564801720313293e-05
smishing,divorce barbie,tfidf__divorce barbie,tfidf,2.4564801720313293e-05
smishing,ken's,tfidf__ken's,tfidf,2.4564801720313293e-05
smishing,ken's stuff,tfidf__ken's stuff,tfidf,2.4564801720313293e-05
smishing,new divorce,tfidf__new divorce,tfidf,2.4564801720313293e-05
smishing,of ken's,tfidf__of ken's,tfidf,2.4564801720313293e-05
smishing,oso,tfidf__oso,tfidf,2.4454141577710157e-05
smishing,today at,tfidf__today at,tfidf,2.441870996430946e-05
smishing,tel,tfidf__tel,tfidf,2.415517012472449e-05
smishing,gay,tfidf__gay,tfidf,2.4134721171088145e-05
smishing,phonetoken 10p,tfidf__phonetoken 10p,tfidf,2.4134721171088145e-05
smishing,for 12,tfidf__for 12,tfidf,2.394917282323272e-05
smishing,contact todays,tfidf__contact todays,tfidf,2.3763924073477425e-05
smishing,86021,tfidf__86021,tfidf,2.348546770721974e-05
smishing,86021 now,tfidf__86021 now,tfidf,2.348546770721974e-05
smishing,to 86021,tfidf__to 86021,tfidf,2.348546770721974e-05
smishing,to talk,tfidf__to talk,tfidf,2.3302423082068665e-05
smishing,discreet,tfidf__discreet,tfidf,2.3286027233407946e-05
smishing,sch,tfidf__sch,tfidf,2.3274059587459246e-05
smishing,billed,tfidf__billed,tfidf,2.3265786687448767e-05
smishing,would be,tfidf__would be,tfidf,2.2700229566632498e-05
smishing,i'm in,tfidf__i'm in,tfidf,2.260830358604285e-05
smishing,tour,tfidf__tour,tfidf,2.256650648622018e-05
smishing,because,tfidf__because,tfidf,2.24498083425885e-05
smishing,of my,tfidf__of my,tfidf,2.232894389342709e-05
smishing,present with,tfidf__present with,tfidf,2.2201676874880855e-05
smishing,my love,tfidf__my love,tfidf,2.2183583708997916e-05
smishing,future,tfidf__future,tfidf,2.2181574663605103e-05
smishing,m8,tfidf__m8,tfidf,2.2133026081688214e-05
smishing,and don't,tfidf__and don't,tfidf,2.1688314725799377e-05
smishing,83049,tfidf__83049,tfidf,2.124853145204813e-05
smishing,currently on,tfidf__currently on,tfidf,2.124853145204813e-05
smishing,greet with,tfidf__greet with,tfidf,2.124853145204813e-05
smishing,m8 they,tfidf__m8 they,tfidf,2.124853145204813e-05
smishing,meet greet,tfidf__meet greet,tfidf,2.124853145204813e-05
smishing,or m8,tfidf__or m8,tfidf,2.124853145204813e-05
smishing,text or,tfidf__text or,tfidf,2.124853145204813e-05
smishing,to 83049,tfidf__to 83049,tfidf,2.124853145204813e-05
smishing,tour unbreakable,tfidf__tour unbreakable,tfidf,2.124853145204813e-05
smishing,unbreakable,tfidf__unbreakable,tfidf,2.124853145204813e-05
smishing,unbreakable untamed,tfidf__unbreakable untamed,tfidf,2.124853145204813e-05
smishing,unkempt,tfidf__unkempt,tfidf,2.124853145204813e-05
smishing,unkempt text,tfidf__unkempt text,tfidf,2.124853145204813e-05
smishing,untamed,tfidf__untamed,tfidf,2.124853145204813e-05
smishing,untamed unkempt,tfidf__untamed unkempt,tfidf,2.124853145204813e-05
smishing,wan2,tfidf__wan2,tfidf,2.124853145204813e-05
smishing,westlife,tfidf__westlife,tfidf,2.124853145204813e-05
smishing,westlife or,tfidf__westlife or,tfidf,2.124853145204813e-05
smishing,what tour,tfidf__what tour,tfidf,2.124853145204813e-05
smishing,with westlife,tfidf__with westlife,tfidf,2.124853145204813e-05
smishing,for it,tfidf__for it,tfidf,2.1236101671732907e-05
smishing,with inr,tfidf__with inr,tfidf,2.119496294487587e-05
smishing,326,tfidf__326,tfidf,2.1142521947541897e-05
smishing,326 cw25wx,tfidf__326 cw25wx,tfidf,2.1142521947541897e-05
smishing,abta,tfidf__abta,tfidf,2.1142521947541897e-05
smishing,abta complimentary,tfidf__abta complimentary,tfidf,2.1142521947541897e-05
smishing,box 326,tfidf__box 326,tfidf,2.1142521947541897e-05
smishing,your abta,tfidf__your abta,tfidf,2.1142521947541897e-05
smishing,at urltoken,tfidf__at urltoken,tfidf,2.0849943072414686e-05
smishing,to stop,tfidf__to stop,tfidf,2.0534139403910114e-05
smishing,ans when,tfidf__ans when,tfidf,2.0468740913315124e-05
smishing,claim yr,tfidf__claim yr,tfidf,2.0236094027837854e-05
smishing,holder claim,tfidf__holder claim,tfidf,1.9947093223968107e-05
smishing,reach you,tfidf__reach you,tfidf,1.9916424634186202e-05
smishing,their,tfidf__their,tfidf,1.9255323635016695e-05
smishing,and see,tfidf__and see,tfidf,1.9019366093912897e-05
smishing,16 reply,tfidf__16 reply,tfidf,1.8899957139666495e-05
smishing,4info,tfidf__4info,tfidf,1.8899957139666495e-05
smishing,friends 150p,tfidf__friends 150p,tfidf,1.8899957139666495e-05
smishing,hl,tfidf__hl,tfidf,1.8899957139666495e-05
smishing,hl 4info,tfidf__hl 4info,tfidf,1.8899957139666495e-05
smishing,reply hl,tfidf__reply hl,tfidf,1.8899957139666495e-05
smishing,ans to,tfidf__ans to,tfidf,1.8530159979737022e-05
smishing,as registered,tfidf__as registered,tfidf,1.8530159979737022e-05
smishing,liverpool,tfidf__liverpool,tfidf,1.8442700089065676e-05
smishing,for real,tfidf__for real,tfidf,1.8209429403901615e-05
smishing,forgot,tfidf__forgot,tfidf,1.814827217251394e-05
smishing,leaving,tfidf__leaving,tfidf,1.802856823849976e-05
smishing,inr,tfidf__inr,tfidf,1.7844569597125895e-05
smishing,when are,tfidf__when are,tfidf,1.783096462255684e-05
smishing,box95qu,tfidf__box95qu,tfidf,1.7685532127787374e-05
smishing,phonetoken box95qu,tfidf__phonetoken box95qu,tfidf,1.7685532127787374e-05
smishing,sample to,tfidf__sample to,tfidf,1.760254449300702e-05
smishing,ve,tfidf__ve,tfidf,1.7590935910769243e-05
smishing,so get,tfidf__so get,tfidf,1.7558608896040742e-05
smishing,only pay,tfidf__only pay,tfidf,1.7395560235541327e-05
smishing,pay if,tfidf__pay if,tfidf,1.7395560235541327e-05
smishing,the king,tfidf__the king,tfidf,1.7372274937703035e-05
smishing,not sure,tfidf__not sure,tfidf,1.7287285620635527e-05
smishing,settings have,tfidf__settings have,tfidf,1.6928743832981928e-05
smishing,won 800,tfidf__won 800,tfidf,1.682432770982011e-05
smishing,any mobile,tfidf__any mobile,tfidf,1.6655216164912148e-05
smishing,mobile txt,tfidf__mobile txt,tfidf,1.657112848054754e-05
smishing,150 prize,tfidf__150 prize,tfidf,1.6538098046279144e-05
smishing,until you,tfidf__until you,tfidf,1.6493795728556475e-05
smishing,embody our,tfidf__embody our,tfidf,1.6384069989037333e-05
smishing,we prove,tfidf__we prove,tfidf,1.6307636785363827e-05
smishing,valid12hrs,tfidf__valid12hrs,tfidf,1.6220246507810313e-05
smishing,valid12hrs only,tfidf__valid12hrs only,tfidf,1.6220246507810313e-05
smishing,there's,tfidf__there's,tfidf,1.5677541153932906e-05
smishing,flirt,tfidf__flirt,tfidf,1.5597886488953018e-05
smishing,am in,tfidf__am in,tfidf,1.4902983010409079e-05
smishing,her urltoken,tfidf__her urltoken,tfidf,1.4761125462340347e-05
smishing,see her,tfidf__see her,tfidf,1.4761125462340347e-05
smishing,your address,tfidf__your address,tfidf,1.4643031460468437e-05
smishing,50 sp,tfidf__50 sp,tfidf,1.4540235956025519e-05
smishing,82277 50,tfidf__82277 50,tfidf,1.4540235956025519e-05
smishing,sp tyrone,tfidf__sp tyrone,tfidf,1.4540235956025519e-05
smishing,tyrone,tfidf__tyrone,tfidf,1.4540235956025519e-05
smishing,to make,tfidf__to make,tfidf,1.4518247054499468e-05
smishing,to do,tfidf__to do,tfidf,1.3997684789586738e-05
smishing,we are,tfidf__we are,tfidf,1.3969156068203745e-05
smishing,didnt,tfidf__didnt,tfidf,1.3830214412692467e-05
smishing,at your,tfidf__at your,tfidf,1.3702722672274443e-05
smishing,trip,tfidf__trip,tfidf,1.3479277832392747e-05
smishing,86688 now,tfidf__86688 now,tfidf,1.3452290370615227e-05
smishing,and let's,tfidf__and let's,tfidf,1.3452290370615227e-05
smishing,each other,tfidf__each other,tfidf,1.3452290370615227e-05
smishing,msg rcvd,tfidf__msg rcvd,tfidf,1.3452290370615227e-05
smishing,other only,tfidf__other only,tfidf,1.3452290370615227e-05
smishing,rcvd hg,tfidf__rcvd hg,tfidf,1.3452290370615227e-05
smishing,w1j6hl ldn,tfidf__w1j6hl ldn,tfidf,1.3452290370615227e-05
smishing,your pc,tfidf__your pc,tfidf,1.3157283167482187e-05
smishing,20,tfidf__20,tfidf,1.3137122215683432e-05
smishing,i'd,tfidf__i'd,tfidf,1.2981951613681128e-05
smishing,get txtin,tfidf__get txtin,tfidf,1.2874952288837925e-05
smishing,dial,tfidf__dial,tfidf,1.250486717488612e-05
smishing,are currently,tfidf__are currently,tfidf,1.2407609427961266e-05
smishing,optout,tfidf__optout,tfidf,1.2397006115010669e-05
smishing,optout txt,tfidf__optout txt,tfidf,1.2397006115010669e-05
smishing,date service,tfidf__date service,tfidf,1.2249324714810684e-05
smishing,claim phonetoken,tfidf__claim phonetoken,tfidf,1.2051767749059967e-05
smishing,in the,tfidf__in the,tfidf,1.2042909291506662e-05
smishing,among,tfidf__among,tfidf,1.1418387065327104e-05
smishing,81,tfidf__81,tfidf,1.137476825823812e-05
smishing,81 urltoken,tfidf__81 urltoken,tfidf,1.137476825823812e-05
smishing,phonetoken 81,tfidf__phonetoken 81,tfidf,1.137476825823812e-05
smishing,of rs,tfidf__of rs,tfidf,1.1216699209518644e-05
smishing,among readers,tfidf__among readers,tfidf,1.1041350116351651e-05
smishing,first among,tfidf__first among,tfidf,1.1041350116351651e-05
smishing,harry potter,tfidf__harry potter,tfidf,1.1041350116351651e-05
smishing,newest harry,tfidf__newest harry,tfidf,1.1041350116351651e-05
smishing,phoenix,tfidf__phoenix,tfidf,1.1041350116351651e-05
smishing,potter,tfidf__potter,tfidf,1.1041350116351651e-05
smishing,potter and,tfidf__potter and,tfidf,1.1041350116351651e-05
smishing,questions chance,tfidf__questions chance,tfidf,1.1041350116351651e-05
smishing,readers,tfidf__readers,tfidf,1.1041350116351651e-05
smishing,the newest,tfidf__the newest,tfidf,1.1041350116351651e-05
smishing,the order,tfidf__the order,tfidf,1.1041350116351651e-05
smishing,the phoenix,tfidf__the phoenix,tfidf,1.1041350116351651e-05
smishing,or visit,tfidf__or visit,tfidf,1.1007100012848809e-05
smishing,loyalty,tfidf__loyalty,tfidf,1.0827820277839112e-05
smishing,done,tfidf__done,tfidf,1.0545541418831441e-05
smishing,reply harry,tfidf__reply harry,tfidf,1.0490757988472776e-05
smishing,texts free,tfidf__texts free,tfidf,1.0457190111758841e-05
smishing,click urltoken,tfidf__click urltoken,tfidf,1.0290009055286997e-05
smishing,gain,tfidf__gain,tfidf,9.88941229807394e-06
smishing,entered,tfidf__entered,tfidf,9.448245200829901e-06
smishing,any network,tfidf__any network,tfidf,9.396971376392825e-06
smishing,network mins,tfidf__network mins,tfidf,9.396971376392825e-06
smishing,nokia mobile,tfidf__nokia mobile,tfidf,9.223879660677954e-06
smishing,ur mates,tfidf__ur mates,tfidf,9.137221011412819e-06
smishing,competition,tfidf__competition,tfidf,9.131425622887323e-06
smishing,sent,tfidf__sent,tfidf,8.946178637609334e-06
smishing,or yell,tfidf__or yell,tfidf,8.922733716047497e-06
smishing,country liverpool,tfidf__country liverpool,tfidf,8.841365659204342e-06
smishing,in mid,tfidf__in mid,tfidf,8.841365659204342e-06
smishing,mid week,tfidf__mid week,tfidf,8.841365659204342e-06
smishing,delight call,tfidf__delight call,tfidf,8.71928019949489e-06
smishing,loss,tfidf__loss,tfidf,8.012035039485164e-06
smishing,respond,tfidf__respond,tfidf,7.719344193221811e-06
smishing,amanda,tfidf__amanda,tfidf,7.605177109607194e-06
smishing,amanda with,tfidf__amanda with,tfidf,7.605177109607194e-06
smishing,and c's,tfidf__and c's,tfidf,7.605177109607194e-06
smishing,charge offer,tfidf__charge offer,tfidf,7.605177109607194e-06
smishing,current mobile,tfidf__current mobile,tfidf,7.605177109607194e-06
smishing,free of,tfidf__free of,tfidf,7.605177109607194e-06
smishing,handset free,tfidf__handset free,tfidf,7.605177109607194e-06
smishing,mobile handset,tfidf__mobile handset,tfidf,7.605177109607194e-06
smishing,of charge,tfidf__of charge,tfidf,7.605177109607194e-06
smishing,phonetoken subject,tfidf__phonetoken subject,tfidf,7.605177109607194e-06
smishing,regard,tfidf__regard,tfidf,7.605177109607194e-06
smishing,regard to,tfidf__regard to,tfidf,7.605177109607194e-06
smishing,subject,tfidf__subject,tfidf,7.605177109607194e-06
smishing,subject to,tfidf__subject to,tfidf,7.605177109607194e-06
smishing,t's and,tfidf__t's and,tfidf,7.605177109607194e-06
smishing,tel phonetoken,tfidf__tel phonetoken,tfidf,7.605177109607194e-06
smishing,to t's,tfidf__to t's,tfidf,7.605177109607194e-06
smishing,today tel,tfidf__today tel,tfidf,7.605177109607194e-06
smishing,with regard,tfidf__with regard,tfidf,7.605177109607194e-06
smishing,your current,tfidf__your current,tfidf,7.605177109607194e-06
smishing,you may,tfidf__you may,tfidf,6.7051268590472285e-06
smishing,tv,tfidf__tv,tfidf,6.328015509755353e-06
smishing,i'd like,tfidf__i'd like,tfidf,6.040390193309011e-06
smishing,from only,tfidf__from only,tfidf,5.704525485470983e-06
smishing,txt the,tfidf__txt the,tfidf,5.6592105680617065e-06
smishing,to verify,tfidf__to verify,tfidf,5.636697717385391e-06
smishing,my life,tfidf__my life,tfidf,5.368157829612903e-06
smishing,delete,tfidf__delete,tfidf,5.185596268226826e-06
smishing,used,tfidf__used,tfidf,4.811089657629507e-06
smishing,offer ends,tfidf__offer ends,tfidf,3.5324010567163805e-06
smishing,starting,tfidf__starting,tfidf,2.8193960516604467e-06
smishing,latest motorola,tfidf__latest motorola,tfidf,2.7651419403074396e-06
smishing,nonplus,tfidf__nonplus,tfidf,2.636276971921159e-06
smishing,charges,tfidf__charges,tfidf,2.332852070268302e-06
smishing,order of,tfidf__order of,tfidf,2.1749800500838768e-06
smishing,what you,tfidf__what you,tfidf,1.6077994225632588e-06
smishing,restrain,tfidf__restrain,tfidf,1.5533658376489732e-06
smishing,ends,tfidf__ends,tfidf,1.4946662856235508e-06
smishing,starting now,tfidf__starting now,tfidf,4.1068623933134086e-07
smishing,week starting,tfidf__week starting,tfidf,4.1068623933134086e-07
smishing,we embody,tfidf__we embody,tfidf,1.2170484379248387e-07
smishing,00 sub,tfidf__00 sub,tfidf,0.0
smishing,000 songs,tfidf__000 songs,tfidf,0.0
smishing,000 xmas,tfidf__000 xmas,tfidf,0.0
smishing,02 user,tfidf__02 user,tfidf,0.0
smishing,04 43,tfidf__04 43,tfidf,0.0
smishing,05,tfidf__05,tfidf,0.0
smishing,050703,tfidf__050703,tfidf,0.0
smishing,050703 csbcm4235wc1n3xx,tfidf__050703 csbcm4235wc1n3xx,tfidf,0.0
smishing,078,tfidf__078,tfidf,0.0
smishing,07xxxxxxxxx,tfidf__07xxxxxxxxx,tfidf,0.0
smishing,08718727870150ppm,tfidf__08718727870150ppm,tfidf,0.0
smishing,09,tfidf__09,tfidf,0.0
smishing,0km,tfidf__0km,tfidf,0.0
smishing,0km frm,tfidf__0km frm,tfidf,0.0
smishing,10 00,tfidf__10 00,tfidf,0.0
smishing,10 000,tfidf__10 000,tfidf,0.0
smishing,10 to,tfidf__10 to,tfidf,0.0
smishing,100 cash,tfidf__100 cash,tfidf,0.0
smishing,1000 txt,tfidf__1000 txt,tfidf,0.0
smishing,1000 txts,tfidf__1000 txts,tfidf,0.0
smishing,10ppm,tfidf__10ppm,tfidf,0.0
smishing,10ppm 16,tfidf__10ppm 16,tfidf,0.0
smishing,11pm,tfidf__11pm,tfidf,0.0
smishing,11pm as,tfidf__11pm as,tfidf,0.0
smishing,12 help,tfidf__12 help,tfidf,0.0
smishing,12 kiosk,tfidf__12 kiosk,tfidf,0.0
smishing,146tf150p,tfidf__146tf150p,tfidf,0.0
smishing,146tf150p win,tfidf__146tf150p win,tfidf,0.0
smishing,15 noida,tfidf__15 noida,tfidf,0.0
smishing,150 text,tfidf__150 text,tfidf,0.0
smishing,150ppm ave,tfidf__150ppm ave,tfidf,0.0
smishing,16 99,tfidf__16 99,tfidf,0.0
smishing,16 cs,tfidf__16 cs,tfidf,0.0
smishing,18 days,tfidf__18 days,tfidf,0.0
smishing,18 urltoken,tfidf__18 urltoken,tfidf,0.0
smishing,1st class,tfidf__1st class,tfidf,0.0
smishing,1winaweek,tfidf__1winaweek,tfidf,0.0
smishing,1winaweek age16,tfidf__1winaweek age16,tfidf,0.0
smishing,20 000,tfidf__20 000,tfidf,0.0
smishing,200 prize,tfidf__200 prize,tfidf,0.0
smishing,2000 bonus,tfidf__2000 bonus,tfidf,0.0
smishing,2007,tfidf__2007,tfidf,0.0
smishing,2007 name,tfidf__2007 name,tfidf,0.0
smishing,21 from,tfidf__21 from,tfidf,0.0
smishing,220,tfidf__220,tfidf,0.0
smishing,24 hour,tfidf__24 hour,tfidf,0.0
smishing,24 hr,tfidf__24 hr,tfidf,0.0
smishing,25 is,tfidf__25 is,tfidf,0.0
smishing,250 cash,tfidf__250 cash,tfidf,0.0
smishing,250 sms,tfidf__250 sms,tfidf,0.0
smishing,250 weekly,tfidf__250 weekly,tfidf,0.0
smishing,25p alfie,tfidf__25p alfie,tfidf,0.0
smishing,2600,tfidf__2600,tfidf,0.0
smishing,2600 per,tfidf__2600 per,tfidf,0.0
smishing,26th,tfidf__26th,tfidf,0.0
smishing,28 lac,tfidf__28 lac,tfidf,0.0
smishing,2day,tfidf__2day,tfidf,0.0
smishing,2find,tfidf__2find,tfidf,0.0
smishing,2find out,tfidf__2find out,tfidf,0.0
smishing,2stop,tfidf__2stop,tfidf,0.0
smishing,2stop reply,tfidf__2stop reply,tfidf,0.0
smishing,2wks,tfidf__2wks,tfidf,0.0
smishing,2wks free,tfidf__2wks free,tfidf,0.0
smishing,3000,tfidf__3000,tfidf,0.0
smishing,30000,tfidf__30000,tfidf,0.0
smishing,30000 onwards,tfidf__30000 onwards,tfidf,0.0
smishing,30s,tfidf__30s,tfidf,0.0
smishing,30s urltoken,tfidf__30s urltoken,tfidf,0.0
smishing,31,tfidf__31,tfidf,0.0
smishing,3100,tfidf__3100,tfidf,0.0
smishing,3100 standard,tfidf__3100 standard,tfidf,0.0
smishing,350 reward,tfidf__350 reward,tfidf,0.0
smishing,350 weekly,tfidf__350 weekly,tfidf,0.0
smishing,3650,tfidf__3650,tfidf,0.0
smishing,3650 video,tfidf__3650 video,tfidf,0.0
smishing,373,tfidf__373,tfidf,0.0
smishing,373 london,tfidf__373 london,tfidf,0.0
smishing,3mins,tfidf__3mins,tfidf,0.0
smishing,3mins 30s,tfidf__3mins 30s,tfidf,0.0
smishing,3mins vary,tfidf__3mins vary,tfidf,0.0
smishing,3pound,tfidf__3pound,tfidf,0.0
smishing,3pound help,tfidf__3pound help,tfidf,0.0
smishing,400 reward,tfidf__400 reward,tfidf,0.0
smishing,400 xmas,tfidf__400 xmas,tfidf,0.0
smishing,4041,tfidf__4041,tfidf,0.0
smishing,4041 standard,tfidf__4041 standard,tfidf,0.0
smishing,43,tfidf__43,tfidf,0.0
smishing,43 at,tfidf__43 at,tfidf,0.0
smishing,434,tfidf__434,tfidf,0.0
smishing,434 sk3,tfidf__434 sk3,tfidf,0.0
smishing,440,tfidf__440,tfidf,0.0
smishing,440 or,tfidf__440 or,tfidf,0.0
smishing,440 see,tfidf__440 see,tfidf,0.0
smishing,45,tfidf__45,tfidf,0.0
smishing,450,tfidf__450,tfidf,0.0
smishing,45days,tfidf__45days,tfidf,0.0
smishing,4u,tfidf__4u,tfidf,0.0
smishing,4u rodds1,tfidf__4u rodds1,tfidf,0.0
smishing,4u rply,tfidf__4u rply,tfidf,0.0
smishing,50 pounds,tfidf__50 pounds,tfidf,0.0
smishing,50 to,tfidf__50 to,tfidf,0.0
smishing,50 week,tfidf__50 week,tfidf,0.0
smishing,500 cd,tfidf__500 cd,tfidf,0.0
smishing,5000 await,tfidf__5000 await,tfidf,0.0
smishing,5000 installment,tfidf__5000 installment,tfidf,0.0
smishing,50p std,tfidf__50p std,tfidf,0.0
smishing,50p wk,tfidf__50p wk,tfidf,0.0
smishing,50ppm,tfidf__50ppm,tfidf,0.0
smishing,50ppm last,tfidf__50ppm last,tfidf,0.0
smishing,50rcvd,tfidf__50rcvd,tfidf,0.0
smishing,50rs,tfidf__50rs,tfidf,0.0
smishing,50rs extra,tfidf__50rs extra,tfidf,0.0
smishing,5250,tfidf__5250,tfidf,0.0
smishing,5250 psf,tfidf__5250 psf,tfidf,0.0
smishing,53030,tfidf__53030,tfidf,0.0
smishing,54,tfidf__54,tfidf,0.0
smishing,54 weeks,tfidf__54 weeks,tfidf,0.0
smishing,5p alfie,tfidf__5p alfie,tfidf,0.0
smishing,5we,tfidf__5we,tfidf,0.0
smishing,5we 150pm,tfidf__5we 150pm,tfidf,0.0
smishing,60,tfidf__60,tfidf,0.0
smishing,60 units,tfidf__60 units,tfidf,0.0
smishing,61200,tfidf__61200,tfidf,0.0
smishing,61200 25p,tfidf__61200 25p,tfidf,0.0
smishing,650,tfidf__650,tfidf,0.0
smishing,650 vibration,tfidf__650 vibration,tfidf,0.0
smishing,6hl,tfidf__6hl,tfidf,0.0
smishing,6hl please,tfidf__6hl please,tfidf,0.0
smishing,6monthsavailable,tfidf__6monthsavailable,tfidf,0.0
smishing,6monthsavailable on,tfidf__6monthsavailable on,tfidf,0.0
smishing,70,tfidf__70,tfidf,0.0
smishing,70 grgn,tfidf__70 grgn,tfidf,0.0
smishing,7148,tfidf__7148,tfidf,0.0
smishing,750 mins,tfidf__750 mins,tfidf,0.0
smishing,7548,tfidf__7548,tfidf,0.0
smishing,7634,tfidf__7634,tfidf,0.0
smishing,7684,tfidf__7684,tfidf,0.0
smishing,7684 standard,tfidf__7684 standard,tfidf,0.0
smishing,78,tfidf__78,tfidf,0.0
smishing,78 mins,tfidf__78 mins,tfidf,0.0
smishing,7834,tfidf__7834,tfidf,0.0
smishing,7834 standard,tfidf__7834 standard,tfidf,0.0
smishing,7cfca1a,tfidf__7cfca1a,tfidf,0.0
smishing,80062 whats,tfidf__80062 whats,tfidf,0.0
smishing,8007 eg,tfidf__8007 eg,tfidf,0.0
smishing,8007 get,tfidf__8007 get,tfidf,0.0
smishing,80086,tfidf__80086,tfidf,0.0
smishing,80086 now,tfidf__80086 now,tfidf,0.0
smishing,80182,tfidf__80182,tfidf,0.0
smishing,80182 to,tfidf__80182 to,tfidf,0.0
smishing,80488,tfidf__80488,tfidf,0.0
smishing,83049 cost,tfidf__83049 cost,tfidf,0.0
smishing,83118,tfidf__83118,tfidf,0.0
smishing,83118 colin,tfidf__83118 colin,tfidf,0.0
smishing,83370,tfidf__83370,tfidf,0.0
smishing,83370 t's,tfidf__83370 t's,tfidf,0.0
smishing,83383,tfidf__83383,tfidf,0.0
smishing,84025,tfidf__84025,tfidf,0.0
smishing,84025 now,tfidf__84025 now,tfidf,0.0
smishing,84128 ts,tfidf__84128 ts,tfidf,0.0
smishing,84199,tfidf__84199,tfidf,0.0
smishing,85233,tfidf__85233,tfidf,0.0
smishing,85233 free,tfidf__85233 free,tfidf,0.0
smishing,87021,tfidf__87021,tfidf,0.0
smishing,87021 1st,tfidf__87021 1st,tfidf,0.0
smishing,87066 tnc,tfidf__87066 tnc,tfidf,0.0
smishing,87077 eg,tfidf__87077 eg,tfidf,0.0
smishing,87077 kick,tfidf__87077 kick,tfidf,0.0
smishing,88066,tfidf__88066,tfidf,0.0
smishing,88066 from,tfidf__88066 from,tfidf,0.0
smishing,88066 lost,tfidf__88066 lost,tfidf,0.0
smishing,88877,tfidf__88877,tfidf,0.0
smishing,88888 crazy,tfidf__88888 crazy,tfidf,0.0
smishing,89555 to,tfidf__89555 to,tfidf,0.0
smishing,8wp,tfidf__8wp,tfidf,0.0
smishing,8wp 150,tfidf__8wp 150,tfidf,0.0
smishing,93,tfidf__93,tfidf,0.0
smishing,93 gurgaon,tfidf__93 gurgaon,tfidf,0.0
smishing,9307622,tfidf__9307622,tfidf,0.0
smishing,9500,tfidf__9500,tfidf,0.0
smishing,9500 sqft,tfidf__9500 sqft,tfidf,0.0
smishing,99,tfidf__99,tfidf,0.0
smishing,999,tfidf__999,tfidf,0.0
smishing,999 ncr,tfidf__999 ncr,tfidf,0.0
smishing,9am,tfidf__9am,tfidf,0.0
smishing,9am 11pm,tfidf__9am 11pm,tfidf,0.0
smishing,aberdeen,tfidf__aberdeen,tfidf,0.0
smishing,aberdeen united,tfidf__aberdeen united,tfidf,0.0
smishing,able,tfidf__able,tfidf,0.0
smishing,able to,tfidf__able to,tfidf,0.0
smishing,ac blind,tfidf__ac blind,tfidf,0.0
smishing,ac icmb3cktz8r7,tfidf__ac icmb3cktz8r7,tfidf,0.0
smishing,ac sptv,tfidf__ac sptv,tfidf,0.0
smishing,ac sun0819,tfidf__ac sun0819,tfidf,0.0
smishing,access number,tfidf__access number,tfidf,0.0
smishing,accident,tfidf__accident,tfidf,0.0
smishing,accident you,tfidf__accident you,tfidf,0.0
smishing,account please,tfidf__account please,tfidf,0.0
smishing,account will,tfidf__account will,tfidf,0.0
smishing,achieve,tfidf__achieve,tfidf,0.0
smishing,achieve you,tfidf__achieve you,tfidf,0.0
smishing,across,tfidf__across,tfidf,0.0
smishing,action,tfidf__action,tfidf,0.0
smishing,address in,tfidf__address in,tfidf,0.0
smishing,advance an,tfidf__advance an,tfidf,0.0
smishing,after 78,tfidf__after 78,tfidf,0.0
smishing,after expiry,tfidf__after expiry,tfidf,0.0
smishing,ag,tfidf__ag,tfidf,0.0
smishing,ag promo,tfidf__ag promo,tfidf,0.0
smishing,age16,tfidf__age16,tfidf,0.0
smishing,age16 150ppermesssubscription,tfidf__age16 150ppermesssubscription,tfidf,0.0
smishing,agents,tfidf__agents,tfidf,0.0
smishing,agni,tfidf__agni,tfidf,0.0
smishing,agni phonetoken,tfidf__agni phonetoken,tfidf,0.0
smishing,agni property,tfidf__agni property,tfidf,0.0
smishing,aims,tfidf__aims,tfidf,0.0
smishing,aims sanya,tfidf__aims sanya,tfidf,0.0
smishing,akon,tfidf__akon,tfidf,0.0
smishing,akon lonely,tfidf__akon lonely,tfidf,0.0
smishing,alfie,tfidf__alfie,tfidf,0.0
smishing,alfie moon's,tfidf__alfie moon's,tfidf,0.0
smishing,along,tfidf__along,tfidf,0.0
smishing,along with,tfidf__along with,tfidf,0.0
smishing,am not,tfidf__am not,tfidf,0.0
smishing,am pleased,tfidf__am pleased,tfidf,0.0
smishing,am really,tfidf__am really,tfidf,0.0
smishing,amazing,tfidf__amazing,tfidf,0.0
smishing,amount please,tfidf__amount please,tfidf,0.0
smishing,an unauthorized,tfidf__an unauthorized,tfidf,0.0
smishing,an urgent,tfidf__an urgent,tfidf,0.0
smishing,and best,tfidf__and best,tfidf,0.0
smishing,and connect,tfidf__and connect,tfidf,0.0
smishing,and details,tfidf__and details,tfidf,0.0
smishing,and funky,tfidf__and funky,tfidf,0.0
smishing,and hold,tfidf__and hold,tfidf,0.0
smishing,and new,tfidf__and new,tfidf,0.0
smishing,and no,tfidf__and no,tfidf,0.0
smishing,and postcode,tfidf__and postcode,tfidf,0.0
smishing,and results,tfidf__and results,tfidf,0.0
smishing,and sport,tfidf__and sport,tfidf,0.0
smishing,and txts,tfidf__and txts,tfidf,0.0
smishing,and up,tfidf__and up,tfidf,0.0
smishing,and you,tfidf__and you,tfidf,0.0
smishing,angry,tfidf__angry,tfidf,0.0
smishing,another customer,tfidf__another customer,tfidf,0.0
smishing,answer for,tfidf__answer for,tfidf,0.0
smishing,answer questions,tfidf__answer questions,tfidf,0.0
smishing,any of,tfidf__any of,tfidf,0.0
smishing,anytime networks,tfidf__anytime networks,tfidf,0.0
smishing,aom,tfidf__aom,tfidf,0.0
smishing,aom box61,tfidf__aom box61,tfidf,0.0
smishing,aom just,tfidf__aom just,tfidf,0.0
smishing,app at,tfidf__app at,tfidf,0.0
smishing,apply ag,tfidf__apply ag,tfidf,0.0
smishing,apply opt,tfidf__apply opt,tfidf,0.0
smishing,apply phonetoken,tfidf__apply phonetoken,tfidf,0.0
smishing,apply your,tfidf__apply your,tfidf,0.0
smishing,apts,tfidf__apts,tfidf,0.0
smishing,apts urltoken,tfidf__apts urltoken,tfidf,0.0
smishing,are awarded,tfidf__are awarded,tfidf,0.0
smishing,are being,tfidf__are being,tfidf,0.0
smishing,are choose,tfidf__are choose,tfidf,0.0
smishing,are trying,tfidf__are trying,tfidf,0.0
smishing,arrest,tfidf__arrest,tfidf,0.0
smishing,arsenal,tfidf__arsenal,tfidf,0.0
smishing,arsenal dartboard,tfidf__arsenal dartboard,tfidf,0.0
smishing,arsenal goal,tfidf__arsenal goal,tfidf,0.0
smishing,arsenal henry,tfidf__arsenal henry,tfidf,0.0
smishing,as there,tfidf__as there,tfidf,0.0
smishing,as treasure,tfidf__as treasure,tfidf,0.0
smishing,ascertain out,tfidf__ascertain out,tfidf,0.0
smishing,assured,tfidf__assured,tfidf,0.0
smishing,assured return,tfidf__assured return,tfidf,0.0
smishing,at golf,tfidf__at golf,tfidf,0.0
smishing,at greater,tfidf__at greater,tfidf,0.0
smishing,at inr,tfidf__at inr,tfidf,0.0
smishing,attend,tfidf__attend,tfidf,0.0
smishing,available,tfidf__available,tfidf,0.0
smishing,available at,tfidf__available at,tfidf,0.0
smishing,ave call,tfidf__ave call,tfidf,0.0
smishing,awaiting you,tfidf__awaiting you,tfidf,0.0
smishing,award pls,tfidf__award pls,tfidf,0.0
smishing,award todays,tfidf__award todays,tfidf,0.0
smishing,award which,tfidf__award which,tfidf,0.0
smishing,awarded sipix,tfidf__awarded sipix,tfidf,0.0
smishing,away,tfidf__away,tfidf,0.0
smishing,away these,tfidf__away these,tfidf,0.0
smishing,axel,tfidf__axel,tfidf,0.0
smishing,axel akon,tfidf__axel akon,tfidf,0.0
smishing,back i'd,tfidf__back i'd,tfidf,0.0
smishing,back if,tfidf__back if,tfidf,0.0
smishing,band,tfidf__band,tfidf,0.0
smishing,band that,tfidf__band that,tfidf,0.0
smishing,bank,tfidf__bank,tfidf,0.0
smishing,bank of,tfidf__bank of,tfidf,0.0
smishing,banneduk,tfidf__banneduk,tfidf,0.0
smishing,banneduk to,tfidf__banneduk to,tfidf,0.0
smishing,batra,tfidf__batra,tfidf,0.0
smishing,batra investments,tfidf__batra investments,tfidf,0.0
smishing,bbc,tfidf__bbc,tfidf,0.0
smishing,bbc charts,tfidf__bbc charts,tfidf,0.0
smishing,be bl0cked,tfidf__be bl0cked,tfidf,0.0
smishing,be charged,tfidf__be charged,tfidf,0.0
smishing,be free,tfidf__be free,tfidf,0.0
smishing,be her,tfidf__be her,tfidf,0.0
smishing,be in,tfidf__be in,tfidf,0.0
smishing,be won,tfidf__be won,tfidf,0.0
smishing,bed,tfidf__bed,tfidf,0.0
smishing,been specially,tfidf__been specially,tfidf,0.0
smishing,been suspended,tfidf__been suspended,tfidf,0.0
smishing,been week's,tfidf__been week's,tfidf,0.0
smishing,before the,tfidf__before the,tfidf,0.0
smishing,behave you,tfidf__behave you,tfidf,0.0
smishing,believe,tfidf__believe,tfidf,0.0
smishing,belt,tfidf__belt,tfidf,0.0
smishing,belt 650,tfidf__belt 650,tfidf,0.0
smishing,belt 999,tfidf__belt 999,tfidf,0.0
smishing,belt rs650,tfidf__belt rs650,tfidf,0.0
smishing,belt rs999,tfidf__belt rs999,tfidf,0.0
smishing,bergkamp,tfidf__bergkamp,tfidf,0.0
smishing,bergkamp to,tfidf__bergkamp to,tfidf,0.0
smishing,best ever,tfidf__best ever,tfidf,0.0
smishing,best mobile,tfidf__best mobile,tfidf,0.0
smishing,between 9am,tfidf__between 9am,tfidf,0.0
smishing,bhk,tfidf__bhk,tfidf,0.0
smishing,bhk apts,tfidf__bhk apts,tfidf,0.0
smishing,bhk in,tfidf__bhk in,tfidf,0.0
smishing,biggest and,tfidf__biggest and,tfidf,0.0
smishing,bit,tfidf__bit,tfidf,0.0
smishing,bl0cked within,tfidf__bl0cked within,tfidf,0.0
smishing,black,tfidf__black,tfidf,0.0
smishing,black eyed,tfidf__black eyed,tfidf,0.0
smishing,blackberry,tfidf__blackberry,tfidf,0.0
smishing,blind,tfidf__blind,tfidf,0.0
smishing,blind date,tfidf__blind date,tfidf,0.0
smishing,blue,tfidf__blue,tfidf,0.0
smishing,blue day,tfidf__blue day,tfidf,0.0
smishing,bluetooth,tfidf__bluetooth,tfidf,0.0
smishing,bluetooth free,tfidf__bluetooth free,tfidf,0.0
smishing,bluetooth mobiles,tfidf__bluetooth mobiles,tfidf,0.0
smishing,book call,tfidf__book call,tfidf,0.0
smishing,book you,tfidf__book you,tfidf,0.0
smishing,book your,tfidf__book your,tfidf,0.0
smishing,booked and,tfidf__booked and,tfidf,0.0
smishing,box 434,tfidf__box 434,tfidf,0.0
smishing,box139,tfidf__box139,tfidf,0.0
smishing,box139 la32wu,tfidf__box139 la32wu,tfidf,0.0
smishing,box326,tfidf__box326,tfidf,0.0
smishing,box326 cw25wx,tfidf__box326 cw25wx,tfidf,0.0
smishing,boy,tfidf__boy,tfidf,0.0
smishing,break,tfidf__break,tfidf,0.0
smishing,bt landline,tfidf__bt landline,tfidf,0.0
smishing,buffy,tfidf__buffy,tfidf,0.0
smishing,burger,tfidf__burger,tfidf,0.0
smishing,burger king,tfidf__burger king,tfidf,0.0
smishing,but no,tfidf__but no,tfidf,0.0
smishing,bx420,tfidf__bx420,tfidf,0.0
smishing,bx420 ip4,tfidf__bx420 ip4,tfidf,0.0
smishing,by aims,tfidf__by aims,tfidf,0.0
smishing,by bergkamp,tfidf__by bergkamp,tfidf,0.0
smishing,by david,tfidf__by david,tfidf,0.0
smishing,by june,tfidf__by june,tfidf,0.0
smishing,by mistake,tfidf__by mistake,tfidf,0.0
smishing,c's urltoken,tfidf__c's urltoken,tfidf,0.0
smishing,cal,tfidf__cal,tfidf,0.0
smishing,cal phonetoken,tfidf__cal phonetoken,tfidf,0.0
smishing,call 3mins,tfidf__call 3mins,tfidf,0.0
smishing,call claim,tfidf__call claim,tfidf,0.0
smishing,call credit,tfidf__call credit,tfidf,0.0
smishing,call germany,tfidf__call germany,tfidf,0.0
smishing,call later,tfidf__call later,tfidf,0.0
smishing,call urltoken,tfidf__call urltoken,tfidf,0.0
smishing,call will,tfidf__call will,tfidf,0.0
smishing,call you,tfidf__call you,tfidf,0.0
smishing,call2optout n9dx,tfidf__call2optout n9dx,tfidf,0.0
smishing,calling would,tfidf__calling would,tfidf,0.0
smishing,calls1,tfidf__calls1,tfidf,0.0
smishing,calls1 50ppm,tfidf__calls1 50ppm,tfidf,0.0
smishing,came,tfidf__came,tfidf,0.0
smishing,camera you,tfidf__camera you,tfidf,0.0
smishing,can do,tfidf__can do,tfidf,0.0
smishing,can not,tfidf__can not,tfidf,0.0
smishing,can win,tfidf__can win,tfidf,0.0
smishing,can with,tfidf__can with,tfidf,0.0
smishing,card is,tfidf__card is,tfidf,0.0
smishing,care no,tfidf__care no,tfidf,0.0
smishing,care ph,tfidf__care ph,tfidf,0.0
smishing,case,tfidf__case,tfidf,0.0
smishing,cash award,tfidf__cash award,tfidf,0.0
smishing,cash every,tfidf__cash every,tfidf,0.0
smishing,cash give,tfidf__cash give,tfidf,0.0
smishing,cash this,tfidf__cash this,tfidf,0.0
smishing,cause,tfidf__cause,tfidf,0.0
smishing,cds stdtxtrate,tfidf__cds stdtxtrate,tfidf,0.0
smishing,change,tfidf__change,tfidf,0.0
smishing,charges urltoken,tfidf__charges urltoken,tfidf,0.0
smishing,charity,tfidf__charity,tfidf,0.0
smishing,charity for,tfidf__charity for,tfidf,0.0
smishing,charity to,tfidf__charity to,tfidf,0.0
smishing,charts,tfidf__charts,tfidf,0.0
smishing,chat or,tfidf__chat or,tfidf,0.0
smishing,chgs,tfidf__chgs,tfidf,0.0
smishing,chgs to,tfidf__chgs to,tfidf,0.0
smishing,chikku,tfidf__chikku,tfidf,0.0
smishing,children,tfidf__children,tfidf,0.0
smishing,children in,tfidf__children in,tfidf,0.0
smishing,choose to,tfidf__choose to,tfidf,0.0
smishing,chowk,tfidf__chowk,tfidf,0.0
smishing,chowk regn,tfidf__chowk regn,tfidf,0.0
smishing,christmas,tfidf__christmas,tfidf,0.0
smishing,cinema,tfidf__cinema,tfidf,0.0
smishing,cinema pass,tfidf__cinema pass,tfidf,0.0
smishing,cite,tfidf__cite,tfidf,0.0
smishing,cite claim,tfidf__cite claim,tfidf,0.0
smishing,claim number,tfidf__claim number,tfidf,0.0
smishing,claire,tfidf__claire,tfidf,0.0
smishing,close,tfidf__close,tfidf,0.0
smishing,close cost,tfidf__close cost,tfidf,0.0
smishing,club name,tfidf__club name,tfidf,0.0
smishing,co unloosen,tfidf__co unloosen,tfidf,0.0
smishing,code 3100,tfidf__code 3100,tfidf,0.0
smishing,code 4041,tfidf__code 4041,tfidf,0.0
smishing,code 42478,tfidf__code 42478,tfidf,0.0
smishing,code 7684,tfidf__code 7684,tfidf,0.0
smishing,code 7834,tfidf__code 7834,tfidf,0.0
smishing,colin,tfidf__colin,tfidf,0.0
smishing,colin farrell,tfidf__colin farrell,tfidf,0.0
smishing,collect your,tfidf__collect your,tfidf,0.0
smishing,colour flag,tfidf__colour flag,tfidf,0.0
smishing,commercial space,tfidf__commercial space,tfidf,0.0
smishing,comp for,tfidf__comp for,tfidf,0.0
smishing,comp just,tfidf__comp just,tfidf,0.0
smishing,compensation,tfidf__compensation,tfidf,0.0
smishing,competition just,tfidf__competition just,tfidf,0.0
smishing,completely,tfidf__completely,tfidf,0.0
smishing,complimentary ibiza,tfidf__complimentary ibiza,tfidf,0.0
smishing,condition,tfidf__condition,tfidf,0.0
smishing,condition but,tfidf__condition but,tfidf,0.0
smishing,congrats nokia,tfidf__congrats nokia,tfidf,0.0
smishing,congrats year,tfidf__congrats year,tfidf,0.0
smishing,congratulations thanks,tfidf__congratulations thanks,tfidf,0.0
smishing,connect live,tfidf__connect live,tfidf,0.0
smishing,contact customer,tfidf__contact customer,tfidf,0.0
smishing,content from,tfidf__content from,tfidf,0.0
smishing,content service,tfidf__content service,tfidf,0.0
smishing,cool mob,tfidf__cool mob,tfidf,0.0
smishing,correct or,tfidf__correct or,tfidf,0.0
smishing,cos,tfidf__cos,tfidf,0.0
smishing,cost 10ppm,tfidf__cost 10ppm,tfidf,0.0
smishing,cost 150p,tfidf__cost 150p,tfidf,0.0
smishing,cost 150ppm,tfidf__cost 150ppm,tfidf,0.0
smishing,cost 50p,tfidf__cost 50p,tfidf,0.0
smishing,could male,tfidf__could male,tfidf,0.0
smishing,course extn,tfidf__course extn,tfidf,0.0
smishing,coz,tfidf__coz,tfidf,0.0
smishing,crazy frog,tfidf__crazy frog,tfidf,0.0
smishing,crazy sounds,tfidf__crazy sounds,tfidf,0.0
smishing,credit and,tfidf__credit and,tfidf,0.0
smishing,cs app,tfidf__cs app,tfidf,0.0
smishing,cs phonetoken,tfidf__cs phonetoken,tfidf,0.0
smishing,cs po,tfidf__cs po,tfidf,0.0
smishing,cum over,tfidf__cum over,tfidf,0.0
smishing,customer am,tfidf__customer am,tfidf,0.0
smishing,customer at,tfidf__customer at,tfidf,0.0
smishing,customer u've,tfidf__customer u've,tfidf,0.0
smishing,customers to,tfidf__customers to,tfidf,0.0
smishing,cw25wx 150ppm,tfidf__cw25wx 150ppm,tfidf,0.0
smishing,darling,tfidf__darling,tfidf,0.0
smishing,darling it's,tfidf__darling it's,tfidf,0.0
smishing,dartboard,tfidf__dartboard,tfidf,0.0
smishing,dartboard good,tfidf__dartboard good,tfidf,0.0
smishing,date 4u,tfidf__date 4u,tfidf,0.0
smishing,dates,tfidf__dates,tfidf,0.0
smishing,dave,tfidf__dave,tfidf,0.0
smishing,dave this,tfidf__dave this,tfidf,0.0
smishing,david,tfidf__david,tfidf,0.0
smishing,david hair,tfidf__david hair,tfidf,0.0
smishing,day 2find,tfidf__day 2find,tfidf,0.0
smishing,day blue,tfidf__day blue,tfidf,0.0
smishing,day red,tfidf__day red,tfidf,0.0
smishing,day send,tfidf__day send,tfidf,0.0
smishing,days to,tfidf__days to,tfidf,0.0
smishing,days unitech,tfidf__days unitech,tfidf,0.0
smishing,dear dave,tfidf__dear dave,tfidf,0.0
smishing,dear welcome,tfidf__dear welcome,tfidf,0.0
smishing,decided,tfidf__decided,tfidf,0.0
smishing,delhi nr,tfidf__delhi nr,tfidf,0.0
smishing,delight to,tfidf__delight to,tfidf,0.0
smishing,den,tfidf__den,tfidf,0.0
smishing,details 18,tfidf__details 18,tfidf,0.0
smishing,details of,tfidf__details of,tfidf,0.0
smishing,detroit,tfidf__detroit,tfidf,0.0
smishing,detroit red,tfidf__detroit red,tfidf,0.0
smishing,devils,tfidf__devils,tfidf,0.0
smishing,devils and,tfidf__devils and,tfidf,0.0
smishing,dinner,tfidf__dinner,tfidf,0.0
smishing,dis,tfidf__dis,tfidf,0.0
smishing,discounts,tfidf__discounts,tfidf,0.0
smishing,do it,tfidf__do it,tfidf,0.0
smishing,doing,tfidf__doing,tfidf,0.0
smishing,don't forget,tfidf__don't forget,tfidf,0.0
smishing,don't your,tfidf__don't your,tfidf,0.0
smishing,dont more,tfidf__dont more,tfidf,0.0
smishing,doubles,tfidf__doubles,tfidf,0.0
smishing,doubles or,tfidf__doubles or,tfidf,0.0
smishing,download free,tfidf__download free,tfidf,0.0
smishing,download this,tfidf__download this,tfidf,0.0
smishing,downloads,tfidf__downloads,tfidf,0.0
smishing,downloads for,tfidf__downloads for,tfidf,0.0
smishing,dracula,tfidf__dracula,tfidf,0.0
smishing,dracula to,tfidf__dracula to,tfidf,0.0
smishing,draw holiday,tfidf__draw holiday,tfidf,0.0
smishing,draw of,tfidf__draw of,tfidf,0.0
smishing,dreams,tfidf__dreams,tfidf,0.0
smishing,drink,tfidf__drink,tfidf,0.0
smishing,drop,tfidf__drop,tfidf,0.0
smishing,during,tfidf__during,tfidf,0.0
smishing,early,tfidf__early,tfidf,0.0
smishing,eat,tfidf__eat,tfidf,0.0
smishing,eerie nokia,tfidf__eerie nokia,tfidf,0.0
smishing,eg tone,tfidf__eg tone,tfidf,0.0
smishing,eg villa,tfidf__eg villa,tfidf,0.0
smishing,else,tfidf__else,tfidf,0.0
smishing,em,tfidf__em,tfidf,0.0
smishing,emailtoken 12,tfidf__emailtoken 12,tfidf,0.0
smishing,embody currently,tfidf__embody currently,tfidf,0.0
smishing,embody entitled,tfidf__embody entitled,tfidf,0.0
smishing,embody looking,tfidf__embody looking,tfidf,0.0
smishing,embody the,tfidf__embody the,tfidf,0.0
smishing,embody trying,tfidf__embody trying,tfidf,0.0
smishing,embody your,tfidf__embody your,tfidf,0.0
smishing,emi,tfidf__emi,tfidf,0.0
smishing,end reply,tfidf__end reply,tfidf,0.0
smishing,end service,tfidf__end service,tfidf,0.0
smishing,end sptv,tfidf__end sptv,tfidf,0.0
smishing,energy,tfidf__energy,tfidf,0.0
smishing,energy text,tfidf__energy text,tfidf,0.0
smishing,england,tfidf__england,tfidf,0.0
smishing,england poly,tfidf__england poly,tfidf,0.0
smishing,enjoy one,tfidf__enjoy one,tfidf,0.0
smishing,enter to,tfidf__enter to,tfidf,0.0
smishing,entered on,tfidf__entered on,tfidf,0.0
smishing,entitle,tfidf__entitle,tfidf,0.0
smishing,entitle to,tfidf__entitle to,tfidf,0.0
smishing,entry 100,tfidf__entry 100,tfidf,0.0
smishing,entry call,tfidf__entry call,tfidf,0.0
smishing,entry into,tfidf__entry into,tfidf,0.0
smishing,entry std,tfidf__entry std,tfidf,0.0
smishing,entry textpod,tfidf__entry textpod,tfidf,0.0
smishing,envelope,tfidf__envelope,tfidf,0.0
smishing,essay,tfidf__essay,tfidf,0.0
smishing,etc join,tfidf__etc join,tfidf,0.0
smishing,euro,tfidf__euro,tfidf,0.0
smishing,euro2004,tfidf__euro2004,tfidf,0.0
smishing,euro2004 kickoff,tfidf__euro2004 kickoff,tfidf,0.0
smishing,eve call,tfidf__eve call,tfidf,0.0
smishing,ever cash,tfidf__ever cash,tfidf,0.0
smishing,every wk,tfidf__every wk,tfidf,0.0
smishing,exact,tfidf__exact,tfidf,0.0
smishing,exist selected,tfidf__exist selected,tfidf,0.0
smishing,exist the,tfidf__exist the,tfidf,0.0
smishing,experience new,tfidf__experience new,tfidf,0.0
smishing,experience secret,tfidf__experience secret,tfidf,0.0
smishing,expired,tfidf__expired,tfidf,0.0
smishing,expired contact,tfidf__expired contact,tfidf,0.0
smishing,expired it,tfidf__expired it,tfidf,0.0
smishing,expiry,tfidf__expiry,tfidf,0.0
smishing,expiry reply,tfidf__expiry reply,tfidf,0.0
smishing,extn,tfidf__extn,tfidf,0.0
smishing,extn road,tfidf__extn road,tfidf,0.0
smishing,extra free,tfidf__extra free,tfidf,0.0
smishing,extra reduce,tfidf__extra reduce,tfidf,0.0
smishing,eyed,tfidf__eyed,tfidf,0.0
smishing,eyed dont,tfidf__eyed dont,tfidf,0.0
smishing,f1ve,tfidf__f1ve,tfidf,0.0
smishing,f1ve star,tfidf__f1ve star,tfidf,0.0
smishing,fancy chat,tfidf__fancy chat,tfidf,0.0
smishing,far,tfidf__far,tfidf,0.0
smishing,farrell,tfidf__farrell,tfidf,0.0
smishing,farrell in,tfidf__farrell in,tfidf,0.0
smishing,fat,tfidf__fat,tfidf,0.0
smishing,fat inch,tfidf__fat inch,tfidf,0.0
smishing,film,tfidf__film,tfidf,0.0
smishing,film green,tfidf__film green,tfidf,0.0
smishing,film offers,tfidf__film offers,tfidf,0.0
smishing,final notice,tfidf__final notice,tfidf,0.0
smishing,find 350,tfidf__find 350,tfidf,0.0
smishing,find each,tfidf__find each,tfidf,0.0
smishing,first days,tfidf__first days,tfidf,0.0
smishing,fit,tfidf__fit,tfidf,0.0
smishing,fit and,tfidf__fit and,tfidf,0.0
smishing,five,tfidf__five,tfidf,0.0
smishing,five pounds,tfidf__five pounds,tfidf,0.0
smishing,fixed,tfidf__fixed,tfidf,0.0
smishing,fixed line,tfidf__fixed line,tfidf,0.0
smishing,flag,tfidf__flag,tfidf,0.0
smishing,flag on,tfidf__flag on,tfidf,0.0
smishing,flag to,tfidf__flag to,tfidf,0.0
smishing,flower,tfidf__flower,tfidf,0.0
smishing,follow,tfidf__follow,tfidf,0.0
smishing,fone with,tfidf__fone with,tfidf,0.0
smishing,for 02,tfidf__for 02,tfidf,0.0
smishing,for 078,tfidf__for 078,tfidf,0.0
smishing,for 50p,tfidf__for 50p,tfidf,0.0
smishing,for chance,tfidf__for chance,tfidf,0.0
smishing,for details,tfidf__for details,tfidf,0.0
smishing,for is,tfidf__for is,tfidf,0.0
smishing,for nokias,tfidf__for nokias,tfidf,0.0
smishing,for only,tfidf__for only,tfidf,0.0
smishing,for per,tfidf__for per,tfidf,0.0
smishing,for poly,tfidf__for poly,tfidf,0.0
smishing,for sale,tfidf__for sale,tfidf,0.0
smishing,for t0day's,tfidf__for t0day's,tfidf,0.0
smishing,forever,tfidf__forever,tfidf,0.0
smishing,forget to,tfidf__forget to,tfidf,0.0
smishing,four,tfidf__four,tfidf,0.0
smishing,fraud prevention,tfidf__fraud prevention,tfidf,0.0
smishing,free 1st,tfidf__free 1st,tfidf,0.0
smishing,free app,tfidf__free app,tfidf,0.0
smishing,free bluetooth,tfidf__free bluetooth,tfidf,0.0
smishing,free bx420,tfidf__free bx420,tfidf,0.0
smishing,free delivery,tfidf__free delivery,tfidf,0.0
smishing,free from,tfidf__free from,tfidf,0.0
smishing,free goals,tfidf__free goals,tfidf,0.0
smishing,free join,tfidf__free join,tfidf,0.0
smishing,free link,tfidf__free link,tfidf,0.0
smishing,free med,tfidf__free med,tfidf,0.0
smishing,free reply,tfidf__free reply,tfidf,0.0
smishing,free urltoken,tfidf__free urltoken,tfidf,0.0
smishing,free yoko,tfidf__free yoko,tfidf,0.0
smishing,freemsg claim,tfidf__freemsg claim,tfidf,0.0
smishing,freemsg hey,tfidf__freemsg hey,tfidf,0.0
smishing,fri,tfidf__fri,tfidf,0.0
smishing,frm,tfidf__frm,tfidf,0.0
smishing,frm delhi,tfidf__frm delhi,tfidf,0.0
smishing,frog,tfidf__frog,tfidf,0.0
smishing,frog axel,tfidf__frog axel,tfidf,0.0
smishing,frog sound,tfidf__frog sound,tfidf,0.0
smishing,from 88066,tfidf__from 88066,tfidf,0.0
smishing,from aberdeen,tfidf__from aberdeen,tfidf,0.0
smishing,from bt,tfidf__from bt,tfidf,0.0
smishing,from fixed,tfidf__from fixed,tfidf,0.0
smishing,from mobiles,tfidf__from mobiles,tfidf,0.0
smishing,from o2,tfidf__from o2,tfidf,0.0
smishing,from our,tfidf__from our,tfidf,0.0
smishing,from pass,tfidf__from pass,tfidf,0.0
smishing,from santa,tfidf__from santa,tfidf,0.0
smishing,from shortcode,tfidf__from shortcode,tfidf,0.0
smishing,from yards,tfidf__from yards,tfidf,0.0
smishing,from yesterday,tfidf__from yesterday,tfidf,0.0
smishing,from you,tfidf__from you,tfidf,0.0
smishing,full urltoken,tfidf__full urltoken,tfidf,0.0
smishing,fun and,tfidf__fun and,tfidf,0.0
smishing,fun you,tfidf__fun you,tfidf,0.0
smishing,funky,tfidf__funky,tfidf,0.0
smishing,games six,tfidf__games six,tfidf,0.0
smishing,ganga,tfidf__ganga,tfidf,0.0
smishing,ganga ready,tfidf__ganga ready,tfidf,0.0
smishing,gbp sms,tfidf__gbp sms,tfidf,0.0
smishing,gbp week,tfidf__gbp week,tfidf,0.0
smishing,germany,tfidf__germany,tfidf,0.0
smishing,germany for,tfidf__germany for,tfidf,0.0
smishing,get entry,tfidf__get entry,tfidf,0.0
smishing,get lots,tfidf__get lots,tfidf,0.0
smishing,get sauna,tfidf__get sauna,tfidf,0.0
smishing,get the,tfidf__get the,tfidf,0.0
smishing,get your,tfidf__get your,tfidf,0.0
smishing,gigolo,tfidf__gigolo,tfidf,0.0
smishing,gigolo join,tfidf__gigolo join,tfidf,0.0
smishing,give away,tfidf__give away,tfidf,0.0
smishing,goal,tfidf__goal,tfidf,0.0
smishing,goal arsenal,tfidf__goal arsenal,tfidf,0.0
smishing,goal margin,tfidf__goal margin,tfidf,0.0
smishing,goals,tfidf__goals,tfidf,0.0
smishing,goals news,tfidf__goals news,tfidf,0.0
smishing,goin,tfidf__goin,tfidf,0.0
smishing,golf,tfidf__golf,tfidf,0.0
smishing,golf course,tfidf__golf course,tfidf,0.0
smishing,gonna,tfidf__gonna,tfidf,0.0
smishing,gonna be,tfidf__gonna be,tfidf,0.0
smishing,good condition,tfidf__good condition,tfidf,0.0
smishing,good friend,tfidf__good friend,tfidf,0.0
smishing,good with,tfidf__good with,tfidf,0.0
smishing,got cam,tfidf__got cam,tfidf,0.0
smishing,grant either,tfidf__grant either,tfidf,0.0
smishing,great day,tfidf__great day,tfidf,0.0
smishing,great offers,tfidf__great offers,tfidf,0.0
smishing,great until,tfidf__great until,tfidf,0.0
smishing,greater,tfidf__greater,tfidf,0.0
smishing,greater noida,tfidf__greater noida,tfidf,0.0
smishing,green,tfidf__green,tfidf,0.0
smishing,green day,tfidf__green day,tfidf,0.0
smishing,grgn,tfidf__grgn,tfidf,0.0
smishing,grgn 5250,tfidf__grgn 5250,tfidf,0.0
smishing,group,tfidf__group,tfidf,0.0
smishing,gsoh,tfidf__gsoh,tfidf,0.0
smishing,gsoh good,tfidf__gsoh good,tfidf,0.0
smishing,gurgaon 28,tfidf__gurgaon 28,tfidf,0.0
smishing,gurgaon vishal,tfidf__gurgaon vishal,tfidf,0.0
smishing,ha,tfidf__ha,tfidf,0.0
smishing,habituate,tfidf__habituate,tfidf,0.0
smishing,hair,tfidf__hair,tfidf,0.0
smishing,haridwar,tfidf__haridwar,tfidf,0.0
smishing,haridwar at,tfidf__haridwar at,tfidf,0.0
smishing,harry answer,tfidf__harry answer,tfidf,0.0
smishing,has expired,tfidf__has expired,tfidf,0.0
smishing,has picked,tfidf__has picked,tfidf,0.0
smishing,has randomly,tfidf__has randomly,tfidf,0.0
smishing,have great,tfidf__have great,tfidf,0.0
smishing,have match,tfidf__have match,tfidf,0.0
smishing,have succeed,tfidf__have succeed,tfidf,0.0
smishing,havent,tfidf__havent,tfidf,0.0
smishing,havin,tfidf__havin,tfidf,0.0
smishing,held,tfidf__held,tfidf,0.0
smishing,hello you,tfidf__hello you,tfidf,0.0
smishing,help more,tfidf__help more,tfidf,0.0
smishing,helpline,tfidf__helpline,tfidf,0.0
smishing,helpline phonetoken,tfidf__helpline phonetoken,tfidf,0.0
smishing,henry,tfidf__henry,tfidf,0.0
smishing,henry liverpool,tfidf__henry liverpool,tfidf,0.0
smishing,henry scores,tfidf__henry scores,tfidf,0.0
smishing,here urltoken,tfidf__here urltoken,tfidf,0.0
smishing,herself,tfidf__herself,tfidf,0.0
smishing,herself to,tfidf__herself to,tfidf,0.0
smishing,hey am,tfidf__hey am,tfidf,0.0
smishing,hey i'm,tfidf__hey i'm,tfidf,0.0
smishing,hey there,tfidf__hey there,tfidf,0.0
smishing,hi hi,tfidf__hi hi,tfidf,0.0
smishing,hi phonetoken,tfidf__hi phonetoken,tfidf,0.0
smishing,hi stop,tfidf__hi stop,tfidf,0.0
smishing,high,tfidf__high,tfidf,0.0
smishing,him out,tfidf__him out,tfidf,0.0
smishing,hindustan,tfidf__hindustan,tfidf,0.0
smishing,hindustan times,tfidf__hindustan times,tfidf,0.0
smishing,hockey,tfidf__hockey,tfidf,0.0
smishing,hockey correct,tfidf__hockey correct,tfidf,0.0
smishing,holder to,tfidf__holder to,tfidf,0.0
smishing,holiday await,tfidf__holiday await,tfidf,0.0
smishing,home from,tfidf__home from,tfidf,0.0
smishing,hope like,tfidf__hope like,tfidf,0.0
smishing,hotel,tfidf__hotel,tfidf,0.0
smishing,hour please,tfidf__hour please,tfidf,0.0
smishing,house no,tfidf__house no,tfidf,0.0
smishing,housewives,tfidf__housewives,tfidf,0.0
smishing,how im,tfidf__how im,tfidf,0.0
smishing,how to,tfidf__how to,tfidf,0.0
smishing,however,tfidf__however,tfidf,0.0
smishing,hr,tfidf__hr,tfidf,0.0
smishing,hr thank,tfidf__hr thank,tfidf,0.0
smishing,huh,tfidf__huh,tfidf,0.0
smishing,i'll call,tfidf__i'll call,tfidf,0.0
smishing,i'm going,tfidf__i'm going,tfidf,0.0
smishing,i'm on,tfidf__i'm on,tfidf,0.0
smishing,ibh,tfidf__ibh,tfidf,0.0
smishing,ibh customer,tfidf__ibh customer,tfidf,0.0
smishing,ibiza,tfidf__ibiza,tfidf,0.0
smishing,ibiza holiday,tfidf__ibiza holiday,tfidf,0.0
smishing,ice hockey,tfidf__ice hockey,tfidf,0.0
smishing,icmb3cktz8r7,tfidf__icmb3cktz8r7,tfidf,0.0
smishing,icmb3cktz8r7 no,tfidf__icmb3cktz8r7 no,tfidf,0.0
smishing,if busy,tfidf__if busy,tfidf,0.0
smishing,if get,tfidf__if get,tfidf,0.0
smishing,if wanna,tfidf__if wanna,tfidf,0.0
smishing,im home,tfidf__im home,tfidf,0.0
smishing,immediately,tfidf__immediately,tfidf,0.0
smishing,immediately as,tfidf__immediately as,tfidf,0.0
smishing,immediately to,tfidf__immediately to,tfidf,0.0
smishing,immediately your,tfidf__immediately your,tfidf,0.0
smishing,in an,tfidf__in an,tfidf,0.0
smishing,in case,tfidf__in case,tfidf,0.0
smishing,in f1ve,tfidf__in f1ve,tfidf,0.0
smishing,in first,tfidf__in first,tfidf,0.0
smishing,in haridwar,tfidf__in haridwar,tfidf,0.0
smishing,in july,tfidf__in july,tfidf,0.0
smishing,in market,tfidf__in market,tfidf,0.0
smishing,in my,tfidf__in my,tfidf,0.0
smishing,in oz,tfidf__in oz,tfidf,0.0
smishing,in sec,tfidf__in sec,tfidf,0.0
smishing,in store,tfidf__in store,tfidf,0.0
smishing,in swat,tfidf__in swat,tfidf,0.0
smishing,in weekly,tfidf__in weekly,tfidf,0.0
smishing,in you,tfidf__in you,tfidf,0.0
smishing,inch,tfidf__inch,tfidf,0.0
smishing,inch free,tfidf__inch free,tfidf,0.0
smishing,inch use,tfidf__inch use,tfidf,0.0
smishing,include,tfidf__include,tfidf,0.0
smishing,include crazy,tfidf__include crazy,tfidf,0.0
smishing,incorrect,tfidf__incorrect,tfidf,0.0
smishing,incorrect end,tfidf__incorrect end,tfidf,0.0
smishing,incur,tfidf__incur,tfidf,0.0
smishing,indicate,tfidf__indicate,tfidf,0.0
smishing,indicate you,tfidf__indicate you,tfidf,0.0
smishing,infix,tfidf__infix,tfidf,0.0
smishing,info in,tfidf__info in,tfidf,0.0
smishing,information urltoken,tfidf__information urltoken,tfidf,0.0
smishing,informed,tfidf__informed,tfidf,0.0
smishing,informed of,tfidf__informed of,tfidf,0.0
smishing,ingest new,tfidf__ingest new,tfidf,0.0
smishing,ingest w0n,tfidf__ingest w0n,tfidf,0.0
smishing,initiate,tfidf__initiate,tfidf,0.0
smishing,installment,tfidf__installment,tfidf,0.0
smishing,installment call,tfidf__installment call,tfidf,0.0
smishing,interest,tfidf__interest,tfidf,0.0
smishing,interest free,tfidf__interest free,tfidf,0.0
smishing,interflora,tfidf__interflora,tfidf,0.0
smishing,into,tfidf__into,tfidf,0.0
smishing,into our,tfidf__into our,tfidf,0.0
smishing,investment,tfidf__investment,tfidf,0.0
smishing,investment with,tfidf__investment with,tfidf,0.0
smishing,investments,tfidf__investments,tfidf,0.0
smishing,investments phonetoken,tfidf__investments phonetoken,tfidf,0.0
smishing,ip4,tfidf__ip4,tfidf,0.0
smishing,ip4 5we,tfidf__ip4 5we,tfidf,0.0
smishing,ipad,tfidf__ipad,tfidf,0.0
smishing,ipod or,tfidf__ipod or,tfidf,0.0
smishing,ipod txt,tfidf__ipod txt,tfidf,0.0
smishing,is an,tfidf__is an,tfidf,0.0
smishing,is due,tfidf__is due,tfidf,0.0
smishing,is inviting,tfidf__is inviting,tfidf,0.0
smishing,is it,tfidf__is it,tfidf,0.0
smishing,is my,tfidf__is my,tfidf,0.0
smishing,is now,tfidf__is now,tfidf,0.0
smishing,is still,tfidf__is still,tfidf,0.0
smishing,is there,tfidf__is there,tfidf,0.0
smishing,is what,tfidf__is what,tfidf,0.0
smishing,is yours,tfidf__is yours,tfidf,0.0
smishing,iscoming,tfidf__iscoming,tfidf,0.0
smishing,iscoming ur,tfidf__iscoming ur,tfidf,0.0
smishing,it has,tfidf__it has,tfidf,0.0
smishing,it now,tfidf__it now,tfidf,0.0
smishing,it still,tfidf__it still,tfidf,0.0
smishing,it truly,tfidf__it truly,tfidf,0.0
smishing,it you,tfidf__it you,tfidf,0.0
smishing,it's been,tfidf__it's been,tfidf,0.0
smishing,it's not,tfidf__it's not,tfidf,0.0
smishing,itcould,tfidf__itcould,tfidf,0.0
smishing,items,tfidf__items,tfidf,0.0
smishing,items for,tfidf__items for,tfidf,0.0
smishing,jam,tfidf__jam,tfidf,0.0
smishing,jamster get,tfidf__jamster get,tfidf,0.0
smishing,jersey,tfidf__jersey,tfidf,0.0
smishing,jersey devils,tfidf__jersey devils,tfidf,0.0
smishing,join urltoken,tfidf__join urltoken,tfidf,0.0
smishing,jordan,tfidf__jordan,tfidf,0.0
smishing,jsco,tfidf__jsco,tfidf,0.0
smishing,jst got,tfidf__jst got,tfidf,0.0
smishing,july,tfidf__july,tfidf,0.0
smishing,july 2007,tfidf__july 2007,tfidf,0.0
smishing,jump,tfidf__jump,tfidf,0.0
smishing,jump now,tfidf__jump now,tfidf,0.0
smishing,june,tfidf__june,tfidf,0.0
smishing,june chance,tfidf__june chance,tfidf,0.0
smishing,jus,tfidf__jus,tfidf,0.0
smishing,just gbp,tfidf__just gbp,tfidf,0.0
smishing,just send,tfidf__just send,tfidf,0.0
smishing,just show,tfidf__just show,tfidf,0.0
smishing,just yell,tfidf__just yell,tfidf,0.0
smishing,karaoke,tfidf__karaoke,tfidf,0.0
smishing,karaoke on,tfidf__karaoke on,tfidf,0.0
smishing,keep me,tfidf__keep me,tfidf,0.0
smishing,kept,tfidf__kept,tfidf,0.0
smishing,ki,tfidf__ki,tfidf,0.0
smishing,kick,tfidf__kick,tfidf,0.0
smishing,kick off,tfidf__kick off,tfidf,0.0
smishing,kickoff,tfidf__kickoff,tfidf,0.0
smishing,kickoff will,tfidf__kickoff will,tfidf,0.0
smishing,king in,tfidf__king in,tfidf,0.0
smishing,kingdom,tfidf__kingdom,tfidf,0.0
smishing,kiosk,tfidf__kiosk,tfidf,0.0
smishing,kiosk reply,tfidf__kiosk reply,tfidf,0.0
smishing,kiss,tfidf__kiss,tfidf,0.0
smishing,knock,tfidf__knock,tfidf,0.0
smishing,know and,tfidf__know and,tfidf,0.0
smishing,know me,tfidf__know me,tfidf,0.0
smishing,kyc contact,tfidf__kyc contact,tfidf,0.0
smishing,kyc has,tfidf__kyc has,tfidf,0.0
smishing,kyc ingest,tfidf__kyc ingest,tfidf,0.0
smishing,la32wu,tfidf__la32wu,tfidf,0.0
smishing,la32wu 16,tfidf__la32wu 16,tfidf,0.0
smishing,lac,tfidf__lac,tfidf,0.0
smishing,lac onwards,tfidf__lac onwards,tfidf,0.0
smishing,ladies could,tfidf__ladies could,tfidf,0.0
smishing,landline tcs,tfidf__landline tcs,tfidf,0.0
smishing,last 3mins,tfidf__last 3mins,tfidf,0.0
smishing,later,tfidf__later,tfidf,0.0
smishing,le,tfidf__le,tfidf,0.0
smishing,le to,tfidf__le to,tfidf,0.0
smishing,leave msg,tfidf__leave msg,tfidf,0.0
smishing,let me,tfidf__let me,tfidf,0.0
smishing,let's find,tfidf__let's find,tfidf,0.0
smishing,like call,tfidf__like call,tfidf,0.0
smishing,like keep,tfidf__like keep,tfidf,0.0
smishing,like some,tfidf__like some,tfidf,0.0
smishing,lily,tfidf__lily,tfidf,0.0
smishing,lily txt,tfidf__lily txt,tfidf,0.0
smishing,line via,tfidf__line via,tfidf,0.0
smishing,linerental on,tfidf__linerental on,tfidf,0.0
smishing,lines,tfidf__lines,tfidf,0.0
smishing,lines close,tfidf__lines close,tfidf,0.0
smishing,link just,tfidf__link just,tfidf,0.0
smishing,listen,tfidf__listen,tfidf,0.0
smishing,little ones,tfidf__little ones,tfidf,0.0
smishing,live tv,tfidf__live tv,tfidf,0.0
smishing,liverpool henry,tfidf__liverpool henry,tfidf,0.0
smishing,lnly hope,tfidf__lnly hope,tfidf,0.0
smishing,login to,tfidf__login to,tfidf,0.0
smishing,london,tfidf__london,tfidf,0.0
smishing,london w1j,tfidf__london w1j,tfidf,0.0
smishing,lonely,tfidf__lonely,tfidf,0.0
smishing,lonely black,tfidf__lonely black,tfidf,0.0
smishing,look for,tfidf__look for,tfidf,0.0
smishing,lookatme,tfidf__lookatme,tfidf,0.0
smishing,lord,tfidf__lord,tfidf,0.0
smishing,lord of,tfidf__lord of,tfidf,0.0
smishing,lose,tfidf__lose,tfidf,0.0
smishing,lost,tfidf__lost,tfidf,0.0
smishing,lotr,tfidf__lotr,tfidf,0.0
smishing,lotr by,tfidf__lotr by,tfidf,0.0
smishing,lotr soundtrack,tfidf__lotr soundtrack,tfidf,0.0
smishing,lots,tfidf__lots,tfidf,0.0
smishing,lots of,tfidf__lots of,tfidf,0.0
smishing,loving,tfidf__loving,tfidf,0.0
smishing,loyal,tfidf__loyal,tfidf,0.0
smishing,loyal mobile,tfidf__loyal mobile,tfidf,0.0
smishing,ltd suite,tfidf__ltd suite,tfidf,0.0
smishing,lucozade,tfidf__lucozade,tfidf,0.0
smishing,lucozade energy,tfidf__lucozade energy,tfidf,0.0
smishing,lucy,tfidf__lucy,tfidf,0.0
smishing,m8s,tfidf__m8s,tfidf,0.0
smishing,m8s txt,tfidf__m8s txt,tfidf,0.0
smishing,mad1,tfidf__mad1,tfidf,0.0
smishing,mad1 for,tfidf__mad1 for,tfidf,0.0
smishing,mad2,tfidf__mad2,tfidf,0.0
smishing,mad2 to,tfidf__mad2 to,tfidf,0.0
smishing,made it,tfidf__made it,tfidf,0.0
smishing,mail,tfidf__mail,tfidf,0.0
smishing,mailbox messaging,tfidf__mailbox messaging,tfidf,0.0
smishing,male,tfidf__male,tfidf,0.0
smishing,male gigolo,tfidf__male gigolo,tfidf,0.0
smishing,margin,tfidf__margin,tfidf,0.0
smishing,margin after,tfidf__margin after,tfidf,0.0
smishing,market,tfidf__market,tfidf,0.0
smishing,market square,tfidf__market square,tfidf,0.0
smishing,mates etc,tfidf__mates etc,tfidf,0.0
smishing,matrix3,tfidf__matrix3,tfidf,0.0
smishing,matrix3 starwars3,tfidf__matrix3 starwars3,tfidf,0.0
smishing,max,tfidf__max,tfidf,0.0
smishing,max 50,tfidf__max 50,tfidf,0.0
smishing,maximum,tfidf__maximum,tfidf,0.0
smishing,may not,tfidf__may not,tfidf,0.0
smishing,me back,tfidf__me back,tfidf,0.0
smishing,me know,tfidf__me know,tfidf,0.0
smishing,me send,tfidf__me send,tfidf,0.0
smishing,me won't,tfidf__me won't,tfidf,0.0
smishing,med,tfidf__med,tfidf,0.0
smishing,med popcorn,tfidf__med popcorn,tfidf,0.0
smishing,meeting,tfidf__meeting,tfidf,0.0
smishing,men,tfidf__men,tfidf,0.0
smishing,mens,tfidf__mens,tfidf,0.0
smishing,mens club,tfidf__mens club,tfidf,0.0
smishing,message jamster,tfidf__message jamster,tfidf,0.0
smishing,message waiting,tfidf__message waiting,tfidf,0.0
smishing,messages reply,tfidf__messages reply,tfidf,0.0
smishing,messages text,tfidf__messages text,tfidf,0.0
smishing,messaging,tfidf__messaging,tfidf,0.0
smishing,messaging sms,tfidf__messaging sms,tfidf,0.0
smishing,metro,tfidf__metro,tfidf,0.0
smishing,metro station,tfidf__metro station,tfidf,0.0
smishing,min polo,tfidf__min polo,tfidf,0.0
smishing,min term,tfidf__min term,tfidf,0.0
smishing,mind,tfidf__mind,tfidf,0.0
smishing,mins 1000,tfidf__mins 1000,tfidf,0.0
smishing,mins 150,tfidf__mins 150,tfidf,0.0
smishing,mins and,tfidf__mins and,tfidf,0.0
smishing,minute call,tfidf__minute call,tfidf,0.0
smishing,mistake,tfidf__mistake,tfidf,0.0
smishing,mistake from,tfidf__mistake from,tfidf,0.0
smishing,mjzgroup,tfidf__mjzgroup,tfidf,0.0
smishing,mjzgroup phonetoken,tfidf__mjzgroup phonetoken,tfidf,0.0
smishing,mob offer,tfidf__mob offer,tfidf,0.0
smishing,mob tell,tfidf__mob tell,tfidf,0.0
smishing,mob tones,tfidf__mob tones,tfidf,0.0
smishing,mobile 7cfca1a,tfidf__mobile 7cfca1a,tfidf,0.0
smishing,mobile club,tfidf__mobile club,tfidf,0.0
smishing,mobile customers,tfidf__mobile customers,tfidf,0.0
smishing,mobiles call,tfidf__mobiles call,tfidf,0.0
smishing,modify,tfidf__modify,tfidf,0.0
smishing,moon's,tfidf__moon's,tfidf,0.0
smishing,moon's children,tfidf__moon's children,tfidf,0.0
smishing,more than,tfidf__more than,tfidf,0.0
smishing,motorola phones,tfidf__motorola phones,tfidf,0.0
smishing,motorola sonyericsson,tfidf__motorola sonyericsson,tfidf,0.0
smishing,mre,tfidf__mre,tfidf,0.0
smishing,mre film,tfidf__mre film,tfidf,0.0
smishing,msg 2day,tfidf__msg 2day,tfidf,0.0
smishing,msg 50rcvd,tfidf__msg 50rcvd,tfidf,0.0
smishing,msg we,tfidf__msg we,tfidf,0.0
smishing,much fun,tfidf__much fun,tfidf,0.0
smishing,murder,tfidf__murder,tfidf,0.0
smishing,my xxx,tfidf__my xxx,tfidf,0.0
smishing,n9dx,tfidf__n9dx,tfidf,0.0
smishing,name house,tfidf__name house,tfidf,0.0
smishing,name the,tfidf__name the,tfidf,0.0
smishing,ncr,tfidf__ncr,tfidf,0.0
smishing,ncr 50rs,tfidf__ncr 50rs,tfidf,0.0
smishing,ncr rs50,tfidf__ncr rs50,tfidf,0.0
smishing,near pari,tfidf__near pari,tfidf,0.0
smishing,nearly,tfidf__nearly,tfidf,0.0
smishing,need song,tfidf__need song,tfidf,0.0
smishing,needs,tfidf__needs,tfidf,0.0
smishing,netherlands,tfidf__netherlands,tfidf,0.0
smishing,new jersey,tfidf__new jersey,tfidf,0.0
smishing,new nokia6600,tfidf__new nokia6600,tfidf,0.0
smishing,new season,tfidf__new season,tfidf,0.0
smishing,new tone,tfidf__new tone,tfidf,0.0
smishing,new tones,tfidf__new tones,tfidf,0.0
smishing,new voicemail,tfidf__new voicemail,tfidf,0.0
smishing,news and,tfidf__news and,tfidf,0.0
smishing,news to,tfidf__news to,tfidf,0.0
smishing,no 07xxxxxxxxx,tfidf__no 07xxxxxxxxx,tfidf,0.0
smishing,no 440,tfidf__no 440,tfidf,0.0
smishing,no and,tfidf__no and,tfidf,0.0
smishing,no blind,tfidf__no blind,tfidf,0.0
smishing,no doubles,tfidf__no doubles,tfidf,0.0
smishing,no nokia,tfidf__no nokia,tfidf,0.0
smishing,no phonetoken,tfidf__no phonetoken,tfidf,0.0
smishing,no word,tfidf__no word,tfidf,0.0
smishing,no1 in,tfidf__no1 in,tfidf,0.0
smishing,noe,tfidf__noe,tfidf,0.0
smishing,noida 9500,tfidf__noida 9500,tfidf,0.0
smishing,noida near,tfidf__noida near,tfidf,0.0
smishing,nok,tfidf__nok,tfidf,0.0
smishing,nok to,tfidf__nok to,tfidf,0.0
smishing,nokia 3650,tfidf__nokia 3650,tfidf,0.0
smishing,nokia free,tfidf__nokia free,tfidf,0.0
smishing,nokia motorola,tfidf__nokia motorola,tfidf,0.0
smishing,nokia6600,tfidf__nokia6600,tfidf,0.0
smishing,nokia6600 mobile,tfidf__nokia6600 mobile,tfidf,0.0
smishing,nokias,tfidf__nokias,tfidf,0.0
smishing,nokias or,tfidf__nokias or,tfidf,0.0
smishing,norm,tfidf__norm,tfidf,0.0
smishing,not to,tfidf__not to,tfidf,0.0
smishing,not too,tfidf__not too,tfidf,0.0
smishing,not unsubscribe,tfidf__not unsubscribe,tfidf,0.0
smishing,notice to,tfidf__notice to,tfidf,0.0
smishing,notify,tfidf__notify,tfidf,0.0
smishing,notify you,tfidf__notify you,tfidf,0.0
smishing,now 18,tfidf__now 18,tfidf,0.0
smishing,now at,tfidf__now at,tfidf,0.0
smishing,now chance,tfidf__now chance,tfidf,0.0
smishing,now for,tfidf__now for,tfidf,0.0
smishing,now hg,tfidf__now hg,tfidf,0.0
smishing,now suprman,tfidf__now suprman,tfidf,0.0
smishing,now to,tfidf__now to,tfidf,0.0
smishing,now use,tfidf__now use,tfidf,0.0
smishing,nr,tfidf__nr,tfidf,0.0
smishing,nr metro,tfidf__nr metro,tfidf,0.0
smishing,num,tfidf__num,tfidf,0.0
smishing,number by,tfidf__number by,tfidf,0.0
smishing,number phonetoken,tfidf__number phonetoken,tfidf,0.0
smishing,number to,tfidf__number to,tfidf,0.0
smishing,number urltoken,tfidf__number urltoken,tfidf,0.0
smishing,number x29,tfidf__number x29,tfidf,0.0
smishing,o2 to,tfidf__o2 to,tfidf,0.0
smishing,of 54,tfidf__of 54,tfidf,0.0
smishing,of all,tfidf__of all,tfidf,0.0
smishing,of cash,tfidf__of cash,tfidf,0.0
smishing,of ganga,tfidf__of ganga,tfidf,0.0
smishing,of great,tfidf__of great,tfidf,0.0
smishing,of todays,tfidf__of todays,tfidf,0.0
smishing,off get,tfidf__off get,tfidf,0.0
smishing,off new,tfidf__off new,tfidf,0.0
smishing,offer claim,tfidf__offer claim,tfidf,0.0
smishing,offer latest,tfidf__offer latest,tfidf,0.0
smishing,offer package,tfidf__offer package,tfidf,0.0
smishing,offers bhk,tfidf__offers bhk,tfidf,0.0
smishing,offers pls,tfidf__offers pls,tfidf,0.0
smishing,office airtel,tfidf__office airtel,tfidf,0.0
smishing,ok 2600,tfidf__ok 2600,tfidf,0.0
smishing,ok to,tfidf__ok to,tfidf,0.0
smishing,ok xxx,tfidf__ok xxx,tfidf,0.0
smishing,om,tfidf__om,tfidf,0.0
smishing,on freephone,tfidf__on freephone,tfidf,0.0
smishing,on latest,tfidf__on latest,tfidf,0.0
smishing,on my,tfidf__on my,tfidf,0.0
smishing,on noida,tfidf__on noida,tfidf,0.0
smishing,on sony,tfidf__on sony,tfidf,0.0
smishing,on yer,tfidf__on yer,tfidf,0.0
smishing,oncall,tfidf__oncall,tfidf,0.0
smishing,oncall mjzgroup,tfidf__oncall mjzgroup,tfidf,0.0
smishing,one gbp,tfidf__one gbp,tfidf,0.0
smishing,ones,tfidf__ones,tfidf,0.0
smishing,ones like,tfidf__ones like,tfidf,0.0
smishing,only c's,tfidf__only c's,tfidf,0.0
smishing,only five,tfidf__only five,tfidf,0.0
smishing,only pence,tfidf__only pence,tfidf,0.0
smishing,onwards,tfidf__onwards,tfidf,0.0
smishing,onwards bhk,tfidf__onwards bhk,tfidf,0.0
smishing,onwards or,tfidf__onwards or,tfidf,0.0
smishing,optin,tfidf__optin,tfidf,0.0
smishing,optin subscriber,tfidf__optin subscriber,tfidf,0.0
smishing,or 10,tfidf__or 10,tfidf,0.0
smishing,or 20,tfidf__or 20,tfidf,0.0
smishing,or 250,tfidf__or 250,tfidf,0.0
smishing,or answer,tfidf__or answer,tfidf,0.0
smishing,or colour,tfidf__or colour,tfidf,0.0
smishing,or flag,tfidf__or flag,tfidf,0.0
smishing,or full,tfidf__or full,tfidf,0.0
smishing,or incorrect,tfidf__or incorrect,tfidf,0.0
smishing,or sms,tfidf__or sms,tfidf,0.0
smishing,or trebles,tfidf__or trebles,tfidf,0.0
smishing,or urltoken,tfidf__or urltoken,tfidf,0.0
smishing,orange bluetooth,tfidf__orange bluetooth,tfidf,0.0
smishing,orange call,tfidf__orange call,tfidf,0.0
smishing,orange customer,tfidf__orange customer,tfidf,0.0
smishing,original,tfidf__original,tfidf,0.0
smishing,original best,tfidf__original best,tfidf,0.0
smishing,our 250,tfidf__our 250,tfidf,0.0
smishing,our 350,tfidf__our 350,tfidf,0.0
smishing,our biggest,tfidf__our biggest,tfidf,0.0
smishing,our loyal,tfidf__our loyal,tfidf,0.0
smishing,our records,tfidf__our records,tfidf,0.0
smishing,our sms,tfidf__our sms,tfidf,0.0
smishing,out urltoken,tfidf__out urltoken,tfidf,0.0
smishing,oz,tfidf__oz,tfidf,0.0
smishing,oz can,tfidf__oz can,tfidf,0.0
smishing,packs,tfidf__packs,tfidf,0.0
smishing,packs or,tfidf__packs or,tfidf,0.0
smishing,paid,tfidf__paid,tfidf,0.0
smishing,pain,tfidf__pain,tfidf,0.0
smishing,pari,tfidf__pari,tfidf,0.0
smishing,pari chowk,tfidf__pari chowk,tfidf,0.0
smishing,part in,tfidf__part in,tfidf,0.0
smishing,pass,tfidf__pass,tfidf,0.0
smishing,pass by,tfidf__pass by,tfidf,0.0
smishing,pass for,tfidf__pass for,tfidf,0.0
smishing,pay2tmkyc,tfidf__pay2tmkyc,tfidf,0.0
smishing,pay2tmkyc has,tfidf__pay2tmkyc has,tfidf,0.0
smishing,paying,tfidf__paying,tfidf,0.0
smishing,paytm team,tfidf__paytm team,tfidf,0.0
smishing,pc go,tfidf__pc go,tfidf,0.0
smishing,pc please,tfidf__pc please,tfidf,0.0
smishing,pence,tfidf__pence,tfidf,0.0
smishing,pence per,tfidf__pence per,tfidf,0.0
smishing,per 10,tfidf__per 10,tfidf,0.0
smishing,per urltoken,tfidf__per urltoken,tfidf,0.0
smishing,pg,tfidf__pg,tfidf,0.0
smishing,pg of,tfidf__pg of,tfidf,0.0
smishing,phone for,tfidf__phone for,tfidf,0.0
smishing,phone phonetoken,tfidf__phone phonetoken,tfidf,0.0
smishing,phone750,tfidf__phone750,tfidf,0.0
smishing,phone750 anytime,tfidf__phone750 anytime,tfidf,0.0
smishing,phones call,tfidf__phones call,tfidf,0.0
smishing,phonetoken 00,tfidf__phonetoken 00,tfidf,0.0
smishing,phonetoken 04,tfidf__phonetoken 04,tfidf,0.0
smishing,phonetoken 2stop,tfidf__phonetoken 2stop,tfidf,0.0
smishing,phonetoken b4,tfidf__phonetoken b4,tfidf,0.0
smishing,phonetoken before,tfidf__phonetoken before,tfidf,0.0
smishing,phonetoken cite,tfidf__phonetoken cite,tfidf,0.0
smishing,phonetoken ibh,tfidf__phonetoken ibh,tfidf,0.0
smishing,phonetoken immediately,tfidf__phonetoken immediately,tfidf,0.0
smishing,phonetoken offer,tfidf__phonetoken offer,tfidf,0.0
smishing,phonetoken poly,tfidf__phonetoken poly,tfidf,0.0
smishing,phonetoken profit,tfidf__phonetoken profit,tfidf,0.0
smishing,phonetoken stopsms,tfidf__phonetoken stopsms,tfidf,0.0
smishing,phonetoken urgent,tfidf__phonetoken urgent,tfidf,0.0
smishing,phony,tfidf__phony,tfidf,0.0
smishing,phony 350,tfidf__phony 350,tfidf,0.0
smishing,picked,tfidf__picked,tfidf,0.0
smishing,picked you,tfidf__picked you,tfidf,0.0
smishing,pics they,tfidf__pics they,tfidf,0.0
smishing,pix ringtones,tfidf__pix ringtones,tfidf,0.0
smishing,play now,tfidf__play now,tfidf,0.0
smishing,play to,tfidf__play to,tfidf,0.0
smishing,please complete,tfidf__please complete,tfidf,0.0
smishing,please go,tfidf__please go,tfidf,0.0
smishing,plot for,tfidf__plot for,tfidf,0.0
smishing,plots available,tfidf__plots available,tfidf,0.0
smishing,pls call,tfidf__pls call,tfidf,0.0
smishing,pls goto,tfidf__pls goto,tfidf,0.0
smishing,pls reply,tfidf__pls reply,tfidf,0.0
smishing,pls resubmit,tfidf__pls resubmit,tfidf,0.0
smishing,plz,tfidf__plz,tfidf,0.0
smishing,pobox36504w45wq 150p,tfidf__pobox36504w45wq 150p,tfidf,0.0
smishing,pod,tfidf__pod,tfidf,0.0
smishing,pod to,tfidf__pod to,tfidf,0.0
smishing,polo,tfidf__polo,tfidf,0.0
smishing,polo ltd,tfidf__polo ltd,tfidf,0.0
smishing,poly charity,tfidf__poly charity,tfidf,0.0
smishing,poly ringtone,tfidf__poly ringtone,tfidf,0.0
smishing,poly text,tfidf__poly text,tfidf,0.0
smishing,poly true,tfidf__poly true,tfidf,0.0
smishing,polys zed,tfidf__polys zed,tfidf,0.0
smishing,popcorn,tfidf__popcorn,tfidf,0.0
smishing,popcorn just,tfidf__popcorn just,tfidf,0.0
smishing,portfolio,tfidf__portfolio,tfidf,0.0
smishing,portfolio watch,tfidf__portfolio watch,tfidf,0.0
smishing,possession,tfidf__possession,tfidf,0.0
smishing,possession registry,tfidf__possession registry,tfidf,0.0
smishing,post,tfidf__post,tfidf,0.0
smishing,posts,tfidf__posts,tfidf,0.0
smishing,posts hello,tfidf__posts hello,tfidf,0.0
smishing,pounds free,tfidf__pounds free,tfidf,0.0
smishing,pounds per,tfidf__pounds per,tfidf,0.0
smishing,ppm 18,tfidf__ppm 18,tfidf,0.0
smishing,prevention,tfidf__prevention,tfidf,0.0
smishing,prevention on,tfidf__prevention on,tfidf,0.0
smishing,price linerental,tfidf__price linerental,tfidf,0.0
smishing,privy,tfidf__privy,tfidf,0.0
smishing,privy the,tfidf__privy the,tfidf,0.0
smishing,prize from,tfidf__prize from,tfidf,0.0
smishing,prize will,tfidf__prize will,tfidf,0.0
smishing,profit,tfidf__profit,tfidf,0.0
smishing,profit charity,tfidf__profit charity,tfidf,0.0
smishing,project,tfidf__project,tfidf,0.0
smishing,promo,tfidf__promo,tfidf,0.0
smishing,property,tfidf__property,tfidf,0.0
smishing,prove that,tfidf__prove that,tfidf,0.0
smishing,psf yrs,tfidf__psf yrs,tfidf,0.0
smishing,pub,tfidf__pub,tfidf,0.0
smishing,pvt,tfidf__pvt,tfidf,0.0
smishing,pyatm,tfidf__pyatm,tfidf,0.0
smishing,pyatm wallet,tfidf__pyatm wallet,tfidf,0.0
smishing,quality,tfidf__quality,tfidf,0.0
smishing,quality items,tfidf__quality items,tfidf,0.0
smishing,quote,tfidf__quote,tfidf,0.0
smishing,quotes,tfidf__quotes,tfidf,0.0
smishing,quotes track,tfidf__quotes track,tfidf,0.0
smishing,rally,tfidf__rally,tfidf,0.0
smishing,rally in,tfidf__rally in,tfidf,0.0
smishing,rally le,tfidf__rally le,tfidf,0.0
smishing,randomly,tfidf__randomly,tfidf,0.0
smishing,randomly picked,tfidf__randomly picked,tfidf,0.0
smishing,ravana,tfidf__ravana,tfidf,0.0
smishing,ready for,tfidf__ready for,tfidf,0.0
smishing,ready possession,tfidf__ready possession,tfidf,0.0
smishing,real text,tfidf__real text,tfidf,0.0
smishing,reat investment,tfidf__reat investment,tfidf,0.0
smishing,receive 400,tfidf__receive 400,tfidf,0.0
smishing,recent draw,tfidf__recent draw,tfidf,0.0
smishing,recently used,tfidf__recently used,tfidf,0.0
smishing,records indicate,tfidf__records indicate,tfidf,0.0
smishing,red day,tfidf__red day,tfidf,0.0
smishing,red wings,tfidf__red wings,tfidf,0.0
smishing,reduce,tfidf__reduce,tfidf,0.0
smishing,reduce fat,tfidf__reduce fat,tfidf,0.0
smishing,ref 9307622,tfidf__ref 9307622,tfidf,0.0
smishing,refer,tfidf__refer,tfidf,0.0
smishing,refer to,tfidf__refer to,tfidf,0.0
smishing,registered optin,tfidf__registered optin,tfidf,0.0
smishing,registry,tfidf__registry,tfidf,0.0
smishing,registry rs,tfidf__registry rs,tfidf,0.0
smishing,regn,tfidf__regn,tfidf,0.0
smishing,regn ok,tfidf__regn ok,tfidf,0.0
smishing,remember,tfidf__remember,tfidf,0.0
smishing,reminder from,tfidf__reminder from,tfidf,0.0
smishing,renewing,tfidf__renewing,tfidf,0.0
smishing,renewing or,tfidf__renewing or,tfidf,0.0
smishing,reply end,tfidf__reply end,tfidf,0.0
smishing,reply lotr,tfidf__reply lotr,tfidf,0.0
smishing,reply now,tfidf__reply now,tfidf,0.0
smishing,reply sony,tfidf__reply sony,tfidf,0.0
smishing,reply themob,tfidf__reply themob,tfidf,0.0
smishing,reply this,tfidf__reply this,tfidf,0.0
smishing,reply tones2u,tfidf__reply tones2u,tfidf,0.0
smishing,request after,tfidf__request after,tfidf,0.0
smishing,require,tfidf__require,tfidf,0.0
smishing,resubmit,tfidf__resubmit,tfidf,0.0
smishing,resubmit request,tfidf__resubmit request,tfidf,0.0
smishing,results,tfidf__results,tfidf,0.0
smishing,results daily,tfidf__results daily,tfidf,0.0
smishing,return,tfidf__return,tfidf,0.0
smishing,return commercial,tfidf__return commercial,tfidf,0.0
smishing,return of,tfidf__return of,tfidf,0.0
smishing,reward if,tfidf__reward if,tfidf,0.0
smishing,reward is,tfidf__reward is,tfidf,0.0
smishing,reward just,tfidf__reward just,tfidf,0.0
smishing,ring,tfidf__ring,tfidf,0.0
smishing,rings,tfidf__rings,tfidf,0.0
smishing,rings return,tfidf__rings return,tfidf,0.0
smishing,ringtone or,tfidf__ringtone or,tfidf,0.0
smishing,ringtone your,tfidf__ringtone your,tfidf,0.0
smishing,ringtones,tfidf__ringtones,tfidf,0.0
smishing,ringtones games,tfidf__ringtones games,tfidf,0.0
smishing,ripped off,tfidf__ripped off,tfidf,0.0
smishing,rite,tfidf__rite,tfidf,0.0
smishing,rodds1,tfidf__rodds1,tfidf,0.0
smishing,round,tfidf__round,tfidf,0.0
smishing,row w1jhl,tfidf__row w1jhl,tfidf,0.0
smishing,rply tone,tfidf__rply tone,tfidf,0.0
smishing,rs 10,tfidf__rs 10,tfidf,0.0
smishing,rs50,tfidf__rs50,tfidf,0.0
smishing,rs50 extra,tfidf__rs50 extra,tfidf,0.0
smishing,rs650,tfidf__rs650,tfidf,0.0
smishing,rs650 vibration,tfidf__rs650 vibration,tfidf,0.0
smishing,rs999,tfidf__rs999,tfidf,0.0
smishing,rs999 ncr,tfidf__rs999 ncr,tfidf,0.0
smishing,sae box326,tfidf__sae box326,tfidf,0.0
smishing,sale,tfidf__sale,tfidf,0.0
smishing,sale arsenal,tfidf__sale arsenal,tfidf,0.0
smishing,sale in,tfidf__sale in,tfidf,0.0
smishing,santa,tfidf__santa,tfidf,0.0
smishing,santa calling,tfidf__santa calling,tfidf,0.0
smishing,santa xmas,tfidf__santa xmas,tfidf,0.0
smishing,sanya,tfidf__sanya,tfidf,0.0
smishing,sanya 0km,tfidf__sanya 0km,tfidf,0.0
smishing,satisfy,tfidf__satisfy,tfidf,0.0
smishing,sauna,tfidf__sauna,tfidf,0.0
smishing,sauna belt,tfidf__sauna belt,tfidf,0.0
smishing,sauna slim,tfidf__sauna slim,tfidf,0.0
smishing,savamob offers,tfidf__savamob offers,tfidf,0.0
smishing,say hi,tfidf__say hi,tfidf,0.0
smishing,scores,tfidf__scores,tfidf,0.0
smishing,scores with,tfidf__scores with,tfidf,0.0
smishing,season,tfidf__season,tfidf,0.0
smishing,season with,tfidf__season with,tfidf,0.0
smishing,sec 15,tfidf__sec 15,tfidf,0.0
smishing,sec 70,tfidf__sec 70,tfidf,0.0
smishing,sec 93,tfidf__sec 93,tfidf,0.0
smishing,second,tfidf__second,tfidf,0.0
smishing,security,tfidf__security,tfidf,0.0
smishing,see cost,tfidf__see cost,tfidf,0.0
smishing,selection,tfidf__selection,tfidf,0.0
smishing,selection of,tfidf__selection of,tfidf,0.0
smishing,self,tfidf__self,tfidf,0.0
smishing,send 50,tfidf__send 50,tfidf,0.0
smishing,send me,tfidf__send me,tfidf,0.0
smishing,send or,tfidf__send or,tfidf,0.0
smishing,send the,tfidf__send the,tfidf,0.0
smishing,sending,tfidf__sending,tfidf,0.0
smishing,sept,tfidf__sept,tfidf,0.0
smishing,service in,tfidf__service in,tfidf,0.0
smishing,shall,tfidf__shall,tfidf,0.0
smishing,she's,tfidf__she's,tfidf,0.0
smishing,shops,tfidf__shops,tfidf,0.0
smishing,shops in,tfidf__shops in,tfidf,0.0
smishing,shortcode,tfidf__shortcode,tfidf,0.0
smishing,shortcode urltoken,tfidf__shortcode urltoken,tfidf,0.0
smishing,shot,tfidf__shot,tfidf,0.0
smishing,shot from,tfidf__shot from,tfidf,0.0
smishing,should be,tfidf__should be,tfidf,0.0
smishing,show emailtoken,tfidf__show emailtoken,tfidf,0.0
smishing,simple,tfidf__simple,tfidf,0.0
smishing,simple shot,tfidf__simple shot,tfidf,0.0
smishing,simpsons,tfidf__simpsons,tfidf,0.0
smishing,simpsons movie,tfidf__simpsons movie,tfidf,0.0
smishing,sing now,tfidf__sing now,tfidf,0.0
smishing,sis,tfidf__sis,tfidf,0.0
smishing,six,tfidf__six,tfidf,0.0
smishing,six downloads,tfidf__six downloads,tfidf,0.0
smishing,sk3,tfidf__sk3,tfidf,0.0
smishing,sk3 8wp,tfidf__sk3 8wp,tfidf,0.0
smishing,skillgame,tfidf__skillgame,tfidf,0.0
smishing,skillgame 1winaweek,tfidf__skillgame 1winaweek,tfidf,0.0
smishing,sleep,tfidf__sleep,tfidf,0.0
smishing,slim,tfidf__slim,tfidf,0.0
smishing,slim belt,tfidf__slim belt,tfidf,0.0
smishing,smile,tfidf__smile,tfidf,0.0
smishing,smoke,tfidf__smoke,tfidf,0.0
smishing,sms for,tfidf__sms for,tfidf,0.0
smishing,sms messages,tfidf__sms messages,tfidf,0.0
smishing,sms ynd,tfidf__sms ynd,tfidf,0.0
smishing,snap,tfidf__snap,tfidf,0.0
smishing,some fun,tfidf__some fun,tfidf,0.0
smishing,song,tfidf__song,tfidf,0.0
smishing,song on,tfidf__song on,tfidf,0.0
smishing,songs,tfidf__songs,tfidf,0.0
smishing,sony mre,tfidf__sony mre,tfidf,0.0
smishing,sony nokia,tfidf__sony nokia,tfidf,0.0
smishing,sonyericsson,tfidf__sonyericsson,tfidf,0.0
smishing,sonyericsson nokia,tfidf__sonyericsson nokia,tfidf,0.0
smishing,soon agni,tfidf__soon agni,tfidf,0.0
smishing,sorry can,tfidf__sorry can,tfidf,0.0
smishing,sorry i'll,tfidf__sorry i'll,tfidf,0.0
smishing,sound,tfidf__sound,tfidf,0.0
smishing,sound now,tfidf__sound now,tfidf,0.0
smishing,sounds,tfidf__sounds,tfidf,0.0
smishing,sounds for,tfidf__sounds for,tfidf,0.0
smishing,soundtrack,tfidf__soundtrack,tfidf,0.0
smishing,soundtrack cds,tfidf__soundtrack cds,tfidf,0.0
smishing,space by,tfidf__space by,tfidf,0.0
smishing,spaze,tfidf__spaze,tfidf,0.0
smishing,spaze privy,tfidf__spaze privy,tfidf,0.0
smishing,special cinema,tfidf__special cinema,tfidf,0.0
smishing,special for,tfidf__special for,tfidf,0.0
smishing,speedchat,tfidf__speedchat,tfidf,0.0
smishing,sptv,tfidf__sptv,tfidf,0.0
smishing,sptv the,tfidf__sptv the,tfidf,0.0
smishing,sqft,tfidf__sqft,tfidf,0.0
smishing,sqft call,tfidf__sqft call,tfidf,0.0
smishing,square,tfidf__square,tfidf,0.0
smishing,square at,tfidf__square at,tfidf,0.0
smishing,star,tfidf__star,tfidf,0.0
smishing,star hotels,tfidf__star hotels,tfidf,0.0
smishing,stars,tfidf__stars,tfidf,0.0
smishing,stars with,tfidf__stars with,tfidf,0.0
smishing,start of,tfidf__start of,tfidf,0.0
smishing,starwars3,tfidf__starwars3,tfidf,0.0
smishing,starwars3 etc,tfidf__starwars3 etc,tfidf,0.0
smishing,station sec,tfidf__station sec,tfidf,0.0
smishing,staying,tfidf__staying,tfidf,0.0
smishing,std chgs,tfidf__std chgs,tfidf,0.0
smishing,std text,tfidf__std text,tfidf,0.0
smishing,stdtxtrate,tfidf__stdtxtrate,tfidf,0.0
smishing,stdtxtrate reply,tfidf__stdtxtrate reply,tfidf,0.0
smishing,still tb,tfidf__still tb,tfidf,0.0
smishing,stock quotes,tfidf__stock quotes,tfidf,0.0
smishing,stop msg,tfidf__stop msg,tfidf,0.0
smishing,stop txts,tfidf__stop txts,tfidf,0.0
smishing,stopsms,tfidf__stopsms,tfidf,0.0
smishing,stopsms 08718727870150ppm,tfidf__stopsms 08718727870150ppm,tfidf,0.0
smishing,store now,tfidf__store now,tfidf,0.0
smishing,strong,tfidf__strong,tfidf,0.0
smishing,study,tfidf__study,tfidf,0.0
smishing,sub 16,tfidf__sub 16,tfidf,0.0
smishing,subscribe,tfidf__subscribe,tfidf,0.0
smishing,subscriber ur,tfidf__subscriber ur,tfidf,0.0
smishing,suggest,tfidf__suggest,tfidf,0.0
smishing,suggest you,tfidf__suggest you,tfidf,0.0
smishing,suite 373,tfidf__suite 373,tfidf,0.0
smishing,summer,tfidf__summer,tfidf,0.0
smishing,sun0819,tfidf__sun0819,tfidf,0.0
smishing,sun0819 posts,tfidf__sun0819 posts,tfidf,0.0
smishing,super,tfidf__super,tfidf,0.0
smishing,suprman,tfidf__suprman,tfidf,0.0
smishing,suprman matrix3,tfidf__suprman matrix3,tfidf,0.0
smishing,surprise look,tfidf__surprise look,tfidf,0.0
smishing,suspend,tfidf__suspend,tfidf,0.0
smishing,suspend pay,tfidf__suspend pay,tfidf,0.0
smishing,swat,tfidf__swat,tfidf,0.0
smishing,swat this,tfidf__swat this,tfidf,0.0
smishing,swayamvara,tfidf__swayamvara,tfidf,0.0
smishing,t0day's,tfidf__t0day's,tfidf,0.0
smishing,t0day's draw,tfidf__t0day's draw,tfidf,0.0
smishing,tag,tfidf__tag,tfidf,0.0
smishing,take care,tfidf__take care,tfidf,0.0
smishing,talk to,tfidf__talk to,tfidf,0.0
smishing,tap,tfidf__tap,tfidf,0.0
smishing,tariffs latest,tfidf__tariffs latest,tfidf,0.0
smishing,tax return,tfidf__tax return,tfidf,0.0
smishing,tb ok,tfidf__tb ok,tfidf,0.0
smishing,tcs,tfidf__tcs,tfidf,0.0
smishing,tcs sae,tfidf__tcs sae,tfidf,0.0
smishing,tell you,tfidf__tell you,tfidf,0.0
smishing,term,tfidf__term,tfidf,0.0
smishing,term of,tfidf__term of,tfidf,0.0
smishing,text and,tfidf__text and,tfidf,0.0
smishing,text banneduk,tfidf__text banneduk,tfidf,0.0
smishing,text for,tfidf__text for,tfidf,0.0
smishing,text free,tfidf__text free,tfidf,0.0
smishing,text mad1,tfidf__text mad1,tfidf,0.0
smishing,text mad2,tfidf__text mad2,tfidf,0.0
smishing,text me,tfidf__text me,tfidf,0.0
smishing,text ok,tfidf__text ok,tfidf,0.0
smishing,text rally,tfidf__text rally,tfidf,0.0
smishing,text to,tfidf__text to,tfidf,0.0
smishing,text tone,tfidf__text tone,tfidf,0.0
smishing,text urltoken,tfidf__text urltoken,tfidf,0.0
smishing,text with,tfidf__text with,tfidf,0.0
smishing,textpod,tfidf__textpod,tfidf,0.0
smishing,textpod chance,tfidf__textpod chance,tfidf,0.0
smishing,than 60,tfidf__than 60,tfidf,0.0
smishing,thanks to,tfidf__thanks to,tfidf,0.0
smishing,that is,tfidf__that is,tfidf,0.0
smishing,that will,tfidf__that will,tfidf,0.0
smishing,that your,tfidf__that your,tfidf,0.0
smishing,the 000,tfidf__the 000,tfidf,0.0
smishing,the accident,tfidf__the accident,tfidf,0.0
smishing,the address,tfidf__the address,tfidf,0.0
smishing,the band,tfidf__the band,tfidf,0.0
smishing,the bank,tfidf__the bank,tfidf,0.0
smishing,the bbc,tfidf__the bbc,tfidf,0.0
smishing,the crazy,tfidf__the crazy,tfidf,0.0
smishing,the detroit,tfidf__the detroit,tfidf,0.0
smishing,the film,tfidf__the film,tfidf,0.0
smishing,the free,tfidf__the free,tfidf,0.0
smishing,the ladies,tfidf__the ladies,tfidf,0.0
smishing,the lines,tfidf__the lines,tfidf,0.0
smishing,the mob,tfidf__the mob,tfidf,0.0
smishing,the original,tfidf__the original,tfidf,0.0
smishing,the rings,tfidf__the rings,tfidf,0.0
smishing,the simpsons,tfidf__the simpsons,tfidf,0.0
smishing,the stars,tfidf__the stars,tfidf,0.0
smishing,the start,tfidf__the start,tfidf,0.0
smishing,the time,tfidf__the time,tfidf,0.0
smishing,the top,tfidf__the top,tfidf,0.0
smishing,the uk,tfidf__the uk,tfidf,0.0
smishing,the vote,tfidf__the vote,tfidf,0.0
smishing,the weekend,tfidf__the weekend,tfidf,0.0
smishing,the wrc,tfidf__the wrc,tfidf,0.0
smishing,themob,tfidf__themob,tfidf,0.0
smishing,themob help,tfidf__themob help,tfidf,0.0
smishing,there darling,tfidf__there darling,tfidf,0.0
smishing,there embody,tfidf__there embody,tfidf,0.0
smishing,think you,tfidf__think you,tfidf,0.0
smishing,this much,tfidf__this much,tfidf,0.0
smishing,this text,tfidf__this text,tfidf,0.0
smishing,this weekend,tfidf__this weekend,tfidf,0.0
smishing,this wkend,tfidf__this wkend,tfidf,0.0
smishing,those,tfidf__those,tfidf,0.0
smishing,tickets call,tfidf__tickets call,tfidf,0.0
smishing,time calls1,tfidf__time calls1,tfidf,0.0
smishing,times,tfidf__times,tfidf,0.0
smishing,times universal,tfidf__times universal,tfidf,0.0
smishing,title,tfidf__title,tfidf,0.0
smishing,title to,tfidf__title to,tfidf,0.0
smishing,tnc,tfidf__tnc,tfidf,0.0
smishing,to 61200,tfidf__to 61200,tfidf,0.0
smishing,to 80086,tfidf__to 80086,tfidf,0.0
smishing,to 80182,tfidf__to 80182,tfidf,0.0
smishing,to 80488,tfidf__to 80488,tfidf,0.0
smishing,to 83370,tfidf__to 83370,tfidf,0.0
smishing,to 83383,tfidf__to 83383,tfidf,0.0
smishing,to 84025,tfidf__to 84025,tfidf,0.0
smishing,to 84128,tfidf__to 84128,tfidf,0.0
smishing,to 84199,tfidf__to 84199,tfidf,0.0
smishing,to 87021,tfidf__to 87021,tfidf,0.0
smishing,to achieve,tfidf__to achieve,tfidf,0.0
smishing,to all,tfidf__to all,tfidf,0.0
smishing,to another,tfidf__to another,tfidf,0.0
smishing,to ascertain,tfidf__to ascertain,tfidf,0.0
smishing,to bid,tfidf__to bid,tfidf,0.0
smishing,to book,tfidf__to book,tfidf,0.0
smishing,to buy,tfidf__to buy,tfidf,0.0
smishing,to call,tfidf__to call,tfidf,0.0
smishing,to come,tfidf__to come,tfidf,0.0
smishing,to convey,tfidf__to convey,tfidf,0.0
smishing,to email,tfidf__to email,tfidf,0.0
smishing,to euro2004,tfidf__to euro2004,tfidf,0.0
smishing,to exact,tfidf__to exact,tfidf,0.0
smishing,to give,tfidf__to give,tfidf,0.0
smishing,to good,tfidf__to good,tfidf,0.0
smishing,to incur,tfidf__to incur,tfidf,0.0
smishing,to notify,tfidf__to notify,tfidf,0.0
smishing,to order,tfidf__to order,tfidf,0.0
smishing,to pg,tfidf__to pg,tfidf,0.0
smishing,to rcv,tfidf__to rcv,tfidf,0.0
smishing,to renewing,tfidf__to renewing,tfidf,0.0
smishing,to send,tfidf__to send,tfidf,0.0
smishing,to succeed,tfidf__to succeed,tfidf,0.0
smishing,to suggest,tfidf__to suggest,tfidf,0.0
smishing,to violet,tfidf__to violet,tfidf,0.0
smishing,today's offer,tfidf__today's offer,tfidf,0.0
smishing,todays hindustan,tfidf__todays hindustan,tfidf,0.0
smishing,together,tfidf__together,tfidf,0.0
smishing,tomo,tfidf__tomo,tfidf,0.0
smishing,tomorrow with,tfidf__tomorrow with,tfidf,0.0
smishing,tone charity,tfidf__tone charity,tfidf,0.0
smishing,tone dracula,tfidf__tone dracula,tfidf,0.0
smishing,tone or,tfidf__tone or,tfidf,0.0
smishing,tone reply,tfidf__tone reply,tfidf,0.0
smishing,tone title,tfidf__tone title,tfidf,0.0
smishing,tones 4u,tfidf__tones 4u,tfidf,0.0
smishing,tones include,tfidf__tones include,tfidf,0.0
smishing,tones2u,tfidf__tones2u,tfidf,0.0
smishing,tones2u this,tfidf__tones2u this,tfidf,0.0
smishing,took,tfidf__took,tfidf,0.0
smishing,top quality,tfidf__top quality,tfidf,0.0
smishing,track,tfidf__track,tfidf,0.0
smishing,track your,tfidf__track your,tfidf,0.0
smishing,treat,tfidf__treat,tfidf,0.0
smishing,trebles,tfidf__trebles,tfidf,0.0
smishing,true pix,tfidf__true pix,tfidf,0.0
smishing,truly,tfidf__truly,tfidf,0.0
smishing,truly special,tfidf__truly special,tfidf,0.0
smishing,tulip,tfidf__tulip,tfidf,0.0
smishing,tulip lily,tfidf__tulip lily,tfidf,0.0
smishing,turn,tfidf__turn,tfidf,0.0
smishing,tv channels,tfidf__tv channels,tfidf,0.0
smishing,tv urltoken,tfidf__tv urltoken,tfidf,0.0
smishing,txt nok,tfidf__txt nok,tfidf,0.0
smishing,txt play,tfidf__txt play,tfidf,0.0
smishing,txt pod,tfidf__txt pod,tfidf,0.0
smishing,txt tone,tfidf__txt tone,tfidf,0.0
smishing,txts 6monthsavailable,tfidf__txts 6monthsavailable,tfidf,0.0
smishing,txts on,tfidf__txts on,tfidf,0.0
smishing,txtx,tfidf__txtx,tfidf,0.0
smishing,txtx or,tfidf__txtx or,tfidf,0.0
smishing,type,tfidf__type,tfidf,0.0
smishing,uk for,tfidf__uk for,tfidf,0.0
smishing,uk's fastest,tfidf__uk's fastest,tfidf,0.0
smishing,unauthorized,tfidf__unauthorized,tfidf,0.0
smishing,unitech,tfidf__unitech,tfidf,0.0
smishing,unitech offers,tfidf__unitech offers,tfidf,0.0
smishing,united,tfidf__united,tfidf,0.0
smishing,united kingdom,tfidf__united kingdom,tfidf,0.0
smishing,universal,tfidf__universal,tfidf,0.0
smishing,universal group,tfidf__universal group,tfidf,0.0
smishing,unloosen on,tfidf__unloosen on,tfidf,0.0
smishing,unsubscribe yet,tfidf__unsubscribe yet,tfidf,0.0
smishing,up ur,tfidf__up ur,tfidf,0.0
smishing,upgrade for,tfidf__upgrade for,tfidf,0.0
smishing,upgrdcentre orange,tfidf__upgrdcentre orange,tfidf,0.0
smishing,ur 250,tfidf__ur 250,tfidf,0.0
smishing,ur club,tfidf__ur club,tfidf,0.0
smishing,ur draw,tfidf__ur draw,tfidf,0.0
smishing,ur fone,tfidf__ur fone,tfidf,0.0
smishing,ur grant,tfidf__ur grant,tfidf,0.0
smishing,ur m8s,tfidf__ur m8s,tfidf,0.0
smishing,urgent call,tfidf__urgent call,tfidf,0.0
smishing,urgent message,tfidf__urgent message,tfidf,0.0
smishing,urgent this,tfidf__urgent this,tfidf,0.0
smishing,urgent ur,tfidf__urgent ur,tfidf,0.0
smishing,urltoken 18,tfidf__urltoken 18,tfidf,0.0
smishing,urltoken agni,tfidf__urltoken agni,tfidf,0.0
smishing,urltoken apply,tfidf__urltoken apply,tfidf,0.0
smishing,urltoken book,tfidf__urltoken book,tfidf,0.0
smishing,urltoken call,tfidf__urltoken call,tfidf,0.0
smishing,urltoken custcare,tfidf__urltoken custcare,tfidf,0.0
smishing,urltoken dear,tfidf__urltoken dear,tfidf,0.0
smishing,urltoken get,tfidf__urltoken get,tfidf,0.0
smishing,urltoken itcould,tfidf__urltoken itcould,tfidf,0.0
smishing,urltoken mobile,tfidf__urltoken mobile,tfidf,0.0
smishing,urltoken now,tfidf__urltoken now,tfidf,0.0
smishing,urltoken ph,tfidf__urltoken ph,tfidf,0.0
smishing,urltoken pobox36504w45wq,tfidf__urltoken pobox36504w45wq,tfidf,0.0
smishing,urltoken skillgame,tfidf__urltoken skillgame,tfidf,0.0
smishing,urltoken sms,tfidf__urltoken sms,tfidf,0.0
smishing,use sauna,tfidf__use sauna,tfidf,0.0
smishing,use web2mobile,tfidf__use web2mobile,tfidf,0.0
smishing,used on,tfidf__used on,tfidf,0.0
smishing,using,tfidf__using,tfidf,0.0
smishing,valid name,tfidf__valid name,tfidf,0.0
smishing,vary,tfidf__vary,tfidf,0.0
smishing,vary from,tfidf__vary from,tfidf,0.0
smishing,vary service,tfidf__vary service,tfidf,0.0
smishing,via access,tfidf__via access,tfidf,0.0
smishing,vibration,tfidf__vibration,tfidf,0.0
smishing,vibration belt,tfidf__vibration belt,tfidf,0.0
smishing,vibration sauna,tfidf__vibration sauna,tfidf,0.0
smishing,video camera,tfidf__video camera,tfidf,0.0
smishing,video phone750,tfidf__video phone750,tfidf,0.0
smishing,villa,tfidf__villa,tfidf,0.0
smishing,villa to,tfidf__villa to,tfidf,0.0
smishing,village,tfidf__village,tfidf,0.0
smishing,village 83118,tfidf__village 83118,tfidf,0.0
smishing,violet,tfidf__violet,tfidf,0.0
smishing,violet tulip,tfidf__violet tulip,tfidf,0.0
smishing,vishal,tfidf__vishal,tfidf,0.0
smishing,vishal batra,tfidf__vishal batra,tfidf,0.0
smishing,voicemail,tfidf__voicemail,tfidf,0.0
smishing,voicemail please,tfidf__voicemail please,tfidf,0.0
smishing,vote,tfidf__vote,tfidf,0.0
smishing,vote now,tfidf__vote now,tfidf,0.0
smishing,voucher call,tfidf__voucher call,tfidf,0.0
smishing,vouchers text,tfidf__vouchers text,tfidf,0.0
smishing,w1j,tfidf__w1j,tfidf,0.0
smishing,w1j 6hl,tfidf__w1j 6hl,tfidf,0.0
smishing,w1jhl,tfidf__w1jhl,tfidf,0.0
smishing,w1jhl 16,tfidf__w1jhl 16,tfidf,0.0
smishing,wait for,tfidf__wait for,tfidf,0.0
smishing,wake,tfidf__wake,tfidf,0.0
smishing,walk,tfidf__walk,tfidf,0.0
smishing,wallet,tfidf__wallet,tfidf,0.0
smishing,wallet has,tfidf__wallet has,tfidf,0.0
smishing,wan2 win,tfidf__wan2 win,tfidf,0.0
smishing,wanna cum,tfidf__wanna cum,tfidf,0.0
smishing,want 750,tfidf__want 750,tfidf,0.0
smishing,warner,tfidf__warner,tfidf,0.0
smishing,warner village,tfidf__warner village,tfidf,0.0
smishing,watch live,tfidf__watch live,tfidf,0.0
smishing,way to,tfidf__way to,tfidf,0.0
smishing,web2mobile,tfidf__web2mobile,tfidf,0.0
smishing,web2mobile ur,tfidf__web2mobile ur,tfidf,0.0
smishing,week 16,tfidf__week 16,tfidf,0.0
smishing,week call,tfidf__week call,tfidf,0.0
smishing,week entry,tfidf__week entry,tfidf,0.0
smishing,week's now,tfidf__week's now,tfidf,0.0
smishing,weekend urltoken,tfidf__weekend urltoken,tfidf,0.0
smishing,weekend we,tfidf__weekend we,tfidf,0.0
smishing,weekend's,tfidf__weekend's,tfidf,0.0
smishing,weekly comp,tfidf__weekly comp,tfidf,0.0
smishing,weekly competition,tfidf__weekly competition,tfidf,0.0
smishing,weekly cool,tfidf__weekly cool,tfidf,0.0
smishing,weekly new,tfidf__weekly new,tfidf,0.0
smishing,weeks new,tfidf__weeks new,tfidf,0.0
smishing,weeks pls,tfidf__weeks pls,tfidf,0.0
smishing,what do,tfidf__what do,tfidf,0.0
smishing,what flower,tfidf__what flower,tfidf,0.0
smishing,what it,tfidf__what it,tfidf,0.0
smishing,what time,tfidf__what time,tfidf,0.0
smishing,what's,tfidf__what's,tfidf,0.0
smishing,whats no1,tfidf__whats no1,tfidf,0.0
smishing,which you,tfidf__which you,tfidf,0.0
smishing,who embody,tfidf__who embody,tfidf,0.0
smishing,why not,tfidf__why not,tfidf,0.0
smishing,wid ur,tfidf__wid ur,tfidf,0.0
smishing,will call,tfidf__will call,tfidf,0.0
smishing,win 40gb,tfidf__win 40gb,tfidf,0.0
smishing,win lotr,tfidf__win lotr,tfidf,0.0
smishing,win meet,tfidf__win meet,tfidf,0.0
smishing,win tickets,tfidf__win tickets,tfidf,0.0
smishing,win to,tfidf__win to,tfidf,0.0
smishing,wings,tfidf__wings,tfidf,0.0
smishing,winner have,tfidf__winner have,tfidf,0.0
smishing,with 2wks,tfidf__with 2wks,tfidf,0.0
smishing,with 30000,tfidf__with 30000,tfidf,0.0
smishing,with 7634,tfidf__with 7634,tfidf,0.0
smishing,with assured,tfidf__with assured,tfidf,0.0
smishing,with karaoke,tfidf__with karaoke,tfidf,0.0
smishing,with lucozade,tfidf__with lucozade,tfidf,0.0
smishing,with simple,tfidf__with simple,tfidf,0.0
smishing,with sing,tfidf__with sing,tfidf,0.0
smishing,with weekly,tfidf__with weekly,tfidf,0.0
smishing,with yes,tfidf__with yes,tfidf,0.0
smishing,within 24,tfidf__within 24,tfidf,0.0
smishing,wiv,tfidf__wiv,tfidf,0.0
smishing,wk box139,tfidf__wk box139,tfidf,0.0
smishing,wkend,tfidf__wkend,tfidf,0.0
smishing,wkend warner,tfidf__wkend warner,tfidf,0.0
smishing,won play,tfidf__won play,tfidf,0.0
smishing,won't,tfidf__won't,tfidf,0.0
smishing,word back,tfidf__word back,tfidf,0.0
smishing,word enter,tfidf__word enter,tfidf,0.0
smishing,word win,tfidf__word win,tfidf,0.0
smishing,words,tfidf__words,tfidf,0.0
smishing,would you,tfidf__would you,tfidf,0.0
smishing,would your,tfidf__would your,tfidf,0.0
smishing,wrc,tfidf__wrc,tfidf,0.0
smishing,wrc rally,tfidf__wrc rally,tfidf,0.0
smishing,x29,tfidf__x29,tfidf,0.0
smishing,x29 your,tfidf__x29 your,tfidf,0.0
smishing,xmas eve,tfidf__xmas eve,tfidf,0.0
smishing,xmas iscoming,tfidf__xmas iscoming,tfidf,0.0
smishing,xmas offer,tfidf__xmas offer,tfidf,0.0
smishing,xmas prize,tfidf__xmas prize,tfidf,0.0
smishing,xmas reward,tfidf__xmas reward,tfidf,0.0
smishing,xxx std,tfidf__xxx std,tfidf,0.0
smishing,xxxx,tfidf__xxxx,tfidf,0.0
smishing,xxxx are,tfidf__xxxx are,tfidf,0.0
smishing,yards,tfidf__yards,tfidf,0.0
smishing,yards from,tfidf__yards from,tfidf,0.0
smishing,year special,tfidf__year special,tfidf,0.0
smishing,yer,tfidf__yer,tfidf,0.0
smishing,yer mobile,tfidf__yer mobile,tfidf,0.0
smishing,yes 440,tfidf__yes 440,tfidf,0.0
smishing,yet the,tfidf__yet the,tfidf,0.0
smishing,yield,tfidf__yield,tfidf,0.0
smishing,ynd,tfidf__ynd,tfidf,0.0
smishing,ynd 53030,tfidf__ynd 53030,tfidf,0.0
smishing,yo,tfidf__yo,tfidf,0.0
smishing,yoko,tfidf__yoko,tfidf,0.0
smishing,yoko call,tfidf__yoko call,tfidf,0.0
smishing,you doing,tfidf__you doing,tfidf,0.0
smishing,you enjoy,tfidf__you enjoy,tfidf,0.0
smishing,you from,tfidf__you from,tfidf,0.0
smishing,you guys,tfidf__you guys,tfidf,0.0
smishing,you had,tfidf__you had,tfidf,0.0
smishing,you let,tfidf__you let,tfidf,0.0
smishing,you like,tfidf__you like,tfidf,0.0
smishing,you our,tfidf__you our,tfidf,0.0
smishing,you paytm,tfidf__you paytm,tfidf,0.0
smishing,you pc,tfidf__you pc,tfidf,0.0
smishing,you time,tfidf__you time,tfidf,0.0
smishing,you were,tfidf__you were,tfidf,0.0
smishing,your 900,tfidf__your 900,tfidf,0.0
smishing,your account,tfidf__your account,tfidf,0.0
smishing,your amount,tfidf__your amount,tfidf,0.0
smishing,your award,tfidf__your award,tfidf,0.0
smishing,your blackberry,tfidf__your blackberry,tfidf,0.0
smishing,your complimentary,tfidf__your complimentary,tfidf,0.0
smishing,your final,tfidf__your final,tfidf,0.0
smishing,your information,tfidf__your information,tfidf,0.0
smishing,your kyc,tfidf__your kyc,tfidf,0.0
smishing,your landline,tfidf__your landline,tfidf,0.0
smishing,your little,tfidf__your little,tfidf,0.0
smishing,your login,tfidf__your login,tfidf,0.0
smishing,your name,tfidf__your name,tfidf,0.0
smishing,your order,tfidf__your order,tfidf,0.0
smishing,your pay2tmkyc,tfidf__your pay2tmkyc,tfidf,0.0
smishing,your portfolio,tfidf__your portfolio,tfidf,0.0
smishing,your prize,tfidf__your prize,tfidf,0.0
smishing,your pyatm,tfidf__your pyatm,tfidf,0.0
smishing,your tenerife,tfidf__your tenerife,tfidf,0.0
smishing,your time,tfidf__your time,tfidf,0.0
smishing,your valid,tfidf__your valid,tfidf,0.0
smishing,your weekly,tfidf__your weekly,tfidf,0.0
smishing,yr prize,tfidf__yr prize,tfidf,0.0
smishing,yrs interest,tfidf__yrs interest,tfidf,0.0
smishing,zed phonetoken,tfidf__zed phonetoken,tfidf,0.0
